2026-08-11 01:09:09 INFO     cleanup_engine: Attempting to acquire cleanup lock for account 070640552464
2026-08-11 01:09:09 INFO     cleanup_engine: Cleanup lock acquired for account 070640552464
2026-08-11 01:09:09 INFO     cleanup_engine: ======================================================================
2026-08-11 01:09:09 INFO     cleanup_engine: Starting cleanup for account 070640552464
2026-08-11 01:09:09 INFO     cleanup_engine: Role: OrganizationAccountAccessRole
2026-08-11 01:09:09 INFO     cleanup_engine: Regions: us-east-1
2026-08-11 01:09:09 INFO     cleanup_engine: Dry run: True
2026-08-11 01:09:09 INFO     cleanup_engine: ======================================================================
2026-08-11 01:09:09 INFO     cleanup_engine: Generated aws-nuke config: logs/runtime/070640552464/nuke-config.yaml
2026-08-11 01:09:09 INFO     cleanup_engine: --- Account 070640552464 / region us-east-1 ---
2026-08-11 01:09:10 INFO     cleanup_engine: STS account verification passed: 070640552464
2026-08-11 01:09:11 INFO     orchestrator: Starting cleanup run for account 070640552464 in us-east-1
2026-08-11 01:09:11 INFO     orchestrator: Discovered 16 service plugins: apigateway, application-autoscaling, autoscaling, cloudformation, ec2, ecr, ecs, eks, elasticbeanstalk, elb, eventbridge, iam, kms, lambda, rds, s3
2026-08-11 01:09:11 INFO     orchestrator: PHASE 1 - Inventory
2026-08-11 01:09:11 INFO     services.apigateway: [DISCOVER]  Scanning API Gateway (REST + HTTP/WebSocket) resources ...
2026-08-11 01:09:11 INFO     services.application-autoscaling: [DISCOVER]  Scanning Application Auto Scaling across 15 service namespaces ...
2026-08-11 01:09:11 INFO     services.autoscaling: [DISCOVER]  Scanning Auto Scaling groups and launch configurations ...
2026-08-11 01:09:11 INFO     services.cloudformation: [DISCOVER]  Scanning CloudFormation stacks ...
2026-08-11 01:09:11 INFO     services.ec2: [DISCOVER]  Scanning EC2 instances, volumes, snapshots, and networking resources ...
2026-08-11 01:09:11 INFO     services.ecr: [DISCOVER]  Scanning ECR repositories ...
2026-08-11 01:09:11 INFO     services.ecs: [DISCOVER]  Scanning ECS clusters, services, tasks, container instances, and task definitions ...
2026-08-11 01:09:11 INFO     services.eks: [DISCOVER]  Scanning EKS clusters and their node groups, Fargate profiles, and add-ons ...
2026-08-11 01:09:11 INFO     services.elasticbeanstalk: [DISCOVER]  Scanning Elastic Beanstalk applications, environments, versions, and configuration templates ...
2026-08-11 01:09:11 INFO     services.elb: [DISCOVER]  Scanning ELB (v2 + classic) load balancers and target groups ...
2026-08-11 01:09:11 INFO     services.eventbridge: [DISCOVER]  Scanning EventBridge buses, rules, archives, and schema registries ...
2026-08-11 01:09:11 INFO     services.iam: [DISCOVER]  Scanning IAM roles, policies, instance profiles, users, and groups ...
2026-08-11 01:09:11 INFO     services.kms: [DISCOVER]  Scanning KMS customer managed keys and aliases ...
2026-08-11 01:09:11 INFO     services.lambda: [DISCOVER]  Scanning Lambda functions, event source mappings, and layer versions ...
2026-08-11 01:09:11 INFO     services.rds: [DISCOVER]  Scanning RDS clusters and instances ...
2026-08-11 01:09:11 INFO     services.s3: [DISCOVER]  Scanning S3 buckets ...
2026-08-11 01:09:12 INFO     services.elasticbeanstalk: [DISCOVER]  Found 0 applications, 0 environments, 0 application versions, 0 configuration templates
2026-08-11 01:09:12 INFO     services.s3: [DISCOVER]  Found 0 buckets
2026-08-11 01:09:12 INFO     services.cloudformation: [DISCOVER]  Found 0 stacks
2026-08-11 01:09:12 INFO     services.eks: [DISCOVER]  Found 0 clusters, 0 node groups, 0 Fargate profiles, 0 add-ons, 0 access entries
2026-08-11 01:09:12 INFO     services.ecr: [DISCOVER]  Found 0 repositories
2026-08-11 01:09:12 INFO     services.ecs: [DISCOVER]  Found 0 clusters, 0 services, 0 standalone tasks, 0 container instances, 0 active task definitions
2026-08-11 01:09:12 INFO     services.kms: [DISCOVER]  Found 0 customer managed keys, 0 aliases (0 AWS managed keys excluded -- not customer-deletable)
2026-08-11 01:09:12 INFO     services.autoscaling: [DISCOVER]  Found 0 Auto Scaling groups, 0 launch configurations
2026-08-11 01:09:13 INFO     services.lambda: [DISCOVER]  Found 0 functions, 0 event source mappings, 0 layer versions
2026-08-11 01:09:13 INFO     services.elb: [DISCOVER]  Found 0 v2 load balancers, 0 target groups, 0 classic load balancers
2026-08-11 01:09:13 INFO     services.rds: [DISCOVER]  Found 1 DB clusters and 1 DB instances
2026-08-11 01:09:13 INFO     services.eventbridge: [DISCOVER]  Found 0 custom event buses, 0 rules, 0 archives, 0 custom schema registries, 0 schemas
2026-08-11 01:09:15 INFO     services.iam: [DISCOVER]  Protecting currently-assumed role 'OrganizationAccountAccessRole' from deletion
2026-08-11 01:09:15 INFO     services.iam: [DISCOVER]  Found 0 deletable roles, 2 deletable customer-managed policies, 0 instance profiles, 1 users, 0 groups
2026-08-11 01:09:15 INFO     services.ec2: [DISCOVER]  Found 0 instances, 0 volumes, 0 snapshots, 0 networking resources
2026-08-11 01:09:20 INFO     services.apigateway: [DISCOVER]  Found API Gateway resources: {}
2026-08-11 01:09:27 INFO     services.application-autoscaling: [DISCOVER]  Found 0 scalable targets, 0 scaling policies, 0 scheduled actions
2026-08-11 01:09:27 INFO     orchestrator: Inventory written to logs/reports/070640552464/us-east-1/inventory.json
2026-08-11 01:09:27 INFO     orchestrator: PHASE 2 - Custom cleanup
2026-08-11 01:09:27 INFO     orchestrator: Cleaning up service: apigateway
2026-08-11 01:09:27 INFO     services.apigateway: [CLEANUP]   No API Gateway resources to delete
2026-08-11 01:09:27 INFO     orchestrator: Cleaning up service: application-autoscaling
2026-08-11 01:09:27 INFO     services.application-autoscaling: [CLEANUP]   No Application Auto Scaling resources to delete
2026-08-11 01:09:27 INFO     orchestrator: Cleaning up service: autoscaling
2026-08-11 01:09:27 INFO     services.autoscaling: [CLEANUP]   No Auto Scaling resources to delete
2026-08-11 01:09:27 INFO     orchestrator: Cleaning up service: cloudformation
2026-08-11 01:09:27 INFO     services.cloudformation: [CLEANUP]   No CloudFormation stacks to delete
2026-08-11 01:09:27 INFO     orchestrator: Cleaning up service: ec2
2026-08-11 01:09:27 INFO     services.ec2: [CLEANUP]   No EC2 resources to delete
2026-08-11 01:09:27 INFO     orchestrator: Cleaning up service: ecr
2026-08-11 01:09:27 INFO     services.ecr: [CLEANUP]   No ECR resources to delete
2026-08-11 01:09:27 INFO     orchestrator: Cleaning up service: ecs
2026-08-11 01:09:27 INFO     services.ecs: [CLEANUP]   No ECS resources to delete
2026-08-11 01:09:27 INFO     orchestrator: Cleaning up service: eks
2026-08-11 01:09:27 INFO     services.eks: [CLEANUP]   No EKS resources to delete
2026-08-11 01:09:27 INFO     orchestrator: Cleaning up service: elasticbeanstalk
2026-08-11 01:09:27 INFO     services.elasticbeanstalk: [CLEANUP]   No Elastic Beanstalk resources to delete
2026-08-11 01:09:27 INFO     orchestrator: Cleaning up service: elb
2026-08-11 01:09:27 INFO     services.elb: [CLEANUP]   No ELB resources to delete
2026-08-11 01:09:27 INFO     orchestrator: Cleaning up service: eventbridge
2026-08-11 01:09:27 INFO     services.eventbridge: [CLEANUP]   No EventBridge resources to delete
2026-08-11 01:09:27 INFO     orchestrator: Cleaning up service: iam
2026-08-11 01:09:27 INFO     services.iam: [CLEANUP]   [DRY-RUN] Would delete IAM policy DefaultIamPolicy
2026-08-11 01:09:27 INFO     services.iam: [CLEANUP]   [DRY-RUN] Would delete IAM policy CoderCreatedIdentityBoundary
2026-08-11 01:09:27 INFO     services.iam: [CLEANUP]   [DRY-RUN] Would delete IAM user Coder
2026-08-11 01:09:27 INFO     orchestrator: Cleaning up service: kms
2026-08-11 01:09:27 INFO     services.kms: [CLEANUP]   No KMS resources to delete
2026-08-11 01:09:27 INFO     orchestrator: Cleaning up service: lambda
2026-08-11 01:09:27 INFO     services.lambda: [CLEANUP]   No Lambda resources to delete
2026-08-11 01:09:27 INFO     orchestrator: Cleaning up service: rds
2026-08-11 01:09:27 INFO     services.rds: [CLEANUP]   [DRY-RUN] Would delete RDS resource database-1-instance-1
2026-08-11 01:09:27 INFO     services.rds: [CLEANUP]   [DRY-RUN] Would delete RDS resource database-1
2026-08-11 01:09:27 INFO     orchestrator: Cleaning up service: s3
2026-08-11 01:09:27 INFO     services.s3: [CLEANUP]   No S3 buckets to delete
2026-08-11 01:09:27 INFO     orchestrator: PHASE 3 - Pre aws-nuke verification
2026-08-11 01:09:27 INFO     services.apigateway: [VERIFY]    Verifying API Gateway is clean ...
2026-08-11 01:09:27 INFO     services.application-autoscaling: [VERIFY]    Verifying Application Auto Scaling is clean ...
2026-08-11 01:09:27 INFO     services.autoscaling: [VERIFY]    Verifying Auto Scaling is clean ...
2026-08-11 01:09:27 INFO     services.cloudformation: [VERIFY]    Verifying CloudFormation is clean ...
2026-08-11 01:09:27 INFO     services.ec2: [VERIFY]    Verifying EC2 is clean ...
2026-08-11 01:09:27 INFO     services.ecr: [VERIFY]    Verifying ECR is clean ...
2026-08-11 01:09:27 INFO     services.ecs: [VERIFY]    Verifying ECS is clean ...
2026-08-11 01:09:27 INFO     services.eks: [VERIFY]    Verifying EKS is clean ...
2026-08-11 01:09:27 INFO     services.elasticbeanstalk: [VERIFY]    Verifying Elastic Beanstalk is clean ...
2026-08-11 01:09:27 INFO     services.elb: [VERIFY]    Verifying ELB (v2 + classic) is clean ...
2026-08-11 01:09:28 INFO     services.eventbridge: [VERIFY]    Verifying EventBridge is clean ...
2026-08-11 01:09:28 INFO     services.iam: [VERIFY]    Verifying IAM is clean ...
2026-08-11 01:09:28 INFO     services.kms: [VERIFY]    Verifying KMS is clean (or all customer keys scheduled for deletion) ...
2026-08-11 01:09:28 INFO     services.lambda: [VERIFY]    Verifying Lambda is clean ...
2026-08-11 01:09:28 INFO     services.rds: [VERIFY]    Verifying RDS is clean ...
2026-08-11 01:09:28 INFO     services.s3: [VERIFY]    Verifying S3 is clean ...
2026-08-11 01:09:28 INFO     services.elasticbeanstalk: [VERIFY]    Elastic Beanstalk clean
2026-08-11 01:09:28 INFO     services.ecr: [VERIFY]    ECR clean
2026-08-11 01:09:28 INFO     services.eks: [VERIFY]    EKS clean
2026-08-11 01:09:28 INFO     services.s3: [VERIFY]    S3 clean
2026-08-11 01:09:28 INFO     services.cloudformation: [VERIFY]    CloudFormation clean
2026-08-11 01:09:28 INFO     services.rds: [VERIFY]    RDS FAIL - 2 resources remain
2026-08-11 01:09:28 INFO     services.elb: [VERIFY]    ELB clean
2026-08-11 01:09:28 INFO     services.lambda: [VERIFY]    Lambda clean
2026-08-11 01:09:29 INFO     services.ecs: [VERIFY]    ECS clean
2026-08-11 01:09:29 INFO     services.kms: [VERIFY]    KMS clean (0 customer keys scheduled for deletion, pending their waiting period)
2026-08-11 01:09:29 INFO     services.autoscaling: [VERIFY]    Auto Scaling clean
2026-08-11 01:09:29 INFO     services.iam: [VERIFY]    IAM FAIL - 3 resources remain
2026-08-11 01:09:30 INFO     services.ec2: [VERIFY]    EC2 clean
2026-08-11 01:09:30 INFO     services.eventbridge: [VERIFY]    EventBridge clean
2026-08-11 01:09:30 INFO     services.apigateway: [VERIFY]    API Gateway clean
2026-08-11 01:09:45 INFO     services.application-autoscaling: [VERIFY]    Application Auto Scaling clean
2026-08-11 01:09:45 INFO     orchestrator: [VERIFY]    Verification pass 1/5 found remaining resources in ['rds', 'iam']; retrying in 15s
2026-08-11 01:10:00 INFO     services.apigateway: [VERIFY]    Verifying API Gateway is clean ...
2026-08-11 01:10:00 INFO     services.application-autoscaling: [VERIFY]    Verifying Application Auto Scaling is clean ...
2026-08-11 01:10:00 INFO     services.autoscaling: [VERIFY]    Verifying Auto Scaling is clean ...
2026-08-11 01:10:00 INFO     services.cloudformation: [VERIFY]    Verifying CloudFormation is clean ...
2026-08-11 01:10:00 INFO     services.ec2: [VERIFY]    Verifying EC2 is clean ...
2026-08-11 01:10:00 INFO     services.ecr: [VERIFY]    Verifying ECR is clean ...
2026-08-11 01:10:00 INFO     services.ecs: [VERIFY]    Verifying ECS is clean ...
2026-08-11 01:10:00 INFO     services.eks: [VERIFY]    Verifying EKS is clean ...
2026-08-11 01:10:00 INFO     services.elasticbeanstalk: [VERIFY]    Verifying Elastic Beanstalk is clean ...
2026-08-11 01:10:00 INFO     services.elb: [VERIFY]    Verifying ELB (v2 + classic) is clean ...
2026-08-11 01:10:00 INFO     services.eventbridge: [VERIFY]    Verifying EventBridge is clean ...
2026-08-11 01:10:00 INFO     services.iam: [VERIFY]    Verifying IAM is clean ...
2026-08-11 01:10:00 INFO     services.kms: [VERIFY]    Verifying KMS is clean (or all customer keys scheduled for deletion) ...
2026-08-11 01:10:00 INFO     services.lambda: [VERIFY]    Verifying Lambda is clean ...
2026-08-11 01:10:00 INFO     services.rds: [VERIFY]    Verifying RDS is clean ...
2026-08-11 01:10:00 INFO     services.s3: [VERIFY]    Verifying S3 is clean ...
2026-08-11 01:10:00 INFO     services.elasticbeanstalk: [VERIFY]    Elastic Beanstalk clean
2026-08-11 01:10:00 INFO     services.eks: [VERIFY]    EKS clean
2026-08-11 01:10:00 INFO     services.ecr: [VERIFY]    ECR clean
2026-08-11 01:10:01 INFO     services.cloudformation: [VERIFY]    CloudFormation clean
2026-08-11 01:10:01 INFO     services.s3: [VERIFY]    S3 clean
2026-08-11 01:10:01 INFO     services.rds: [VERIFY]    RDS FAIL - 2 resources remain
2026-08-11 01:10:01 INFO     services.elb: [VERIFY]    ELB clean
2026-08-11 01:10:01 INFO     services.lambda: [VERIFY]    Lambda clean
2026-08-11 01:10:01 INFO     services.kms: [VERIFY]    KMS clean (0 customer keys scheduled for deletion, pending their waiting period)
2026-08-11 01:10:01 INFO     services.ecs: [VERIFY]    ECS clean
2026-08-11 01:10:01 INFO     services.autoscaling: [VERIFY]    Auto Scaling clean
2026-08-11 01:10:01 INFO     services.iam: [VERIFY]    IAM FAIL - 3 resources remain
2026-08-11 01:10:02 INFO     services.eventbridge: [VERIFY]    EventBridge clean
2026-08-11 01:10:03 INFO     services.ec2: [VERIFY]    EC2 clean
2026-08-11 01:10:03 INFO     services.apigateway: [VERIFY]    API Gateway clean
2026-08-11 01:10:20 INFO     services.application-autoscaling: [VERIFY]    Application Auto Scaling clean
2026-08-11 01:10:20 INFO     orchestrator: [VERIFY]    Verification pass 2/5 found remaining resources in ['rds', 'iam']; retrying in 15s
2026-08-11 01:10:35 INFO     services.apigateway: [VERIFY]    Verifying API Gateway is clean ...
2026-08-11 01:10:35 INFO     services.application-autoscaling: [VERIFY]    Verifying Application Auto Scaling is clean ...
2026-08-11 01:10:35 INFO     services.autoscaling: [VERIFY]    Verifying Auto Scaling is clean ...
2026-08-11 01:10:35 INFO     services.cloudformation: [VERIFY]    Verifying CloudFormation is clean ...
2026-08-11 01:10:35 INFO     services.ec2: [VERIFY]    Verifying EC2 is clean ...
2026-08-11 01:10:35 INFO     services.ecr: [VERIFY]    Verifying ECR is clean ...
2026-08-11 01:10:35 INFO     services.ecs: [VERIFY]    Verifying ECS is clean ...
2026-08-11 01:10:35 INFO     services.eks: [VERIFY]    Verifying EKS is clean ...
2026-08-11 01:10:35 INFO     services.elasticbeanstalk: [VERIFY]    Verifying Elastic Beanstalk is clean ...
2026-08-11 01:10:35 INFO     services.elb: [VERIFY]    Verifying ELB (v2 + classic) is clean ...
2026-08-11 01:10:35 INFO     services.eventbridge: [VERIFY]    Verifying EventBridge is clean ...
2026-08-11 01:10:35 INFO     services.iam: [VERIFY]    Verifying IAM is clean ...
2026-08-11 01:10:35 INFO     services.kms: [VERIFY]    Verifying KMS is clean (or all customer keys scheduled for deletion) ...
2026-08-11 01:10:35 INFO     services.lambda: [VERIFY]    Verifying Lambda is clean ...
2026-08-11 01:10:35 INFO     services.rds: [VERIFY]    Verifying RDS is clean ...
2026-08-11 01:10:35 INFO     services.s3: [VERIFY]    Verifying S3 is clean ...
2026-08-11 01:10:35 INFO     services.ecr: [VERIFY]    ECR clean
2026-08-11 01:10:35 INFO     services.eks: [VERIFY]    EKS clean
2026-08-11 01:10:35 INFO     services.elasticbeanstalk: [VERIFY]    Elastic Beanstalk clean
2026-08-11 01:10:36 INFO     services.rds: [VERIFY]    RDS FAIL - 2 resources remain
2026-08-11 01:10:36 INFO     services.cloudformation: [VERIFY]    CloudFormation clean
2026-08-11 01:10:36 INFO     services.s3: [VERIFY]    S3 clean
2026-08-11 01:10:36 INFO     services.elb: [VERIFY]    ELB clean
2026-08-11 01:10:36 INFO     services.lambda: [VERIFY]    Lambda clean
2026-08-11 01:10:36 INFO     services.ecs: [VERIFY]    ECS clean
2026-08-11 01:10:36 INFO     services.autoscaling: [VERIFY]    Auto Scaling clean
2026-08-11 01:10:36 INFO     services.kms: [VERIFY]    KMS clean (0 customer keys scheduled for deletion, pending their waiting period)
2026-08-11 01:10:37 INFO     services.iam: [VERIFY]    IAM FAIL - 3 resources remain
2026-08-11 01:10:37 INFO     services.eventbridge: [VERIFY]    EventBridge clean
2026-08-11 01:10:38 INFO     services.ec2: [VERIFY]    EC2 clean
2026-08-11 01:10:38 INFO     services.apigateway: [VERIFY]    API Gateway clean
2026-08-11 01:10:53 INFO     services.application-autoscaling: [VERIFY]    Application Auto Scaling clean
2026-08-11 01:10:53 INFO     orchestrator: [VERIFY]    Verification pass 3/5 found remaining resources in ['rds', 'iam']; retrying in 15s
2026-08-11 01:11:08 INFO     services.apigateway: [VERIFY]    Verifying API Gateway is clean ...
2026-08-11 01:11:08 INFO     services.application-autoscaling: [VERIFY]    Verifying Application Auto Scaling is clean ...
2026-08-11 01:11:08 INFO     services.autoscaling: [VERIFY]    Verifying Auto Scaling is clean ...
2026-08-11 01:11:08 INFO     services.cloudformation: [VERIFY]    Verifying CloudFormation is clean ...
2026-08-11 01:11:08 INFO     services.ec2: [VERIFY]    Verifying EC2 is clean ...
2026-08-11 01:11:08 INFO     services.ecr: [VERIFY]    Verifying ECR is clean ...
2026-08-11 01:11:08 INFO     services.ecs: [VERIFY]    Verifying ECS is clean ...
2026-08-11 01:11:08 INFO     services.eks: [VERIFY]    Verifying EKS is clean ...
2026-08-11 01:11:08 INFO     services.elasticbeanstalk: [VERIFY]    Verifying Elastic Beanstalk is clean ...
2026-08-11 01:11:08 INFO     services.elb: [VERIFY]    Verifying ELB (v2 + classic) is clean ...
2026-08-11 01:11:08 INFO     services.eventbridge: [VERIFY]    Verifying EventBridge is clean ...
2026-08-11 01:11:08 INFO     services.iam: [VERIFY]    Verifying IAM is clean ...
2026-08-11 01:11:08 INFO     services.kms: [VERIFY]    Verifying KMS is clean (or all customer keys scheduled for deletion) ...
2026-08-11 01:11:08 INFO     services.lambda: [VERIFY]    Verifying Lambda is clean ...
2026-08-11 01:11:08 INFO     services.rds: [VERIFY]    Verifying RDS is clean ...
2026-08-11 01:11:08 INFO     services.s3: [VERIFY]    Verifying S3 is clean ...
2026-08-11 01:11:09 INFO     services.ecr: [VERIFY]    ECR clean
2026-08-11 01:11:09 INFO     services.eks: [VERIFY]    EKS clean
2026-08-11 01:11:09 INFO     services.elasticbeanstalk: [VERIFY]    Elastic Beanstalk clean
2026-08-11 01:11:09 INFO     services.rds: [VERIFY]    RDS FAIL - 2 resources remain
2026-08-11 01:11:09 INFO     services.cloudformation: [VERIFY]    CloudFormation clean
2026-08-11 01:11:09 INFO     services.s3: [VERIFY]    S3 clean
2026-08-11 01:11:09 INFO     services.elb: [VERIFY]    ELB clean
2026-08-11 01:11:09 INFO     services.lambda: [VERIFY]    Lambda clean
2026-08-11 01:11:10 INFO     services.kms: [VERIFY]    KMS clean (0 customer keys scheduled for deletion, pending their waiting period)
2026-08-11 01:11:10 INFO     services.autoscaling: [VERIFY]    Auto Scaling clean
2026-08-11 01:11:10 INFO     services.iam: [VERIFY]    IAM FAIL - 3 resources remain
2026-08-11 01:11:11 INFO     services.ecs: [VERIFY]    ECS clean
2026-08-11 01:11:11 INFO     services.ec2: [VERIFY]    EC2 clean
2026-08-11 01:11:11 INFO     services.eventbridge: [VERIFY]    EventBridge clean
2026-08-11 01:11:11 INFO     services.apigateway: [VERIFY]    API Gateway clean
2026-08-11 01:11:26 INFO     services.application-autoscaling: [VERIFY]    Application Auto Scaling clean
2026-08-11 01:11:26 INFO     orchestrator: [VERIFY]    Verification pass 4/5 found remaining resources in ['rds', 'iam']; retrying in 15s
2026-08-11 01:11:41 INFO     services.apigateway: [VERIFY]    Verifying API Gateway is clean ...
2026-08-11 01:11:41 INFO     services.application-autoscaling: [VERIFY]    Verifying Application Auto Scaling is clean ...
2026-08-11 01:11:41 INFO     services.autoscaling: [VERIFY]    Verifying Auto Scaling is clean ...
2026-08-11 01:11:41 INFO     services.cloudformation: [VERIFY]    Verifying CloudFormation is clean ...
2026-08-11 01:11:41 INFO     services.ec2: [VERIFY]    Verifying EC2 is clean ...
2026-08-11 01:11:41 INFO     services.ecr: [VERIFY]    Verifying ECR is clean ...
2026-08-11 01:11:41 INFO     services.ecs: [VERIFY]    Verifying ECS is clean ...
2026-08-11 01:11:41 INFO     services.eks: [VERIFY]    Verifying EKS is clean ...
2026-08-11 01:11:41 INFO     services.elasticbeanstalk: [VERIFY]    Verifying Elastic Beanstalk is clean ...
2026-08-11 01:11:41 INFO     services.elb: [VERIFY]    Verifying ELB (v2 + classic) is clean ...
2026-08-11 01:11:41 INFO     services.eventbridge: [VERIFY]    Verifying EventBridge is clean ...
2026-08-11 01:11:41 INFO     services.iam: [VERIFY]    Verifying IAM is clean ...
2026-08-11 01:11:41 INFO     services.kms: [VERIFY]    Verifying KMS is clean (or all customer keys scheduled for deletion) ...
2026-08-11 01:11:41 INFO     services.lambda: [VERIFY]    Verifying Lambda is clean ...
2026-08-11 01:11:41 INFO     services.rds: [VERIFY]    Verifying RDS is clean ...
2026-08-11 01:11:41 INFO     services.s3: [VERIFY]    Verifying S3 is clean ...
2026-08-11 01:11:41 INFO     services.ecr: [VERIFY]    ECR clean
2026-08-11 01:11:41 INFO     services.eks: [VERIFY]    EKS clean
2026-08-11 01:11:41 INFO     services.elasticbeanstalk: [VERIFY]    Elastic Beanstalk clean
2026-08-11 01:11:41 INFO     services.rds: [VERIFY]    RDS FAIL - 2 resources remain
2026-08-11 01:11:41 INFO     services.cloudformation: [VERIFY]    CloudFormation clean
2026-08-11 01:11:41 INFO     services.elb: [VERIFY]    ELB clean
2026-08-11 01:11:41 INFO     services.lambda: [VERIFY]    Lambda clean
2026-08-11 01:11:42 INFO     services.ecs: [VERIFY]    ECS clean
2026-08-11 01:11:42 INFO     services.kms: [VERIFY]    KMS clean (0 customer keys scheduled for deletion, pending their waiting period)
2026-08-11 01:11:42 INFO     services.autoscaling: [VERIFY]    Auto Scaling clean
2026-08-11 01:11:42 INFO     services.iam: [VERIFY]    IAM FAIL - 3 resources remain
2026-08-11 01:11:42 INFO     services.eventbridge: [VERIFY]    EventBridge clean
2026-08-11 01:11:42 INFO     services.s3: [VERIFY]    S3 clean
2026-08-11 01:11:43 INFO     services.ec2: [VERIFY]    EC2 clean
2026-08-11 01:11:43 INFO     services.apigateway: [VERIFY]    API Gateway clean
2026-08-11 01:11:59 INFO     services.application-autoscaling: [VERIFY]    Application Auto Scaling clean
2026-08-11 01:11:59 INFO     orchestrator: Verification written to logs/reports/070640552464/us-east-1/verification_pre_nuke.json
2026-08-11 01:11:59 WARNING  orchestrator: [WARN]      Pre aws-nuke verification: FAIL. Continuing to aws-nuke so it can attempt removal of remaining resources.
2026-08-11 01:11:59 INFO     orchestrator: PHASE 4 - aws-nuke disabled
2026-08-11 01:11:59 INFO     orchestrator: PHASE 5 - Final verification
2026-08-11 01:11:59 INFO     services.apigateway: [VERIFY]    Verifying API Gateway is clean ...
2026-08-11 01:11:59 INFO     services.application-autoscaling: [VERIFY]    Verifying Application Auto Scaling is clean ...
2026-08-11 01:11:59 INFO     services.autoscaling: [VERIFY]    Verifying Auto Scaling is clean ...
2026-08-11 01:11:59 INFO     services.cloudformation: [VERIFY]    Verifying CloudFormation is clean ...
2026-08-11 01:11:59 INFO     services.ec2: [VERIFY]    Verifying EC2 is clean ...
2026-08-11 01:11:59 INFO     services.ecr: [VERIFY]    Verifying ECR is clean ...
2026-08-11 01:11:59 INFO     services.ecs: [VERIFY]    Verifying ECS is clean ...
2026-08-11 01:11:59 INFO     services.eks: [VERIFY]    Verifying EKS is clean ...
2026-08-11 01:11:59 INFO     services.elasticbeanstalk: [VERIFY]    Verifying Elastic Beanstalk is clean ...
2026-08-11 01:11:59 INFO     services.elb: [VERIFY]    Verifying ELB (v2 + classic) is clean ...
2026-08-11 01:11:59 INFO     services.eventbridge: [VERIFY]    Verifying EventBridge is clean ...
2026-08-11 01:11:59 INFO     services.iam: [VERIFY]    Verifying IAM is clean ...
2026-08-11 01:11:59 INFO     services.kms: [VERIFY]    Verifying KMS is clean (or all customer keys scheduled for deletion) ...
2026-08-11 01:11:59 INFO     services.lambda: [VERIFY]    Verifying Lambda is clean ...
2026-08-11 01:11:59 INFO     services.rds: [VERIFY]    Verifying RDS is clean ...
2026-08-11 01:11:59 INFO     services.s3: [VERIFY]    Verifying S3 is clean ...
2026-08-11 01:11:59 INFO     services.ecr: [VERIFY]    ECR clean
2026-08-11 01:11:59 INFO     services.elasticbeanstalk: [VERIFY]    Elastic Beanstalk clean
2026-08-11 01:11:59 INFO     services.eks: [VERIFY]    EKS clean
2026-08-11 01:12:00 INFO     services.cloudformation: [VERIFY]    CloudFormation clean
2026-08-11 01:12:00 INFO     services.s3: [VERIFY]    S3 clean
2026-08-11 01:12:00 INFO     services.rds: [VERIFY]    RDS FAIL - 2 resources remain
2026-08-11 01:12:00 INFO     services.elb: [VERIFY]    ELB clean
2026-08-11 01:12:00 INFO     services.lambda: [VERIFY]    Lambda clean
2026-08-11 01:12:00 INFO     services.ecs: [VERIFY]    ECS clean
2026-08-11 01:12:00 INFO     services.iam: [VERIFY]    IAM FAIL - 3 resources remain
2026-08-11 01:12:01 INFO     services.eventbridge: [VERIFY]    EventBridge clean
2026-08-11 01:12:01 INFO     services.kms: [VERIFY]    KMS clean (0 customer keys scheduled for deletion, pending their waiting period)
2026-08-11 01:12:02 INFO     services.autoscaling: [VERIFY]    Auto Scaling clean
2026-08-11 01:12:02 INFO     services.ec2: [VERIFY]    EC2 clean
2026-08-11 01:12:02 INFO     services.apigateway: [VERIFY]    API Gateway clean
2026-08-11 01:12:18 INFO     services.application-autoscaling: [VERIFY]    Application Auto Scaling clean
2026-08-11 01:12:18 INFO     orchestrator: [VERIFY]    Verification pass 1/5 found remaining resources in ['rds', 'iam']; retrying in 15s
2026-08-11 01:12:33 INFO     services.apigateway: [VERIFY]    Verifying API Gateway is clean ...
2026-08-11 01:12:33 INFO     services.application-autoscaling: [VERIFY]    Verifying Application Auto Scaling is clean ...
2026-08-11 01:12:33 INFO     services.autoscaling: [VERIFY]    Verifying Auto Scaling is clean ...
2026-08-11 01:12:33 INFO     services.cloudformation: [VERIFY]    Verifying CloudFormation is clean ...
2026-08-11 01:12:33 INFO     services.ec2: [VERIFY]    Verifying EC2 is clean ...
2026-08-11 01:12:33 INFO     services.ecr: [VERIFY]    Verifying ECR is clean ...
2026-08-11 01:12:33 INFO     services.ecs: [VERIFY]    Verifying ECS is clean ...
2026-08-11 01:12:33 INFO     services.eks: [VERIFY]    Verifying EKS is clean ...
2026-08-11 01:12:33 INFO     services.elasticbeanstalk: [VERIFY]    Verifying Elastic Beanstalk is clean ...
2026-08-11 01:12:33 INFO     services.elb: [VERIFY]    Verifying ELB (v2 + classic) is clean ...
2026-08-11 01:12:33 INFO     services.eventbridge: [VERIFY]    Verifying EventBridge is clean ...
2026-08-11 01:12:33 INFO     services.iam: [VERIFY]    Verifying IAM is clean ...
2026-08-11 01:12:33 INFO     services.kms: [VERIFY]    Verifying KMS is clean (or all customer keys scheduled for deletion) ...
2026-08-11 01:12:33 INFO     services.lambda: [VERIFY]    Verifying Lambda is clean ...
2026-08-11 01:12:33 INFO     services.rds: [VERIFY]    Verifying RDS is clean ...
2026-08-11 01:12:33 INFO     services.s3: [VERIFY]    Verifying S3 is clean ...
2026-08-11 01:12:33 INFO     services.ecr: [VERIFY]    ECR clean
2026-08-11 01:12:33 INFO     services.eks: [VERIFY]    EKS clean
2026-08-11 01:12:33 INFO     services.elasticbeanstalk: [VERIFY]    Elastic Beanstalk clean
2026-08-11 01:12:33 INFO     services.s3: [VERIFY]    S3 clean
2026-08-11 01:12:33 INFO     services.cloudformation: [VERIFY]    CloudFormation clean
2026-08-11 01:12:33 INFO     services.rds: [VERIFY]    RDS FAIL - 2 resources remain
2026-08-11 01:12:34 INFO     services.elb: [VERIFY]    ELB clean
2026-08-11 01:12:34 INFO     services.lambda: [VERIFY]    Lambda clean
2026-08-11 01:12:34 INFO     services.ecs: [VERIFY]    ECS clean
2026-08-11 01:12:34 INFO     services.autoscaling: [VERIFY]    Auto Scaling clean
2026-08-11 01:12:34 INFO     services.iam: [VERIFY]    IAM FAIL - 3 resources remain
2026-08-11 01:12:34 INFO     services.eventbridge: [VERIFY]    EventBridge clean
2026-08-11 01:12:35 INFO     services.kms: [VERIFY]    KMS clean (0 customer keys scheduled for deletion, pending their waiting period)
2026-08-11 01:12:35 INFO     services.ec2: [VERIFY]    EC2 clean
2026-08-11 01:12:35 INFO     services.apigateway: [VERIFY]    API Gateway clean
2026-08-11 01:12:48 INFO     services.application-autoscaling: [VERIFY]    Application Auto Scaling clean
2026-08-11 01:12:48 INFO     orchestrator: [VERIFY]    Verification pass 2/5 found remaining resources in ['rds', 'iam']; retrying in 15s
2026-08-11 01:13:03 INFO     services.apigateway: [VERIFY]    Verifying API Gateway is clean ...
2026-08-11 01:13:03 INFO     services.application-autoscaling: [VERIFY]    Verifying Application Auto Scaling is clean ...
2026-08-11 01:13:03 INFO     services.autoscaling: [VERIFY]    Verifying Auto Scaling is clean ...
2026-08-11 01:13:03 INFO     services.cloudformation: [VERIFY]    Verifying CloudFormation is clean ...
2026-08-11 01:13:03 INFO     services.ec2: [VERIFY]    Verifying EC2 is clean ...
2026-08-11 01:13:04 INFO     services.ecr: [VERIFY]    Verifying ECR is clean ...
2026-08-11 01:13:04 INFO     services.ecs: [VERIFY]    Verifying ECS is clean ...
2026-08-11 01:13:04 INFO     services.eks: [VERIFY]    Verifying EKS is clean ...
2026-08-11 01:13:04 INFO     services.elasticbeanstalk: [VERIFY]    Verifying Elastic Beanstalk is clean ...
2026-08-11 01:13:04 INFO     services.elb: [VERIFY]    Verifying ELB (v2 + classic) is clean ...
2026-08-11 01:13:04 INFO     services.eventbridge: [VERIFY]    Verifying EventBridge is clean ...
2026-08-11 01:13:04 INFO     services.iam: [VERIFY]    Verifying IAM is clean ...
2026-08-11 01:13:04 INFO     services.kms: [VERIFY]    Verifying KMS is clean (or all customer keys scheduled for deletion) ...
2026-08-11 01:13:04 INFO     services.lambda: [VERIFY]    Verifying Lambda is clean ...
2026-08-11 01:13:04 INFO     services.rds: [VERIFY]    Verifying RDS is clean ...
2026-08-11 01:13:04 INFO     services.s3: [VERIFY]    Verifying S3 is clean ...
2026-08-11 01:13:04 INFO     services.ecr: [VERIFY]    ECR clean
2026-08-11 01:13:04 INFO     services.eks: [VERIFY]    EKS clean
2026-08-11 01:13:04 INFO     services.elasticbeanstalk: [VERIFY]    Elastic Beanstalk clean
2026-08-11 01:13:04 INFO     services.cloudformation: [VERIFY]    CloudFormation clean
2026-08-11 01:13:04 INFO     services.s3: [VERIFY]    S3 clean
2026-08-11 01:13:04 INFO     services.lambda: [VERIFY]    Lambda clean
2026-08-11 01:13:05 INFO     services.ecs: [VERIFY]    ECS clean
2026-08-11 01:13:05 INFO     services.autoscaling: [VERIFY]    Auto Scaling clean
2026-08-11 01:13:05 INFO     services.rds: [VERIFY]    RDS FAIL - 2 resources remain
2026-08-11 01:13:05 INFO     services.elb: [VERIFY]    ELB clean
2026-08-11 01:13:05 INFO     services.iam: [VERIFY]    IAM FAIL - 3 resources remain
2026-08-11 01:13:05 INFO     services.eventbridge: [VERIFY]    EventBridge clean
2026-08-11 01:13:06 INFO     services.kms: [VERIFY]    KMS clean (0 customer keys scheduled for deletion, pending their waiting period)
2026-08-11 01:13:06 INFO     services.apigateway: [VERIFY]    API Gateway clean
2026-08-11 01:13:07 INFO     services.ec2: [VERIFY]    EC2 clean
2026-08-11 01:13:20 INFO     services.application-autoscaling: [VERIFY]    Application Auto Scaling clean
2026-08-11 01:13:20 INFO     orchestrator: [VERIFY]    Verification pass 3/5 found remaining resources in ['rds', 'iam']; retrying in 15s
2026-08-11 01:13:35 INFO     services.apigateway: [VERIFY]    Verifying API Gateway is clean ...
2026-08-11 01:13:35 INFO     services.application-autoscaling: [VERIFY]    Verifying Application Auto Scaling is clean ...
2026-08-11 01:13:35 INFO     services.autoscaling: [VERIFY]    Verifying Auto Scaling is clean ...
2026-08-11 01:13:35 INFO     services.cloudformation: [VERIFY]    Verifying CloudFormation is clean ...
2026-08-11 01:13:35 INFO     services.ec2: [VERIFY]    Verifying EC2 is clean ...
2026-08-11 01:13:35 INFO     services.ecr: [VERIFY]    Verifying ECR is clean ...
2026-08-11 01:13:35 INFO     services.ecs: [VERIFY]    Verifying ECS is clean ...
2026-08-11 01:13:35 INFO     services.eks: [VERIFY]    Verifying EKS is clean ...
2026-08-11 01:13:35 INFO     services.elasticbeanstalk: [VERIFY]    Verifying Elastic Beanstalk is clean ...
2026-08-11 01:13:35 INFO     services.elb: [VERIFY]    Verifying ELB (v2 + classic) is clean ...
2026-08-11 01:13:35 INFO     services.eventbridge: [VERIFY]    Verifying EventBridge is clean ...
2026-08-11 01:13:35 INFO     services.iam: [VERIFY]    Verifying IAM is clean ...
2026-08-11 01:13:35 INFO     services.kms: [VERIFY]    Verifying KMS is clean (or all customer keys scheduled for deletion) ...
2026-08-11 01:13:35 INFO     services.lambda: [VERIFY]    Verifying Lambda is clean ...
2026-08-11 01:13:35 INFO     services.rds: [VERIFY]    Verifying RDS is clean ...
2026-08-11 01:13:35 INFO     services.s3: [VERIFY]    Verifying S3 is clean ...
2026-08-11 01:13:36 INFO     services.eks: [VERIFY]    EKS clean
2026-08-11 01:13:36 INFO     services.elasticbeanstalk: [VERIFY]    Elastic Beanstalk clean
2026-08-11 01:13:36 INFO     services.cloudformation: [VERIFY]    CloudFormation clean
2026-08-11 01:13:36 INFO     services.rds: [VERIFY]    RDS FAIL - 2 resources remain
2026-08-11 01:13:36 INFO     services.lambda: [VERIFY]    Lambda clean
2026-08-11 01:13:36 INFO     services.ecr: [VERIFY]    ECR clean
2026-08-11 01:13:36 INFO     services.s3: [VERIFY]    S3 clean
2026-08-11 01:13:36 INFO     services.ecs: [VERIFY]    ECS clean
2026-08-11 01:13:36 INFO     services.autoscaling: [VERIFY]    Auto Scaling clean
2026-08-11 01:13:36 INFO     services.kms: [VERIFY]    KMS clean (0 customer keys scheduled for deletion, pending their waiting period)
2026-08-11 01:13:37 INFO     services.iam: [VERIFY]    IAM FAIL - 3 resources remain
2026-08-11 01:13:37 INFO     services.elb: [VERIFY]    ELB clean
2026-08-11 01:13:37 INFO     services.eventbridge: [VERIFY]    EventBridge clean
2026-08-11 01:13:38 INFO     services.ec2: [VERIFY]    EC2 clean
2026-08-11 01:13:38 INFO     services.apigateway: [VERIFY]    API Gateway clean
2026-08-11 01:13:53 INFO     services.application-autoscaling: [VERIFY]    Application Auto Scaling clean
2026-08-11 01:13:53 INFO     orchestrator: [VERIFY]    Verification pass 4/5 found remaining resources in ['rds', 'iam']; retrying in 15s
2026-08-11 01:14:08 INFO     services.apigateway: [VERIFY]    Verifying API Gateway is clean ...
2026-08-11 01:14:08 INFO     services.application-autoscaling: [VERIFY]    Verifying Application Auto Scaling is clean ...
2026-08-11 01:14:08 INFO     services.autoscaling: [VERIFY]    Verifying Auto Scaling is clean ...
2026-08-11 01:14:08 INFO     services.cloudformation: [VERIFY]    Verifying CloudFormation is clean ...
2026-08-11 01:14:08 INFO     services.ec2: [VERIFY]    Verifying EC2 is clean ...
2026-08-11 01:14:08 INFO     services.ecr: [VERIFY]    Verifying ECR is clean ...
2026-08-11 01:14:08 INFO     services.ecs: [VERIFY]    Verifying ECS is clean ...
2026-08-11 01:14:08 INFO     services.eks: [VERIFY]    Verifying EKS is clean ...
2026-08-11 01:14:08 INFO     services.elasticbeanstalk: [VERIFY]    Verifying Elastic Beanstalk is clean ...
2026-08-11 01:14:08 INFO     services.elb: [VERIFY]    Verifying ELB (v2 + classic) is clean ...
2026-08-11 01:14:08 INFO     services.eventbridge: [VERIFY]    Verifying EventBridge is clean ...
2026-08-11 01:14:08 INFO     services.iam: [VERIFY]    Verifying IAM is clean ...
2026-08-11 01:14:08 INFO     services.kms: [VERIFY]    Verifying KMS is clean (or all customer keys scheduled for deletion) ...
2026-08-11 01:14:08 INFO     services.lambda: [VERIFY]    Verifying Lambda is clean ...
2026-08-11 01:14:08 INFO     services.rds: [VERIFY]    Verifying RDS is clean ...
2026-08-11 01:14:08 INFO     services.s3: [VERIFY]    Verifying S3 is clean ...
2026-08-11 01:14:08 INFO     services.ecr: [VERIFY]    ECR clean
2026-08-11 01:14:08 INFO     services.elasticbeanstalk: [VERIFY]    Elastic Beanstalk clean
2026-08-11 01:14:08 INFO     services.eks: [VERIFY]    EKS clean
2026-08-11 01:14:09 INFO     services.rds: [VERIFY]    RDS FAIL - 2 resources remain
2026-08-11 01:14:09 INFO     services.cloudformation: [VERIFY]    CloudFormation clean
2026-08-11 01:14:09 INFO     services.s3: [VERIFY]    S3 clean
2026-08-11 01:14:09 INFO     services.elb: [VERIFY]    ELB clean
2026-08-11 01:14:09 INFO     services.lambda: [VERIFY]    Lambda clean
2026-08-11 01:14:09 INFO     services.ecs: [VERIFY]    ECS clean
2026-08-11 01:14:09 INFO     services.autoscaling: [VERIFY]    Auto Scaling clean
2026-08-11 01:14:09 INFO     services.kms: [VERIFY]    KMS clean (0 customer keys scheduled for deletion, pending their waiting period)
2026-08-11 01:14:10 INFO     services.iam: [VERIFY]    IAM FAIL - 3 resources remain
2026-08-11 01:14:10 INFO     services.eventbridge: [VERIFY]    EventBridge clean
2026-08-11 01:14:11 INFO     services.ec2: [VERIFY]    EC2 clean
2026-08-11 01:14:11 INFO     services.apigateway: [VERIFY]    API Gateway clean
2026-08-11 01:14:25 INFO     services.application-autoscaling: [VERIFY]    Application Auto Scaling clean
2026-08-11 01:14:25 INFO     orchestrator: Verification written to logs/reports/070640552464/us-east-1/verification_final.json
2026-08-11 01:14:25 ERROR    orchestrator: [ERROR]     Final verification: FAIL
2026-08-11 01:14:25 INFO     orchestrator: PHASE 6 - Report generation
2026-08-11 01:14:25 INFO     cleanup_engine: ======================================================================
2026-08-11 01:14:25 INFO     cleanup_engine: Account cleanup result: FAIL
2026-08-11 01:14:25 INFO     cleanup_engine: Reusable: False
2026-08-11 01:14:25 INFO     cleanup_engine: Remaining resources: 5
2026-08-11 01:14:25 INFO     cleanup_engine: ======================================================================
2026-08-11 02:16:57 INFO     cleanup_engine: Attempting to acquire cleanup lock for account 070640552464
2026-08-11 02:16:57 INFO     cleanup_engine: Cleanup lock acquired for account 070640552464
2026-08-11 02:16:57 INFO     cleanup_engine: ======================================================================
2026-08-11 02:16:57 INFO     cleanup_engine: Starting cleanup for account 070640552464
2026-08-11 02:16:57 INFO     cleanup_engine: Role: OrganizationAccountAccessRole
2026-08-11 02:16:57 INFO     cleanup_engine: Regions: ap-south-1
2026-08-11 02:16:57 INFO     cleanup_engine: Dry run: True
2026-08-11 02:16:57 INFO     cleanup_engine: ======================================================================
2026-08-11 02:16:57 INFO     cleanup_engine: Generated aws-nuke config: logs/runtime/070640552464/nuke-config.yaml
2026-08-11 02:16:57 INFO     cleanup_engine: --- Account 070640552464 / region ap-south-1 ---
2026-08-11 02:16:58 INFO     cleanup_engine: STS account verification passed: 070640552464
2026-08-11 02:16:58 INFO     orchestrator: Starting cleanup run for account 070640552464 in ap-south-1
2026-08-11 02:16:58 INFO     orchestrator: Discovered 16 service plugins: apigateway, application-autoscaling, autoscaling, cloudformation, ec2, ecr, ecs, eks, elasticbeanstalk, elb, eventbridge, iam, kms, lambda, rds, s3
2026-08-11 02:16:58 INFO     orchestrator: PHASE 1 - Inventory
2026-08-11 02:16:58 INFO     services.apigateway: [DISCOVER]  Scanning API Gateway (REST + HTTP/WebSocket) resources ...
2026-08-11 02:16:58 INFO     services.application-autoscaling: [DISCOVER]  Scanning Application Auto Scaling across 15 service namespaces ...
2026-08-11 02:16:58 INFO     services.autoscaling: [DISCOVER]  Scanning Auto Scaling groups and launch configurations ...
2026-08-11 02:16:58 INFO     services.cloudformation: [DISCOVER]  Scanning CloudFormation stacks ...
2026-08-11 02:16:58 INFO     services.ec2: [DISCOVER]  Scanning EC2 instances, volumes, snapshots, and networking resources ...
2026-08-11 02:16:58 INFO     services.ecr: [DISCOVER]  Scanning ECR repositories ...
2026-08-11 02:16:58 INFO     services.ecs: [DISCOVER]  Scanning ECS clusters, services, tasks, container instances, and task definitions ...
2026-08-11 02:16:58 INFO     services.eks: [DISCOVER]  Scanning EKS clusters and their node groups, Fargate profiles, and add-ons ...
2026-08-11 02:16:58 INFO     services.elasticbeanstalk: [DISCOVER]  Scanning Elastic Beanstalk applications, environments, versions, and configuration templates ...
2026-08-11 02:16:58 INFO     services.elb: [DISCOVER]  Scanning ELB (v2 + classic) load balancers and target groups ...
2026-08-11 02:16:58 INFO     services.eventbridge: [DISCOVER]  Scanning EventBridge buses, rules, archives, and schema registries ...
2026-08-11 02:16:58 INFO     services.iam: [DISCOVER]  Scanning IAM roles, policies, instance profiles, users, and groups ...
2026-08-11 02:16:58 INFO     services.kms: [DISCOVER]  Scanning KMS customer managed keys and aliases ...
2026-08-11 02:16:58 INFO     services.lambda: [DISCOVER]  Scanning Lambda functions, event source mappings, and layer versions ...
2026-08-11 02:16:58 INFO     services.rds: [DISCOVER]  Scanning RDS clusters and instances ...
2026-08-11 02:16:58 INFO     services.s3: [DISCOVER]  Scanning S3 buckets ...
2026-08-11 02:16:58 INFO     services.elasticbeanstalk: [DISCOVER]  Found 0 applications, 0 environments, 0 application versions, 0 configuration templates
2026-08-11 02:16:59 INFO     services.s3: [DISCOVER]  Found 0 buckets
2026-08-11 02:16:59 INFO     services.elb: [DISCOVER]  Found 0 v2 load balancers, 0 target groups, 0 classic load balancers
2026-08-11 02:16:59 INFO     services.eventbridge: [DISCOVER]  Found 0 custom event buses, 0 rules, 0 archives, 0 custom schema registries, 0 schemas
2026-08-11 02:16:59 INFO     services.cloudformation: [DISCOVER]  Found 0 stacks
2026-08-11 02:16:59 INFO     services.autoscaling: [DISCOVER]  Found 0 Auto Scaling groups, 0 launch configurations
2026-08-11 02:16:59 INFO     services.ecr: [DISCOVER]  Found 0 repositories
2026-08-11 02:16:59 INFO     services.eks: [DISCOVER]  Found 0 clusters, 0 node groups, 0 Fargate profiles, 0 add-ons, 0 access entries
2026-08-11 02:16:59 INFO     services.ecs: [DISCOVER]  Found 0 clusters, 0 services, 0 standalone tasks, 0 container instances, 0 active task definitions
2026-08-11 02:16:59 INFO     services.rds: [DISCOVER]  Found 0 DB clusters and 0 DB instances
2026-08-11 02:16:59 INFO     services.lambda: [DISCOVER]  Found 0 functions, 0 event source mappings, 0 layer versions
2026-08-11 02:16:59 INFO     services.kms: [DISCOVER]  Found 0 customer managed keys, 0 aliases (4 AWS managed keys excluded -- not customer-deletable)
2026-08-11 02:16:59 INFO     services.apigateway: [DISCOVER]  Found API Gateway resources: {}
2026-08-11 02:17:00 INFO     services.ec2: [DISCOVER]  Found 0 instances, 0 volumes, 0 snapshots, 0 networking resources
2026-08-11 02:17:03 INFO     services.iam: [DISCOVER]  Protecting currently-assumed role 'OrganizationAccountAccessRole' from deletion
2026-08-11 02:17:03 INFO     services.iam: [DISCOVER]  Found 0 deletable roles, 2 deletable customer-managed policies, 0 instance profiles, 1 users, 0 groups
2026-08-11 02:17:11 INFO     services.application-autoscaling: [DISCOVER]  Found 0 scalable targets, 0 scaling policies, 0 scheduled actions
2026-08-11 02:17:11 INFO     orchestrator: Inventory written to logs/reports/070640552464/ap-south-1/inventory.json
2026-08-11 02:17:11 INFO     orchestrator: PHASE 2 - Custom cleanup
2026-08-11 02:17:11 INFO     orchestrator: Cleaning up service: apigateway
2026-08-11 02:17:11 INFO     services.apigateway: [CLEANUP]   No API Gateway resources to delete
2026-08-11 02:17:11 INFO     orchestrator: Cleaning up service: application-autoscaling
2026-08-11 02:17:11 INFO     services.application-autoscaling: [CLEANUP]   No Application Auto Scaling resources to delete
2026-08-11 02:17:11 INFO     orchestrator: Cleaning up service: autoscaling
2026-08-11 02:17:11 INFO     services.autoscaling: [CLEANUP]   No Auto Scaling resources to delete
2026-08-11 02:17:11 INFO     orchestrator: Cleaning up service: cloudformation
2026-08-11 02:17:11 INFO     services.cloudformation: [CLEANUP]   No CloudFormation stacks to delete
2026-08-11 02:17:11 INFO     orchestrator: Cleaning up service: ec2
2026-08-11 02:17:11 INFO     services.ec2: [CLEANUP]   No EC2 resources to delete
2026-08-11 02:17:11 INFO     orchestrator: Cleaning up service: ecr
2026-08-11 02:17:11 INFO     services.ecr: [CLEANUP]   No ECR resources to delete
2026-08-11 02:17:11 INFO     orchestrator: Cleaning up service: ecs
2026-08-11 02:17:11 INFO     services.ecs: [CLEANUP]   No ECS resources to delete
2026-08-11 02:17:11 INFO     orchestrator: Cleaning up service: eks
2026-08-11 02:17:11 INFO     services.eks: [CLEANUP]   No EKS resources to delete
2026-08-11 02:17:11 INFO     orchestrator: Cleaning up service: elasticbeanstalk
2026-08-11 02:17:11 INFO     services.elasticbeanstalk: [CLEANUP]   No Elastic Beanstalk resources to delete
2026-08-11 02:17:11 INFO     orchestrator: Cleaning up service: elb
2026-08-11 02:17:11 INFO     services.elb: [CLEANUP]   No ELB resources to delete
2026-08-11 02:17:11 INFO     orchestrator: Cleaning up service: eventbridge
2026-08-11 02:17:11 INFO     services.eventbridge: [CLEANUP]   No EventBridge resources to delete
2026-08-11 02:17:11 INFO     orchestrator: Cleaning up service: iam
2026-08-11 02:17:11 INFO     services.iam: [CLEANUP]   [DRY-RUN] Would delete IAM policy DefaultIamPolicy
2026-08-11 02:17:11 INFO     services.iam: [CLEANUP]   [DRY-RUN] Would delete IAM policy CoderCreatedIdentityBoundary
2026-08-11 02:17:11 INFO     services.iam: [CLEANUP]   [DRY-RUN] Would delete IAM user Coder
2026-08-11 02:17:11 INFO     orchestrator: Cleaning up service: kms
2026-08-11 02:17:11 INFO     services.kms: [CLEANUP]   No KMS resources to delete
2026-08-11 02:17:11 INFO     orchestrator: Cleaning up service: lambda
2026-08-11 02:17:11 INFO     services.lambda: [CLEANUP]   No Lambda resources to delete
2026-08-11 02:17:11 INFO     orchestrator: Cleaning up service: rds
2026-08-11 02:17:11 INFO     services.rds: [CLEANUP]   No RDS clusters or instances to delete
2026-08-11 02:17:11 INFO     orchestrator: Cleaning up service: s3
2026-08-11 02:17:11 INFO     services.s3: [CLEANUP]   No S3 buckets to delete
2026-08-11 02:17:11 INFO     orchestrator: PHASE 3 - Pre aws-nuke verification
2026-08-11 02:17:11 INFO     services.apigateway: [VERIFY]    Verifying API Gateway is clean ...
2026-08-11 02:17:11 INFO     services.application-autoscaling: [VERIFY]    Verifying Application Auto Scaling is clean ...
2026-08-11 02:17:11 INFO     services.autoscaling: [VERIFY]    Verifying Auto Scaling is clean ...
2026-08-11 02:17:11 INFO     services.cloudformation: [VERIFY]    Verifying CloudFormation is clean ...
2026-08-11 02:17:11 INFO     services.ec2: [VERIFY]    Verifying EC2 is clean ...
2026-08-11 02:17:11 INFO     services.ecr: [VERIFY]    Verifying ECR is clean ...
2026-08-11 02:17:11 INFO     services.ecs: [VERIFY]    Verifying ECS is clean ...
2026-08-11 02:17:11 INFO     services.eks: [VERIFY]    Verifying EKS is clean ...
2026-08-11 02:17:11 INFO     services.elasticbeanstalk: [VERIFY]    Verifying Elastic Beanstalk is clean ...
2026-08-11 02:17:11 INFO     services.elb: [VERIFY]    Verifying ELB (v2 + classic) is clean ...
2026-08-11 02:17:11 INFO     services.eventbridge: [VERIFY]    Verifying EventBridge is clean ...
2026-08-11 02:17:11 INFO     services.iam: [VERIFY]    Verifying IAM is clean ...
2026-08-11 02:17:11 INFO     services.rds: [VERIFY]    Verifying RDS is clean ...
2026-08-11 02:17:11 INFO     services.kms: [VERIFY]    Verifying KMS is clean (or all customer keys scheduled for deletion) ...
2026-08-11 02:17:11 INFO     services.lambda: [VERIFY]    Verifying Lambda is clean ...
2026-08-11 02:17:11 INFO     services.s3: [VERIFY]    Verifying S3 is clean ...
2026-08-11 02:17:11 INFO     services.ecr: [VERIFY]    ECR clean
2026-08-11 02:17:11 INFO     services.eks: [VERIFY]    EKS clean
2026-08-11 02:17:11 INFO     services.elasticbeanstalk: [VERIFY]    Elastic Beanstalk clean
2026-08-11 02:17:11 INFO     services.cloudformation: [VERIFY]    CloudFormation clean
2026-08-11 02:17:11 INFO     services.rds: [VERIFY]    RDS clean
2026-08-11 02:17:11 INFO     services.elb: [VERIFY]    ELB clean
2026-08-11 02:17:11 INFO     services.s3: [VERIFY]    S3 clean
2026-08-11 02:17:11 INFO     services.autoscaling: [VERIFY]    Auto Scaling clean
2026-08-11 02:17:11 INFO     services.ecs: [VERIFY]    ECS clean
2026-08-11 02:17:11 INFO     services.lambda: [VERIFY]    Lambda clean
2026-08-11 02:17:11 INFO     services.eventbridge: [VERIFY]    EventBridge clean
2026-08-11 02:17:12 INFO     services.kms: [VERIFY]    KMS clean (0 customer keys scheduled for deletion, pending their waiting period)
2026-08-11 02:17:12 INFO     services.ec2: [VERIFY]    EC2 clean
2026-08-11 02:17:12 INFO     services.apigateway: [VERIFY]    API Gateway clean
2026-08-11 02:17:13 INFO     services.iam: [VERIFY]    IAM FAIL - 3 resources remain
2026-08-11 02:17:26 INFO     services.application-autoscaling: [VERIFY]    Application Auto Scaling clean
2026-08-11 02:17:26 INFO     orchestrator: [VERIFY]    Verification pass 1/5 found remaining resources in ['iam']; retrying in 15s
2026-08-11 02:17:41 INFO     services.apigateway: [VERIFY]    Verifying API Gateway is clean ...
2026-08-11 02:17:41 INFO     services.application-autoscaling: [VERIFY]    Verifying Application Auto Scaling is clean ...
2026-08-11 02:17:41 INFO     services.autoscaling: [VERIFY]    Verifying Auto Scaling is clean ...
2026-08-11 02:17:41 INFO     services.cloudformation: [VERIFY]    Verifying CloudFormation is clean ...
2026-08-11 02:17:41 INFO     services.ec2: [VERIFY]    Verifying EC2 is clean ...
2026-08-11 02:17:41 INFO     services.ecr: [VERIFY]    Verifying ECR is clean ...
2026-08-11 02:17:41 INFO     services.ecs: [VERIFY]    Verifying ECS is clean ...
2026-08-11 02:17:41 INFO     services.eks: [VERIFY]    Verifying EKS is clean ...
2026-08-11 02:17:41 INFO     services.elasticbeanstalk: [VERIFY]    Verifying Elastic Beanstalk is clean ...
2026-08-11 02:17:41 INFO     services.elb: [VERIFY]    Verifying ELB (v2 + classic) is clean ...
2026-08-11 02:17:41 INFO     services.eventbridge: [VERIFY]    Verifying EventBridge is clean ...
2026-08-11 02:17:41 INFO     services.iam: [VERIFY]    Verifying IAM is clean ...
2026-08-11 02:17:41 INFO     services.kms: [VERIFY]    Verifying KMS is clean (or all customer keys scheduled for deletion) ...
2026-08-11 02:17:41 INFO     services.lambda: [VERIFY]    Verifying Lambda is clean ...
2026-08-11 02:17:41 INFO     services.rds: [VERIFY]    Verifying RDS is clean ...
2026-08-11 02:17:41 INFO     services.s3: [VERIFY]    Verifying S3 is clean ...
2026-08-11 02:17:41 INFO     services.eks: [VERIFY]    EKS clean
2026-08-11 02:17:41 INFO     services.ecr: [VERIFY]    ECR clean
2026-08-11 02:17:41 INFO     services.elasticbeanstalk: [VERIFY]    Elastic Beanstalk clean
2026-08-11 02:17:41 INFO     services.cloudformation: [VERIFY]    CloudFormation clean
2026-08-11 02:17:41 INFO     services.rds: [VERIFY]    RDS clean
2026-08-11 02:17:41 INFO     services.s3: [VERIFY]    S3 clean
2026-08-11 02:17:41 INFO     services.autoscaling: [VERIFY]    Auto Scaling clean
2026-08-11 02:17:41 INFO     services.elb: [VERIFY]    ELB clean
2026-08-11 02:17:41 INFO     services.ecs: [VERIFY]    ECS clean
2026-08-11 02:17:41 INFO     services.lambda: [VERIFY]    Lambda clean
2026-08-11 02:17:41 INFO     services.eventbridge: [VERIFY]    EventBridge clean
2026-08-11 02:17:41 INFO     services.kms: [VERIFY]    KMS clean (0 customer keys scheduled for deletion, pending their waiting period)
2026-08-11 02:17:41 INFO     services.ec2: [VERIFY]    EC2 clean
2026-08-11 02:17:41 INFO     services.apigateway: [VERIFY]    API Gateway clean
2026-08-11 02:17:42 INFO     services.iam: [VERIFY]    IAM FAIL - 3 resources remain
2026-08-11 02:17:47 INFO     services.application-autoscaling: [VERIFY]    Application Auto Scaling clean
2026-08-11 02:17:47 INFO     orchestrator: [VERIFY]    Verification pass 2/5 found remaining resources in ['iam']; retrying in 15s
2026-08-11 02:18:02 INFO     services.apigateway: [VERIFY]    Verifying API Gateway is clean ...
2026-08-11 02:18:02 INFO     services.application-autoscaling: [VERIFY]    Verifying Application Auto Scaling is clean ...
2026-08-11 02:18:02 INFO     services.autoscaling: [VERIFY]    Verifying Auto Scaling is clean ...
2026-08-11 02:18:02 INFO     services.cloudformation: [VERIFY]    Verifying CloudFormation is clean ...
2026-08-11 02:18:02 INFO     services.ec2: [VERIFY]    Verifying EC2 is clean ...
2026-08-11 02:18:02 INFO     services.ecr: [VERIFY]    Verifying ECR is clean ...
2026-08-11 02:18:02 INFO     services.ecs: [VERIFY]    Verifying ECS is clean ...
2026-08-11 02:18:02 INFO     services.eks: [VERIFY]    Verifying EKS is clean ...
2026-08-11 02:18:02 INFO     services.elasticbeanstalk: [VERIFY]    Verifying Elastic Beanstalk is clean ...
2026-08-11 02:18:02 INFO     services.elb: [VERIFY]    Verifying ELB (v2 + classic) is clean ...
2026-08-11 02:18:02 INFO     services.eventbridge: [VERIFY]    Verifying EventBridge is clean ...
2026-08-11 02:18:02 INFO     services.iam: [VERIFY]    Verifying IAM is clean ...
2026-08-11 02:18:02 INFO     services.kms: [VERIFY]    Verifying KMS is clean (or all customer keys scheduled for deletion) ...
2026-08-11 02:18:02 INFO     services.lambda: [VERIFY]    Verifying Lambda is clean ...
2026-08-11 02:18:02 INFO     services.rds: [VERIFY]    Verifying RDS is clean ...
2026-08-11 02:18:02 INFO     services.s3: [VERIFY]    Verifying S3 is clean ...
2026-08-11 02:18:02 INFO     services.ecr: [VERIFY]    ECR clean
2026-08-11 02:18:02 INFO     services.elasticbeanstalk: [VERIFY]    Elastic Beanstalk clean
2026-08-11 02:18:02 INFO     services.eks: [VERIFY]    EKS clean
2026-08-11 02:18:02 INFO     services.cloudformation: [VERIFY]    CloudFormation clean
2026-08-11 02:18:02 INFO     services.rds: [VERIFY]    RDS clean
2026-08-11 02:18:02 INFO     services.autoscaling: [VERIFY]    Auto Scaling clean
2026-08-11 02:18:02 INFO     services.s3: [VERIFY]    S3 clean
2026-08-11 02:18:02 INFO     services.ecs: [VERIFY]    ECS clean
2026-08-11 02:18:02 INFO     services.elb: [VERIFY]    ELB clean
2026-08-11 02:18:02 INFO     services.lambda: [VERIFY]    Lambda clean
2026-08-11 02:18:02 INFO     services.eventbridge: [VERIFY]    EventBridge clean
2026-08-11 02:18:02 INFO     services.kms: [VERIFY]    KMS clean (0 customer keys scheduled for deletion, pending their waiting period)
2026-08-11 02:18:02 INFO     services.ec2: [VERIFY]    EC2 clean
2026-08-11 02:18:02 INFO     services.apigateway: [VERIFY]    API Gateway clean
2026-08-11 02:18:03 INFO     services.iam: [VERIFY]    IAM FAIL - 3 resources remain
2026-08-11 02:18:08 INFO     services.application-autoscaling: [VERIFY]    Application Auto Scaling clean
2026-08-11 02:18:08 INFO     orchestrator: [VERIFY]    Verification pass 3/5 found remaining resources in ['iam']; retrying in 15s
2026-08-11 02:18:23 INFO     services.apigateway: [VERIFY]    Verifying API Gateway is clean ...
2026-08-11 02:18:23 INFO     services.application-autoscaling: [VERIFY]    Verifying Application Auto Scaling is clean ...
2026-08-11 02:18:23 INFO     services.autoscaling: [VERIFY]    Verifying Auto Scaling is clean ...
2026-08-11 02:18:23 INFO     services.cloudformation: [VERIFY]    Verifying CloudFormation is clean ...
2026-08-11 02:18:23 INFO     services.ec2: [VERIFY]    Verifying EC2 is clean ...
2026-08-11 02:18:23 INFO     services.ecr: [VERIFY]    Verifying ECR is clean ...
2026-08-11 02:18:23 INFO     services.ecs: [VERIFY]    Verifying ECS is clean ...
2026-08-11 02:18:23 INFO     services.eks: [VERIFY]    Verifying EKS is clean ...
2026-08-11 02:18:23 INFO     services.elasticbeanstalk: [VERIFY]    Verifying Elastic Beanstalk is clean ...
2026-08-11 02:18:23 INFO     services.elb: [VERIFY]    Verifying ELB (v2 + classic) is clean ...
2026-08-11 02:18:23 INFO     services.eventbridge: [VERIFY]    Verifying EventBridge is clean ...
2026-08-11 02:18:23 INFO     services.iam: [VERIFY]    Verifying IAM is clean ...
2026-08-11 02:18:23 INFO     services.kms: [VERIFY]    Verifying KMS is clean (or all customer keys scheduled for deletion) ...
2026-08-11 02:18:23 INFO     services.lambda: [VERIFY]    Verifying Lambda is clean ...
2026-08-11 02:18:23 INFO     services.rds: [VERIFY]    Verifying RDS is clean ...
2026-08-11 02:18:23 INFO     services.s3: [VERIFY]    Verifying S3 is clean ...
2026-08-11 02:18:23 INFO     services.ecr: [VERIFY]    ECR clean
2026-08-11 02:18:23 INFO     services.eks: [VERIFY]    EKS clean
2026-08-11 02:18:23 INFO     services.elasticbeanstalk: [VERIFY]    Elastic Beanstalk clean
2026-08-11 02:18:23 INFO     services.cloudformation: [VERIFY]    CloudFormation clean
2026-08-11 02:18:23 INFO     services.rds: [VERIFY]    RDS clean
2026-08-11 02:18:23 INFO     services.s3: [VERIFY]    S3 clean
2026-08-11 02:18:23 INFO     services.ecs: [VERIFY]    ECS clean
2026-08-11 02:18:23 INFO     services.elb: [VERIFY]    ELB clean
2026-08-11 02:18:23 INFO     services.lambda: [VERIFY]    Lambda clean
2026-08-11 02:18:23 INFO     services.eventbridge: [VERIFY]    EventBridge clean
2026-08-11 02:18:23 INFO     services.ec2: [VERIFY]    EC2 clean
2026-08-11 02:18:23 INFO     services.apigateway: [VERIFY]    API Gateway clean
2026-08-11 02:18:24 INFO     services.autoscaling: [VERIFY]    Auto Scaling clean
2026-08-11 02:18:24 INFO     services.kms: [VERIFY]    KMS clean (0 customer keys scheduled for deletion, pending their waiting period)
2026-08-11 02:18:24 INFO     services.iam: [VERIFY]    IAM FAIL - 3 resources remain
2026-08-11 02:18:31 INFO     services.application-autoscaling: [VERIFY]    Application Auto Scaling clean
2026-08-11 02:18:31 INFO     orchestrator: [VERIFY]    Verification pass 4/5 found remaining resources in ['iam']; retrying in 15s
2026-08-11 02:18:46 INFO     services.apigateway: [VERIFY]    Verifying API Gateway is clean ...
2026-08-11 02:18:46 INFO     services.application-autoscaling: [VERIFY]    Verifying Application Auto Scaling is clean ...
2026-08-11 02:18:46 INFO     services.autoscaling: [VERIFY]    Verifying Auto Scaling is clean ...
2026-08-11 02:18:46 INFO     services.cloudformation: [VERIFY]    Verifying CloudFormation is clean ...
2026-08-11 02:18:46 INFO     services.ec2: [VERIFY]    Verifying EC2 is clean ...
2026-08-11 02:18:46 INFO     services.ecr: [VERIFY]    Verifying ECR is clean ...
2026-08-11 02:18:46 INFO     services.ecs: [VERIFY]    Verifying ECS is clean ...
2026-08-11 02:18:46 INFO     services.eks: [VERIFY]    Verifying EKS is clean ...
2026-08-11 02:18:46 INFO     services.elasticbeanstalk: [VERIFY]    Verifying Elastic Beanstalk is clean ...
2026-08-11 02:18:46 INFO     services.elb: [VERIFY]    Verifying ELB (v2 + classic) is clean ...
2026-08-11 02:18:46 INFO     services.eventbridge: [VERIFY]    Verifying EventBridge is clean ...
2026-08-11 02:18:46 INFO     services.iam: [VERIFY]    Verifying IAM is clean ...
2026-08-11 02:18:46 INFO     services.kms: [VERIFY]    Verifying KMS is clean (or all customer keys scheduled for deletion) ...
2026-08-11 02:18:46 INFO     services.lambda: [VERIFY]    Verifying Lambda is clean ...
2026-08-11 02:18:46 INFO     services.rds: [VERIFY]    Verifying RDS is clean ...
2026-08-11 02:18:46 INFO     services.s3: [VERIFY]    Verifying S3 is clean ...
2026-08-11 02:18:46 INFO     services.ecr: [VERIFY]    ECR clean
2026-08-11 02:18:46 INFO     services.eks: [VERIFY]    EKS clean
2026-08-11 02:18:46 INFO     services.elasticbeanstalk: [VERIFY]    Elastic Beanstalk clean
2026-08-11 02:18:46 INFO     services.cloudformation: [VERIFY]    CloudFormation clean
2026-08-11 02:18:46 INFO     services.rds: [VERIFY]    RDS clean
2026-08-11 02:18:46 INFO     services.s3: [VERIFY]    S3 clean
2026-08-11 02:18:46 INFO     services.autoscaling: [VERIFY]    Auto Scaling clean
2026-08-11 02:18:46 INFO     services.ecs: [VERIFY]    ECS clean
2026-08-11 02:18:46 INFO     services.elb: [VERIFY]    ELB clean
2026-08-11 02:18:46 INFO     services.lambda: [VERIFY]    Lambda clean
2026-08-11 02:18:46 INFO     services.eventbridge: [VERIFY]    EventBridge clean
2026-08-11 02:18:46 INFO     services.kms: [VERIFY]    KMS clean (0 customer keys scheduled for deletion, pending their waiting period)
2026-08-11 02:18:47 INFO     services.ec2: [VERIFY]    EC2 clean
2026-08-11 02:18:47 INFO     services.apigateway: [VERIFY]    API Gateway clean
2026-08-11 02:18:48 INFO     services.iam: [VERIFY]    IAM FAIL - 3 resources remain
2026-08-11 02:18:50 INFO     services.application-autoscaling: [VERIFY]    Application Auto Scaling clean
2026-08-11 02:18:50 INFO     orchestrator: Verification written to logs/reports/070640552464/ap-south-1/verification_pre_nuke.json
2026-08-11 02:18:50 WARNING  orchestrator: [WARN]      Pre aws-nuke verification: FAIL. Continuing to aws-nuke so it can attempt removal of remaining resources.
2026-08-11 02:18:50 INFO     orchestrator: PHASE 4 - aws-nuke disabled
2026-08-11 02:18:50 INFO     orchestrator: PHASE 5 - Final verification
2026-08-11 02:18:50 INFO     services.apigateway: [VERIFY]    Verifying API Gateway is clean ...
2026-08-11 02:18:50 INFO     services.application-autoscaling: [VERIFY]    Verifying Application Auto Scaling is clean ...
2026-08-11 02:18:50 INFO     services.autoscaling: [VERIFY]    Verifying Auto Scaling is clean ...
2026-08-11 02:18:50 INFO     services.cloudformation: [VERIFY]    Verifying CloudFormation is clean ...
2026-08-11 02:18:50 INFO     services.ec2: [VERIFY]    Verifying EC2 is clean ...
2026-08-11 02:18:50 INFO     services.ecr: [VERIFY]    Verifying ECR is clean ...
2026-08-11 02:18:50 INFO     services.ecs: [VERIFY]    Verifying ECS is clean ...
2026-08-11 02:18:50 INFO     services.eks: [VERIFY]    Verifying EKS is clean ...
2026-08-11 02:18:50 INFO     services.elasticbeanstalk: [VERIFY]    Verifying Elastic Beanstalk is clean ...
2026-08-11 02:18:50 INFO     services.elb: [VERIFY]    Verifying ELB (v2 + classic) is clean ...
2026-08-11 02:18:50 INFO     services.eventbridge: [VERIFY]    Verifying EventBridge is clean ...
2026-08-11 02:18:50 INFO     services.iam: [VERIFY]    Verifying IAM is clean ...
2026-08-11 02:18:50 INFO     services.kms: [VERIFY]    Verifying KMS is clean (or all customer keys scheduled for deletion) ...
2026-08-11 02:18:50 INFO     services.lambda: [VERIFY]    Verifying Lambda is clean ...
2026-08-11 02:18:50 INFO     services.rds: [VERIFY]    Verifying RDS is clean ...
2026-08-11 02:18:50 INFO     services.s3: [VERIFY]    Verifying S3 is clean ...
2026-08-11 02:18:50 INFO     services.cloudformation: [VERIFY]    CloudFormation clean
2026-08-11 02:18:50 INFO     services.ecr: [VERIFY]    ECR clean
2026-08-11 02:18:50 INFO     services.eks: [VERIFY]    EKS clean
2026-08-11 02:18:50 INFO     services.elasticbeanstalk: [VERIFY]    Elastic Beanstalk clean
2026-08-11 02:18:50 INFO     services.s3: [VERIFY]    S3 clean
2026-08-11 02:18:50 INFO     services.autoscaling: [VERIFY]    Auto Scaling clean
2026-08-11 02:18:50 INFO     services.ecs: [VERIFY]    ECS clean
2026-08-11 02:18:50 INFO     services.rds: [VERIFY]    RDS clean
2026-08-11 02:18:50 INFO     services.elb: [VERIFY]    ELB clean
2026-08-11 02:18:50 INFO     services.eventbridge: [VERIFY]    EventBridge clean
2026-08-11 02:18:50 INFO     services.lambda: [VERIFY]    Lambda clean
2026-08-11 02:18:51 INFO     services.kms: [VERIFY]    KMS clean (0 customer keys scheduled for deletion, pending their waiting period)
2026-08-11 02:18:51 INFO     services.apigateway: [VERIFY]    API Gateway clean
2026-08-11 02:18:51 INFO     services.ec2: [VERIFY]    EC2 clean
2026-08-11 02:18:52 INFO     services.iam: [VERIFY]    IAM FAIL - 3 resources remain
2026-08-11 02:19:06 INFO     services.application-autoscaling: [VERIFY]    Application Auto Scaling clean
2026-08-11 02:19:06 INFO     orchestrator: [VERIFY]    Verification pass 1/5 found remaining resources in ['iam']; retrying in 15s
2026-08-11 02:19:21 INFO     services.apigateway: [VERIFY]    Verifying API Gateway is clean ...
2026-08-11 02:19:21 INFO     services.application-autoscaling: [VERIFY]    Verifying Application Auto Scaling is clean ...
2026-08-11 02:19:21 INFO     services.autoscaling: [VERIFY]    Verifying Auto Scaling is clean ...
2026-08-11 02:19:21 INFO     services.cloudformation: [VERIFY]    Verifying CloudFormation is clean ...
2026-08-11 02:19:21 INFO     services.ec2: [VERIFY]    Verifying EC2 is clean ...
2026-08-11 02:19:21 INFO     services.ecr: [VERIFY]    Verifying ECR is clean ...
2026-08-11 02:19:21 INFO     services.ecs: [VERIFY]    Verifying ECS is clean ...
2026-08-11 02:19:21 INFO     services.eks: [VERIFY]    Verifying EKS is clean ...
2026-08-11 02:19:21 INFO     services.elasticbeanstalk: [VERIFY]    Verifying Elastic Beanstalk is clean ...
2026-08-11 02:19:21 INFO     services.elb: [VERIFY]    Verifying ELB (v2 + classic) is clean ...
2026-08-11 02:19:21 INFO     services.eventbridge: [VERIFY]    Verifying EventBridge is clean ...
2026-08-11 02:19:21 INFO     services.iam: [VERIFY]    Verifying IAM is clean ...
2026-08-11 02:19:21 INFO     services.kms: [VERIFY]    Verifying KMS is clean (or all customer keys scheduled for deletion) ...
2026-08-11 02:19:21 INFO     services.lambda: [VERIFY]    Verifying Lambda is clean ...
2026-08-11 02:19:21 INFO     services.rds: [VERIFY]    Verifying RDS is clean ...
2026-08-11 02:19:21 INFO     services.s3: [VERIFY]    Verifying S3 is clean ...
2026-08-11 02:19:21 INFO     services.ecr: [VERIFY]    ECR clean
2026-08-11 02:19:21 INFO     services.eks: [VERIFY]    EKS clean
2026-08-11 02:19:21 INFO     services.elasticbeanstalk: [VERIFY]    Elastic Beanstalk clean
2026-08-11 02:19:21 INFO     services.cloudformation: [VERIFY]    CloudFormation clean
2026-08-11 02:19:21 INFO     services.rds: [VERIFY]    RDS clean
2026-08-11 02:19:21 INFO     services.s3: [VERIFY]    S3 clean
2026-08-11 02:19:21 INFO     services.ecs: [VERIFY]    ECS clean
2026-08-11 02:19:21 INFO     services.elb: [VERIFY]    ELB clean
2026-08-11 02:19:21 INFO     services.lambda: [VERIFY]    Lambda clean
2026-08-11 02:19:21 INFO     services.eventbridge: [VERIFY]    EventBridge clean
2026-08-11 02:19:21 INFO     services.kms: [VERIFY]    KMS clean (0 customer keys scheduled for deletion, pending their waiting period)
2026-08-11 02:19:21 INFO     services.apigateway: [VERIFY]    API Gateway clean
2026-08-11 02:19:21 INFO     services.ec2: [VERIFY]    EC2 clean
2026-08-11 02:19:22 INFO     services.autoscaling: [VERIFY]    Auto Scaling clean
2026-08-11 02:19:22 INFO     services.iam: [VERIFY]    IAM FAIL - 3 resources remain
2026-08-11 02:19:32 INFO     services.application-autoscaling: [VERIFY]    Application Auto Scaling clean
2026-08-11 02:19:32 INFO     orchestrator: [VERIFY]    Verification pass 2/5 found remaining resources in ['iam']; retrying in 15s
2026-08-11 02:19:47 INFO     services.apigateway: [VERIFY]    Verifying API Gateway is clean ...
2026-08-11 02:19:47 INFO     services.application-autoscaling: [VERIFY]    Verifying Application Auto Scaling is clean ...
2026-08-11 02:19:47 INFO     services.autoscaling: [VERIFY]    Verifying Auto Scaling is clean ...
2026-08-11 02:19:47 INFO     services.cloudformation: [VERIFY]    Verifying CloudFormation is clean ...
2026-08-11 02:19:47 INFO     services.ec2: [VERIFY]    Verifying EC2 is clean ...
2026-08-11 02:19:47 INFO     services.ecr: [VERIFY]    Verifying ECR is clean ...
2026-08-11 02:19:47 INFO     services.ecs: [VERIFY]    Verifying ECS is clean ...
2026-08-11 02:19:47 INFO     services.eks: [VERIFY]    Verifying EKS is clean ...
2026-08-11 02:19:47 INFO     services.elasticbeanstalk: [VERIFY]    Verifying Elastic Beanstalk is clean ...
2026-08-11 02:19:47 INFO     services.elb: [VERIFY]    Verifying ELB (v2 + classic) is clean ...
2026-08-11 02:19:47 INFO     services.eventbridge: [VERIFY]    Verifying EventBridge is clean ...
2026-08-11 02:19:47 INFO     services.iam: [VERIFY]    Verifying IAM is clean ...
2026-08-11 02:19:47 INFO     services.kms: [VERIFY]    Verifying KMS is clean (or all customer keys scheduled for deletion) ...
2026-08-11 02:19:47 INFO     services.lambda: [VERIFY]    Verifying Lambda is clean ...
2026-08-11 02:19:47 INFO     services.rds: [VERIFY]    Verifying RDS is clean ...
2026-08-11 02:19:47 INFO     services.s3: [VERIFY]    Verifying S3 is clean ...
2026-08-11 02:19:47 INFO     services.ecr: [VERIFY]    ECR clean
2026-08-11 02:19:47 INFO     services.eks: [VERIFY]    EKS clean
2026-08-11 02:19:47 INFO     services.elasticbeanstalk: [VERIFY]    Elastic Beanstalk clean
2026-08-11 02:19:47 INFO     services.cloudformation: [VERIFY]    CloudFormation clean
2026-08-11 02:19:47 INFO     services.rds: [VERIFY]    RDS clean
2026-08-11 02:19:47 INFO     services.s3: [VERIFY]    S3 clean
2026-08-11 02:19:47 INFO     services.elb: [VERIFY]    ELB clean
2026-08-11 02:19:47 INFO     services.ecs: [VERIFY]    ECS clean
2026-08-11 02:19:47 INFO     services.autoscaling: [VERIFY]    Auto Scaling clean
2026-08-11 02:19:47 INFO     services.lambda: [VERIFY]    Lambda clean
2026-08-11 02:19:47 INFO     services.eventbridge: [VERIFY]    EventBridge clean
2026-08-11 02:19:47 INFO     services.kms: [VERIFY]    KMS clean (0 customer keys scheduled for deletion, pending their waiting period)
2026-08-11 02:19:47 INFO     services.apigateway: [VERIFY]    API Gateway clean
2026-08-11 02:19:47 INFO     services.ec2: [VERIFY]    EC2 clean
2026-08-11 02:19:48 INFO     services.iam: [VERIFY]    IAM FAIL - 3 resources remain
2026-08-11 02:19:52 INFO     services.application-autoscaling: [VERIFY]    Application Auto Scaling clean
2026-08-11 02:19:52 INFO     orchestrator: [VERIFY]    Verification pass 3/5 found remaining resources in ['iam']; retrying in 15s
2026-08-11 02:20:07 INFO     services.apigateway: [VERIFY]    Verifying API Gateway is clean ...
2026-08-11 02:20:07 INFO     services.application-autoscaling: [VERIFY]    Verifying Application Auto Scaling is clean ...
2026-08-11 02:20:07 INFO     services.autoscaling: [VERIFY]    Verifying Auto Scaling is clean ...
2026-08-11 02:20:07 INFO     services.cloudformation: [VERIFY]    Verifying CloudFormation is clean ...
2026-08-11 02:20:07 INFO     services.ec2: [VERIFY]    Verifying EC2 is clean ...
2026-08-11 02:20:07 INFO     services.ecr: [VERIFY]    Verifying ECR is clean ...
2026-08-11 02:20:07 INFO     services.ecs: [VERIFY]    Verifying ECS is clean ...
2026-08-11 02:20:07 INFO     services.eks: [VERIFY]    Verifying EKS is clean ...
2026-08-11 02:20:07 INFO     services.elasticbeanstalk: [VERIFY]    Verifying Elastic Beanstalk is clean ...
2026-08-11 02:20:07 INFO     services.kms: [VERIFY]    Verifying KMS is clean (or all customer keys scheduled for deletion) ...
2026-08-11 02:20:07 INFO     services.eventbridge: [VERIFY]    Verifying EventBridge is clean ...
2026-08-11 02:20:07 INFO     services.iam: [VERIFY]    Verifying IAM is clean ...
2026-08-11 02:20:07 INFO     services.elb: [VERIFY]    Verifying ELB (v2 + classic) is clean ...
2026-08-11 02:20:07 INFO     services.lambda: [VERIFY]    Verifying Lambda is clean ...
2026-08-11 02:20:07 INFO     services.rds: [VERIFY]    Verifying RDS is clean ...
2026-08-11 02:20:07 INFO     services.s3: [VERIFY]    Verifying S3 is clean ...
2026-08-11 02:20:07 INFO     services.eks: [VERIFY]    EKS clean
2026-08-11 02:20:07 INFO     services.ecr: [VERIFY]    ECR clean
2026-08-11 02:20:07 INFO     services.elasticbeanstalk: [VERIFY]    Elastic Beanstalk clean
2026-08-11 02:20:08 INFO     services.cloudformation: [VERIFY]    CloudFormation clean
2026-08-11 02:20:08 INFO     services.rds: [VERIFY]    RDS clean
2026-08-11 02:20:08 INFO     services.s3: [VERIFY]    S3 clean
2026-08-11 02:20:08 INFO     services.elb: [VERIFY]    ELB clean
2026-08-11 02:20:08 INFO     services.autoscaling: [VERIFY]    Auto Scaling clean
2026-08-11 02:20:08 INFO     services.ecs: [VERIFY]    ECS clean
2026-08-11 02:20:08 INFO     services.lambda: [VERIFY]    Lambda clean
2026-08-11 02:20:08 INFO     services.eventbridge: [VERIFY]    EventBridge clean
2026-08-11 02:20:08 INFO     services.kms: [VERIFY]    KMS clean (0 customer keys scheduled for deletion, pending their waiting period)
2026-08-11 02:20:08 INFO     services.apigateway: [VERIFY]    API Gateway clean
2026-08-11 02:20:08 INFO     services.ec2: [VERIFY]    EC2 clean
2026-08-11 02:20:09 INFO     services.iam: [VERIFY]    IAM FAIL - 3 resources remain
2026-08-11 02:20:14 INFO     services.application-autoscaling: [VERIFY]    Application Auto Scaling clean
2026-08-11 02:20:14 INFO     orchestrator: [VERIFY]    Verification pass 4/5 found remaining resources in ['iam']; retrying in 15s
2026-08-11 02:20:29 INFO     services.apigateway: [VERIFY]    Verifying API Gateway is clean ...
2026-08-11 02:20:29 INFO     services.application-autoscaling: [VERIFY]    Verifying Application Auto Scaling is clean ...
2026-08-11 02:20:29 INFO     services.autoscaling: [VERIFY]    Verifying Auto Scaling is clean ...
2026-08-11 02:20:29 INFO     services.cloudformation: [VERIFY]    Verifying CloudFormation is clean ...
2026-08-11 02:20:29 INFO     services.ec2: [VERIFY]    Verifying EC2 is clean ...
2026-08-11 02:20:29 INFO     services.ecr: [VERIFY]    Verifying ECR is clean ...
2026-08-11 02:20:29 INFO     services.ecs: [VERIFY]    Verifying ECS is clean ...
2026-08-11 02:20:29 INFO     services.eks: [VERIFY]    Verifying EKS is clean ...
2026-08-11 02:20:29 INFO     services.elasticbeanstalk: [VERIFY]    Verifying Elastic Beanstalk is clean ...
2026-08-11 02:20:29 INFO     services.elb: [VERIFY]    Verifying ELB (v2 + classic) is clean ...
2026-08-11 02:20:29 INFO     services.eventbridge: [VERIFY]    Verifying EventBridge is clean ...
2026-08-11 02:20:29 INFO     services.iam: [VERIFY]    Verifying IAM is clean ...
2026-08-11 02:20:29 INFO     services.kms: [VERIFY]    Verifying KMS is clean (or all customer keys scheduled for deletion) ...
2026-08-11 02:20:29 INFO     services.lambda: [VERIFY]    Verifying Lambda is clean ...
2026-08-11 02:20:29 INFO     services.rds: [VERIFY]    Verifying RDS is clean ...
2026-08-11 02:20:29 INFO     services.s3: [VERIFY]    Verifying S3 is clean ...
2026-08-11 02:20:29 INFO     services.elasticbeanstalk: [VERIFY]    Elastic Beanstalk clean
2026-08-11 02:20:29 INFO     services.ecr: [VERIFY]    ECR clean
2026-08-11 02:20:29 INFO     services.eks: [VERIFY]    EKS clean
2026-08-11 02:20:29 INFO     services.rds: [VERIFY]    RDS clean
2026-08-11 02:20:30 INFO     services.ecs: [VERIFY]    ECS clean
2026-08-11 02:20:30 INFO     services.s3: [VERIFY]    S3 clean
2026-08-11 02:20:30 INFO     services.lambda: [VERIFY]    Lambda clean
2026-08-11 02:20:30 INFO     services.elb: [VERIFY]    ELB clean
2026-08-11 02:20:30 INFO     services.autoscaling: [VERIFY]    Auto Scaling clean
2026-08-11 02:20:30 INFO     services.eventbridge: [VERIFY]    EventBridge clean
2026-08-11 02:20:30 INFO     services.kms: [VERIFY]    KMS clean (0 customer keys scheduled for deletion, pending their waiting period)
2026-08-11 02:20:30 INFO     services.apigateway: [VERIFY]    API Gateway clean
2026-08-11 02:20:30 INFO     services.ec2: [VERIFY]    EC2 clean
2026-08-11 02:20:31 INFO     services.cloudformation: [VERIFY]    CloudFormation clean
2026-08-11 02:20:32 INFO     services.iam: [VERIFY]    IAM FAIL - 3 resources remain
2026-08-11 02:20:37 INFO     services.application-autoscaling: [VERIFY]    Application Auto Scaling clean
2026-08-11 02:20:37 INFO     orchestrator: Verification written to logs/reports/070640552464/ap-south-1/verification_final.json
2026-08-11 02:20:37 ERROR    orchestrator: [ERROR]     Final verification: FAIL
2026-08-11 02:20:37 INFO     orchestrator: PHASE 6 - Report generation
2026-08-11 02:20:37 INFO     cleanup_engine: ======================================================================
2026-08-11 02:20:37 INFO     cleanup_engine: Account cleanup result: FAIL
2026-08-11 02:20:37 INFO     cleanup_engine: Reusable: False
2026-08-11 02:20:37 INFO     cleanup_engine: Remaining resources: 3
2026-08-11 02:20:37 INFO     cleanup_engine: ======================================================================
2026-08-11 02:27:05 INFO     cleanup_engine: Attempting to acquire cleanup lock for account 070640552464
2026-08-11 02:27:05 INFO     cleanup_engine: Cleanup lock acquired for account 070640552464
2026-08-11 02:27:05 INFO     cleanup_engine: ======================================================================
2026-08-11 02:27:05 INFO     cleanup_engine: Starting cleanup for account 070640552464
2026-08-11 02:27:05 INFO     cleanup_engine: Role: OrganizationAccountAccessRole
2026-08-11 02:27:05 INFO     cleanup_engine: Regions: ap-south-1
2026-08-11 02:27:05 INFO     cleanup_engine: Dry run: True
2026-08-11 02:27:05 INFO     cleanup_engine: ======================================================================
2026-08-11 02:27:05 INFO     cleanup_engine: Generated aws-nuke config: logs/runtime/070640552464/nuke-config.yaml
2026-08-11 02:27:05 INFO     cleanup_engine: --- Account 070640552464 / region ap-south-1 ---
2026-08-11 02:27:05 INFO     cleanup_engine: STS account verification passed: 070640552464
2026-08-11 02:27:05 INFO     orchestrator: Starting cleanup run for account 070640552464 in ap-south-1
2026-08-11 02:27:06 INFO     orchestrator: Discovered 16 service plugins: apigateway, application-autoscaling, autoscaling, cloudformation, ec2, ecr, ecs, eks, elasticbeanstalk, elb, eventbridge, iam, kms, lambda, rds, s3
2026-08-11 02:27:06 INFO     orchestrator: PHASE 1 - Inventory
2026-08-11 02:27:06 INFO     services.apigateway: [DISCOVER]  Scanning API Gateway (REST + HTTP/WebSocket) resources ...
2026-08-11 02:27:06 INFO     services.application-autoscaling: [DISCOVER]  Scanning Application Auto Scaling across 15 service namespaces ...
2026-08-11 02:27:06 INFO     services.autoscaling: [DISCOVER]  Scanning Auto Scaling groups and launch configurations ...
2026-08-11 02:27:06 INFO     services.cloudformation: [DISCOVER]  Scanning CloudFormation stacks ...
2026-08-11 02:27:06 INFO     services.ec2: [DISCOVER]  Scanning EC2 instances, volumes, snapshots, and networking resources ...
2026-08-11 02:27:06 INFO     services.ecr: [DISCOVER]  Scanning ECR repositories ...
2026-08-11 02:27:06 INFO     services.ecs: [DISCOVER]  Scanning ECS clusters, services, tasks, container instances, and task definitions ...
2026-08-11 02:27:06 INFO     services.eks: [DISCOVER]  Scanning EKS clusters and their node groups, Fargate profiles, and add-ons ...
2026-08-11 02:27:06 INFO     services.elasticbeanstalk: [DISCOVER]  Scanning Elastic Beanstalk applications, environments, versions, and configuration templates ...
2026-08-11 02:27:06 INFO     services.elb: [DISCOVER]  Scanning ELB (v2 + classic) load balancers and target groups ...
2026-08-11 02:27:06 INFO     services.eventbridge: [DISCOVER]  Scanning EventBridge buses, rules, archives, and schema registries ...
2026-08-11 02:27:06 INFO     services.iam: [DISCOVER]  Scanning IAM roles, policies, instance profiles, users, and groups ...
2026-08-11 02:27:06 INFO     services.kms: [DISCOVER]  Scanning KMS customer managed keys and aliases ...
2026-08-11 02:27:06 INFO     services.lambda: [DISCOVER]  Scanning Lambda functions, event source mappings, and layer versions ...
2026-08-11 02:27:06 INFO     services.rds: [DISCOVER]  Scanning RDS clusters and instances ...
2026-08-11 02:27:06 INFO     services.s3: [DISCOVER]  Scanning S3 buckets ...
2026-08-11 02:27:06 INFO     services.elasticbeanstalk: [DISCOVER]  Found 0 applications, 0 environments, 0 application versions, 0 configuration templates
2026-08-11 02:27:06 INFO     services.iam: IAM runtime protected_resource_arns=[]
2026-08-11 02:27:06 INFO     services.s3: [DISCOVER]  Found 0 buckets
2026-08-11 02:27:06 INFO     services.elb: [DISCOVER]  Found 0 v2 load balancers, 0 target groups, 0 classic load balancers
2026-08-11 02:27:06 INFO     services.eventbridge: [DISCOVER]  Found 0 custom event buses, 0 rules, 0 archives, 0 custom schema registries, 0 schemas
2026-08-11 02:27:07 INFO     services.cloudformation: [DISCOVER]  Found 0 stacks
2026-08-11 02:27:07 INFO     services.autoscaling: [DISCOVER]  Found 0 Auto Scaling groups, 0 launch configurations
2026-08-11 02:27:07 INFO     services.ecr: [DISCOVER]  Found 0 repositories
2026-08-11 02:27:07 INFO     services.eks: [DISCOVER]  Found 0 clusters, 0 node groups, 0 Fargate profiles, 0 add-ons, 0 access entries
2026-08-11 02:27:07 INFO     services.ecs: [DISCOVER]  Found 0 clusters, 0 services, 0 standalone tasks, 0 container instances, 0 active task definitions
2026-08-11 02:27:07 INFO     services.rds: [DISCOVER]  Found 0 DB clusters and 0 DB instances
2026-08-11 02:27:07 INFO     services.lambda: [DISCOVER]  Found 0 functions, 0 event source mappings, 0 layer versions
2026-08-11 02:27:07 INFO     services.kms: [DISCOVER]  Found 0 customer managed keys, 0 aliases (4 AWS managed keys excluded -- not customer-deletable)
2026-08-11 02:27:07 INFO     services.apigateway: [DISCOVER]  Found API Gateway resources: {}
2026-08-11 02:27:07 INFO     services.ec2: [DISCOVER]  Found 0 instances, 0 volumes, 0 snapshots, 0 networking resources
2026-08-11 02:27:10 INFO     services.iam: [DISCOVER]  Protecting currently-assumed role 'OrganizationAccountAccessRole' from deletion
2026-08-11 02:27:10 INFO     services.iam: [DISCOVER]  Found 0 deletable roles, 2 deletable customer-managed policies, 0 instance profiles, 1 users, 0 groups
2026-08-11 02:27:19 INFO     services.application-autoscaling: [DISCOVER]  Found 0 scalable targets, 0 scaling policies, 0 scheduled actions
2026-08-11 02:27:19 INFO     orchestrator: Inventory written to logs/reports/070640552464/ap-south-1/inventory.json
2026-08-11 02:27:19 INFO     orchestrator: PHASE 2 - Custom cleanup
2026-08-11 02:27:19 INFO     orchestrator: Cleaning up service: apigateway
2026-08-11 02:27:19 INFO     services.apigateway: [CLEANUP]   No API Gateway resources to delete
2026-08-11 02:27:19 INFO     orchestrator: Cleaning up service: application-autoscaling
2026-08-11 02:27:19 INFO     services.application-autoscaling: [CLEANUP]   No Application Auto Scaling resources to delete
2026-08-11 02:27:19 INFO     orchestrator: Cleaning up service: autoscaling
2026-08-11 02:27:19 INFO     services.autoscaling: [CLEANUP]   No Auto Scaling resources to delete
2026-08-11 02:27:19 INFO     orchestrator: Cleaning up service: cloudformation
2026-08-11 02:27:19 INFO     services.cloudformation: [CLEANUP]   No CloudFormation stacks to delete
2026-08-11 02:27:19 INFO     orchestrator: Cleaning up service: ec2
2026-08-11 02:27:19 INFO     services.ec2: [CLEANUP]   No EC2 resources to delete
2026-08-11 02:27:19 INFO     orchestrator: Cleaning up service: ecr
2026-08-11 02:27:19 INFO     services.ecr: [CLEANUP]   No ECR resources to delete
2026-08-11 02:27:19 INFO     orchestrator: Cleaning up service: ecs
2026-08-11 02:27:19 INFO     services.ecs: [CLEANUP]   No ECS resources to delete
2026-08-11 02:27:19 INFO     orchestrator: Cleaning up service: eks
2026-08-11 02:27:19 INFO     services.eks: [CLEANUP]   No EKS resources to delete
2026-08-11 02:27:19 INFO     orchestrator: Cleaning up service: elasticbeanstalk
2026-08-11 02:27:19 INFO     services.elasticbeanstalk: [CLEANUP]   No Elastic Beanstalk resources to delete
2026-08-11 02:27:19 INFO     orchestrator: Cleaning up service: elb
2026-08-11 02:27:19 INFO     services.elb: [CLEANUP]   No ELB resources to delete
2026-08-11 02:27:19 INFO     orchestrator: Cleaning up service: eventbridge
2026-08-11 02:27:19 INFO     services.eventbridge: [CLEANUP]   No EventBridge resources to delete
2026-08-11 02:27:19 INFO     orchestrator: Cleaning up service: iam
2026-08-11 02:27:19 INFO     services.iam: [CLEANUP]   [DRY-RUN] Would delete IAM policy DefaultIamPolicy
2026-08-11 02:27:19 INFO     services.iam: [CLEANUP]   [DRY-RUN] Would delete IAM policy CoderCreatedIdentityBoundary
2026-08-11 02:27:19 INFO     services.iam: [CLEANUP]   [DRY-RUN] Would delete IAM user Coder
2026-08-11 02:27:19 INFO     orchestrator: Cleaning up service: kms
2026-08-11 02:27:19 INFO     services.kms: [CLEANUP]   No KMS resources to delete
2026-08-11 02:27:19 INFO     orchestrator: Cleaning up service: lambda
2026-08-11 02:27:19 INFO     services.lambda: [CLEANUP]   No Lambda resources to delete
2026-08-11 02:27:19 INFO     orchestrator: Cleaning up service: rds
2026-08-11 02:27:19 INFO     services.rds: [CLEANUP]   No RDS clusters or instances to delete
2026-08-11 02:27:19 INFO     orchestrator: Cleaning up service: s3
2026-08-11 02:27:19 INFO     services.s3: [CLEANUP]   No S3 buckets to delete
2026-08-11 02:27:19 INFO     orchestrator: PHASE 3 - Pre aws-nuke verification
2026-08-11 02:27:19 INFO     services.apigateway: [VERIFY]    Verifying API Gateway is clean ...
2026-08-11 02:27:19 INFO     services.application-autoscaling: [VERIFY]    Verifying Application Auto Scaling is clean ...
2026-08-11 02:27:19 INFO     services.autoscaling: [VERIFY]    Verifying Auto Scaling is clean ...
2026-08-11 02:27:19 INFO     services.cloudformation: [VERIFY]    Verifying CloudFormation is clean ...
2026-08-11 02:27:19 INFO     services.ec2: [VERIFY]    Verifying EC2 is clean ...
2026-08-11 02:27:19 INFO     services.ecr: [VERIFY]    Verifying ECR is clean ...
2026-08-11 02:27:19 INFO     services.ecs: [VERIFY]    Verifying ECS is clean ...
2026-08-11 02:27:19 INFO     services.eks: [VERIFY]    Verifying EKS is clean ...
2026-08-11 02:27:19 INFO     services.elasticbeanstalk: [VERIFY]    Verifying Elastic Beanstalk is clean ...
2026-08-11 02:27:19 INFO     services.elb: [VERIFY]    Verifying ELB (v2 + classic) is clean ...
2026-08-11 02:27:19 INFO     services.eventbridge: [VERIFY]    Verifying EventBridge is clean ...
2026-08-11 02:27:19 INFO     services.iam: [VERIFY]    Verifying IAM is clean ...
2026-08-11 02:27:19 INFO     services.kms: [VERIFY]    Verifying KMS is clean (or all customer keys scheduled for deletion) ...
2026-08-11 02:27:19 INFO     services.lambda: [VERIFY]    Verifying Lambda is clean ...
2026-08-11 02:27:19 INFO     services.rds: [VERIFY]    Verifying RDS is clean ...
2026-08-11 02:27:19 INFO     services.s3: [VERIFY]    Verifying S3 is clean ...
2026-08-11 02:27:19 INFO     services.ecr: [VERIFY]    ECR clean
2026-08-11 02:27:19 INFO     services.eks: [VERIFY]    EKS clean
2026-08-11 02:27:19 INFO     services.elasticbeanstalk: [VERIFY]    Elastic Beanstalk clean
2026-08-11 02:27:19 INFO     services.cloudformation: [VERIFY]    CloudFormation clean
2026-08-11 02:27:19 INFO     services.rds: [VERIFY]    RDS clean
2026-08-11 02:27:19 INFO     services.elb: [VERIFY]    ELB clean
2026-08-11 02:27:19 INFO     services.ecs: [VERIFY]    ECS clean
2026-08-11 02:27:19 INFO     services.s3: [VERIFY]    S3 clean
2026-08-11 02:27:19 INFO     services.lambda: [VERIFY]    Lambda clean
2026-08-11 02:27:19 INFO     services.autoscaling: [VERIFY]    Auto Scaling clean
2026-08-11 02:27:19 INFO     services.eventbridge: [VERIFY]    EventBridge clean
2026-08-11 02:27:19 INFO     services.kms: [VERIFY]    KMS clean (0 customer keys scheduled for deletion, pending their waiting period)
2026-08-11 02:27:19 INFO     services.ec2: [VERIFY]    EC2 clean
2026-08-11 02:27:19 INFO     services.apigateway: [VERIFY]    API Gateway clean
2026-08-11 02:27:20 INFO     services.iam: [VERIFY]    IAM FAIL - 3 resources remain
2026-08-11 02:27:33 INFO     services.application-autoscaling: [VERIFY]    Application Auto Scaling clean
2026-08-11 02:27:33 INFO     orchestrator: [VERIFY]    Verification pass 1/5 found remaining resources in ['iam']; retrying in 15s
2026-08-11 02:27:48 INFO     services.apigateway: [VERIFY]    Verifying API Gateway is clean ...
2026-08-11 02:27:48 INFO     services.application-autoscaling: [VERIFY]    Verifying Application Auto Scaling is clean ...
2026-08-11 02:27:48 INFO     services.autoscaling: [VERIFY]    Verifying Auto Scaling is clean ...
2026-08-11 02:27:48 INFO     services.cloudformation: [VERIFY]    Verifying CloudFormation is clean ...
2026-08-11 02:27:48 INFO     services.ec2: [VERIFY]    Verifying EC2 is clean ...
2026-08-11 02:27:48 INFO     services.ecr: [VERIFY]    Verifying ECR is clean ...
2026-08-11 02:27:48 INFO     services.ecs: [VERIFY]    Verifying ECS is clean ...
2026-08-11 02:27:48 INFO     services.eks: [VERIFY]    Verifying EKS is clean ...
2026-08-11 02:27:48 INFO     services.elasticbeanstalk: [VERIFY]    Verifying Elastic Beanstalk is clean ...
2026-08-11 02:27:48 INFO     services.elb: [VERIFY]    Verifying ELB (v2 + classic) is clean ...
2026-08-11 02:27:48 INFO     services.eventbridge: [VERIFY]    Verifying EventBridge is clean ...
2026-08-11 02:27:48 INFO     services.iam: [VERIFY]    Verifying IAM is clean ...
2026-08-11 02:27:48 INFO     services.lambda: [VERIFY]    Verifying Lambda is clean ...
2026-08-11 02:27:48 INFO     services.kms: [VERIFY]    Verifying KMS is clean (or all customer keys scheduled for deletion) ...
2026-08-11 02:27:48 INFO     services.rds: [VERIFY]    Verifying RDS is clean ...
2026-08-11 02:27:48 INFO     services.s3: [VERIFY]    Verifying S3 is clean ...
2026-08-11 02:27:48 INFO     services.ecr: [VERIFY]    ECR clean
2026-08-11 02:27:48 INFO     services.eks: [VERIFY]    EKS clean
2026-08-11 02:27:48 INFO     services.elasticbeanstalk: [VERIFY]    Elastic Beanstalk clean
2026-08-11 02:27:48 INFO     services.rds: [VERIFY]    RDS clean
2026-08-11 02:27:48 INFO     services.ecs: [VERIFY]    ECS clean
2026-08-11 02:27:48 INFO     services.s3: [VERIFY]    S3 clean
2026-08-11 02:27:48 INFO     services.elb: [VERIFY]    ELB clean
2026-08-11 02:27:49 INFO     services.autoscaling: [VERIFY]    Auto Scaling clean
2026-08-11 02:27:49 INFO     services.lambda: [VERIFY]    Lambda clean
2026-08-11 02:27:49 INFO     services.eventbridge: [VERIFY]    EventBridge clean
2026-08-11 02:27:49 INFO     services.kms: [VERIFY]    KMS clean (0 customer keys scheduled for deletion, pending their waiting period)
2026-08-11 02:27:49 INFO     services.ec2: [VERIFY]    EC2 clean
2026-08-11 02:27:49 INFO     services.apigateway: [VERIFY]    API Gateway clean
2026-08-11 02:27:49 INFO     services.cloudformation: [VERIFY]    CloudFormation clean
2026-08-11 02:27:50 INFO     services.iam: [VERIFY]    IAM FAIL - 3 resources remain
2026-08-11 02:27:54 INFO     services.application-autoscaling: [VERIFY]    Application Auto Scaling clean
2026-08-11 02:27:54 INFO     orchestrator: [VERIFY]    Verification pass 2/5 found remaining resources in ['iam']; retrying in 15s
2026-08-11 02:28:09 INFO     services.apigateway: [VERIFY]    Verifying API Gateway is clean ...
2026-08-11 02:28:09 INFO     services.application-autoscaling: [VERIFY]    Verifying Application Auto Scaling is clean ...
2026-08-11 02:28:09 INFO     services.autoscaling: [VERIFY]    Verifying Auto Scaling is clean ...
2026-08-11 02:28:09 INFO     services.cloudformation: [VERIFY]    Verifying CloudFormation is clean ...
2026-08-11 02:28:09 INFO     services.ec2: [VERIFY]    Verifying EC2 is clean ...
2026-08-11 02:28:09 INFO     services.ecr: [VERIFY]    Verifying ECR is clean ...
2026-08-11 02:28:09 INFO     services.ecs: [VERIFY]    Verifying ECS is clean ...
2026-08-11 02:28:09 INFO     services.eks: [VERIFY]    Verifying EKS is clean ...
2026-08-11 02:28:09 INFO     services.elasticbeanstalk: [VERIFY]    Verifying Elastic Beanstalk is clean ...
2026-08-11 02:28:09 INFO     services.elb: [VERIFY]    Verifying ELB (v2 + classic) is clean ...
2026-08-11 02:28:09 INFO     services.eventbridge: [VERIFY]    Verifying EventBridge is clean ...
2026-08-11 02:28:09 INFO     services.iam: [VERIFY]    Verifying IAM is clean ...
2026-08-11 02:28:09 INFO     services.kms: [VERIFY]    Verifying KMS is clean (or all customer keys scheduled for deletion) ...
2026-08-11 02:28:09 INFO     services.lambda: [VERIFY]    Verifying Lambda is clean ...
2026-08-11 02:28:09 INFO     services.rds: [VERIFY]    Verifying RDS is clean ...
2026-08-11 02:28:09 INFO     services.s3: [VERIFY]    Verifying S3 is clean ...
2026-08-11 02:28:09 INFO     services.ecr: [VERIFY]    ECR clean
2026-08-11 02:28:09 INFO     services.elasticbeanstalk: [VERIFY]    Elastic Beanstalk clean
2026-08-11 02:28:09 INFO     services.eks: [VERIFY]    EKS clean
2026-08-11 02:28:09 INFO     services.rds: [VERIFY]    RDS clean
2026-08-11 02:28:09 INFO     services.elb: [VERIFY]    ELB clean
2026-08-11 02:28:09 INFO     services.s3: [VERIFY]    S3 clean
2026-08-11 02:28:09 INFO     services.autoscaling: [VERIFY]    Auto Scaling clean
2026-08-11 02:28:09 INFO     services.ecs: [VERIFY]    ECS clean
2026-08-11 02:28:09 INFO     services.lambda: [VERIFY]    Lambda clean
2026-08-11 02:28:09 INFO     services.eventbridge: [VERIFY]    EventBridge clean
2026-08-11 02:28:09 INFO     services.kms: [VERIFY]    KMS clean (0 customer keys scheduled for deletion, pending their waiting period)
2026-08-11 02:28:10 INFO     services.ec2: [VERIFY]    EC2 clean
2026-08-11 02:28:10 INFO     services.apigateway: [VERIFY]    API Gateway clean
2026-08-11 02:28:10 INFO     services.cloudformation: [VERIFY]    CloudFormation clean
2026-08-11 02:28:11 INFO     services.iam: [VERIFY]    IAM FAIL - 3 resources remain
2026-08-11 02:28:14 INFO     services.application-autoscaling: [VERIFY]    Application Auto Scaling clean
2026-08-11 02:28:14 INFO     orchestrator: [VERIFY]    Verification pass 3/5 found remaining resources in ['iam']; retrying in 15s
2026-08-11 02:28:29 INFO     services.apigateway: [VERIFY]    Verifying API Gateway is clean ...
2026-08-11 02:28:29 INFO     services.application-autoscaling: [VERIFY]    Verifying Application Auto Scaling is clean ...
2026-08-11 02:28:29 INFO     services.autoscaling: [VERIFY]    Verifying Auto Scaling is clean ...
2026-08-11 02:28:29 INFO     services.cloudformation: [VERIFY]    Verifying CloudFormation is clean ...
2026-08-11 02:28:29 INFO     services.ec2: [VERIFY]    Verifying EC2 is clean ...
2026-08-11 02:28:29 INFO     services.ecr: [VERIFY]    Verifying ECR is clean ...
2026-08-11 02:28:29 INFO     services.ecs: [VERIFY]    Verifying ECS is clean ...
2026-08-11 02:28:29 INFO     services.eks: [VERIFY]    Verifying EKS is clean ...
2026-08-11 02:28:29 INFO     services.elasticbeanstalk: [VERIFY]    Verifying Elastic Beanstalk is clean ...
2026-08-11 02:28:29 INFO     services.elb: [VERIFY]    Verifying ELB (v2 + classic) is clean ...
2026-08-11 02:28:29 INFO     services.eventbridge: [VERIFY]    Verifying EventBridge is clean ...
2026-08-11 02:28:29 INFO     services.iam: [VERIFY]    Verifying IAM is clean ...
2026-08-11 02:28:29 INFO     services.kms: [VERIFY]    Verifying KMS is clean (or all customer keys scheduled for deletion) ...
2026-08-11 02:28:29 INFO     services.lambda: [VERIFY]    Verifying Lambda is clean ...
2026-08-11 02:28:29 INFO     services.rds: [VERIFY]    Verifying RDS is clean ...
2026-08-11 02:28:29 INFO     services.s3: [VERIFY]    Verifying S3 is clean ...
2026-08-11 02:28:29 INFO     services.ecr: [VERIFY]    ECR clean
2026-08-11 02:28:29 INFO     services.eks: [VERIFY]    EKS clean
2026-08-11 02:28:30 INFO     services.elasticbeanstalk: [VERIFY]    Elastic Beanstalk clean
2026-08-11 02:28:30 INFO     services.cloudformation: [VERIFY]    CloudFormation clean
2026-08-11 02:28:30 INFO     services.rds: [VERIFY]    RDS clean
2026-08-11 02:28:30 INFO     services.ecs: [VERIFY]    ECS clean
2026-08-11 02:28:30 INFO     services.elb: [VERIFY]    ELB clean
2026-08-11 02:28:30 INFO     services.lambda: [VERIFY]    Lambda clean
2026-08-11 02:28:30 INFO     services.eventbridge: [VERIFY]    EventBridge clean
2026-08-11 02:28:30 INFO     services.kms: [VERIFY]    KMS clean (0 customer keys scheduled for deletion, pending their waiting period)
2026-08-11 02:28:30 INFO     services.ec2: [VERIFY]    EC2 clean
2026-08-11 02:28:30 INFO     services.apigateway: [VERIFY]    API Gateway clean
2026-08-11 02:28:31 INFO     services.s3: [VERIFY]    S3 clean
2026-08-11 02:28:31 INFO     services.autoscaling: [VERIFY]    Auto Scaling clean
2026-08-11 02:28:31 INFO     services.iam: [VERIFY]    IAM FAIL - 3 resources remain
2026-08-11 02:28:35 INFO     services.application-autoscaling: [VERIFY]    Application Auto Scaling clean
2026-08-11 02:28:35 INFO     orchestrator: [VERIFY]    Verification pass 4/5 found remaining resources in ['iam']; retrying in 15s
2026-08-11 02:28:50 INFO     services.apigateway: [VERIFY]    Verifying API Gateway is clean ...
2026-08-11 02:28:50 INFO     services.application-autoscaling: [VERIFY]    Verifying Application Auto Scaling is clean ...
2026-08-11 02:28:50 INFO     services.autoscaling: [VERIFY]    Verifying Auto Scaling is clean ...
2026-08-11 02:28:50 INFO     services.cloudformation: [VERIFY]    Verifying CloudFormation is clean ...
2026-08-11 02:28:50 INFO     services.ec2: [VERIFY]    Verifying EC2 is clean ...
2026-08-11 02:28:50 INFO     services.ecr: [VERIFY]    Verifying ECR is clean ...
2026-08-11 02:28:50 INFO     services.ecs: [VERIFY]    Verifying ECS is clean ...
2026-08-11 02:28:50 INFO     services.eks: [VERIFY]    Verifying EKS is clean ...
2026-08-11 02:28:50 INFO     services.elasticbeanstalk: [VERIFY]    Verifying Elastic Beanstalk is clean ...
2026-08-11 02:28:50 INFO     services.elb: [VERIFY]    Verifying ELB (v2 + classic) is clean ...
2026-08-11 02:28:50 INFO     services.eventbridge: [VERIFY]    Verifying EventBridge is clean ...
2026-08-11 02:28:50 INFO     services.iam: [VERIFY]    Verifying IAM is clean ...
2026-08-11 02:28:50 INFO     services.kms: [VERIFY]    Verifying KMS is clean (or all customer keys scheduled for deletion) ...
2026-08-11 02:28:50 INFO     services.lambda: [VERIFY]    Verifying Lambda is clean ...
2026-08-11 02:28:50 INFO     services.rds: [VERIFY]    Verifying RDS is clean ...
2026-08-11 02:28:50 INFO     services.s3: [VERIFY]    Verifying S3 is clean ...
2026-08-11 02:28:50 INFO     services.ecr: [VERIFY]    ECR clean
2026-08-11 02:28:50 INFO     services.eks: [VERIFY]    EKS clean
2026-08-11 02:28:50 INFO     services.elasticbeanstalk: [VERIFY]    Elastic Beanstalk clean
2026-08-11 02:28:50 INFO     services.cloudformation: [VERIFY]    CloudFormation clean
2026-08-11 02:28:50 INFO     services.rds: [VERIFY]    RDS clean
2026-08-11 02:28:50 INFO     services.s3: [VERIFY]    S3 clean
2026-08-11 02:28:50 INFO     services.ecs: [VERIFY]    ECS clean
2026-08-11 02:28:50 INFO     services.elb: [VERIFY]    ELB clean
2026-08-11 02:28:50 INFO     services.autoscaling: [VERIFY]    Auto Scaling clean
2026-08-11 02:28:50 INFO     services.lambda: [VERIFY]    Lambda clean
2026-08-11 02:28:50 INFO     services.eventbridge: [VERIFY]    EventBridge clean
2026-08-11 02:28:50 INFO     services.kms: [VERIFY]    KMS clean (0 customer keys scheduled for deletion, pending their waiting period)
2026-08-11 02:28:50 INFO     services.ec2: [VERIFY]    EC2 clean
2026-08-11 02:28:50 INFO     services.apigateway: [VERIFY]    API Gateway clean
2026-08-11 02:28:51 INFO     services.iam: [VERIFY]    IAM FAIL - 3 resources remain
2026-08-11 02:28:57 INFO     services.application-autoscaling: [VERIFY]    Application Auto Scaling clean
2026-08-11 02:28:57 INFO     orchestrator: Verification written to logs/reports/070640552464/ap-south-1/verification_pre_nuke.json
2026-08-11 02:28:57 WARNING  orchestrator: [WARN]      Pre aws-nuke verification: FAIL. Continuing to aws-nuke so it can attempt removal of remaining resources.
2026-08-11 02:28:57 INFO     orchestrator: PHASE 4 - aws-nuke disabled
2026-08-11 02:28:57 INFO     orchestrator: PHASE 5 - Final verification
2026-08-11 02:28:57 INFO     services.apigateway: [VERIFY]    Verifying API Gateway is clean ...
2026-08-11 02:28:57 INFO     services.application-autoscaling: [VERIFY]    Verifying Application Auto Scaling is clean ...
2026-08-11 02:28:57 INFO     services.autoscaling: [VERIFY]    Verifying Auto Scaling is clean ...
2026-08-11 02:28:57 INFO     services.cloudformation: [VERIFY]    Verifying CloudFormation is clean ...
2026-08-11 02:28:57 INFO     services.ec2: [VERIFY]    Verifying EC2 is clean ...
2026-08-11 02:28:57 INFO     services.ecr: [VERIFY]    Verifying ECR is clean ...
2026-08-11 02:28:57 INFO     services.ecs: [VERIFY]    Verifying ECS is clean ...
2026-08-11 02:28:57 INFO     services.eks: [VERIFY]    Verifying EKS is clean ...
2026-08-11 02:28:57 INFO     services.elasticbeanstalk: [VERIFY]    Verifying Elastic Beanstalk is clean ...
2026-08-11 02:28:57 INFO     services.elb: [VERIFY]    Verifying ELB (v2 + classic) is clean ...
2026-08-11 02:28:57 INFO     services.eventbridge: [VERIFY]    Verifying EventBridge is clean ...
2026-08-11 02:28:57 INFO     services.iam: [VERIFY]    Verifying IAM is clean ...
2026-08-11 02:28:57 INFO     services.kms: [VERIFY]    Verifying KMS is clean (or all customer keys scheduled for deletion) ...
2026-08-11 02:28:57 INFO     services.lambda: [VERIFY]    Verifying Lambda is clean ...
2026-08-11 02:28:57 INFO     services.rds: [VERIFY]    Verifying RDS is clean ...
2026-08-11 02:28:57 INFO     services.s3: [VERIFY]    Verifying S3 is clean ...
2026-08-11 02:28:57 INFO     services.ecr: [VERIFY]    ECR clean
2026-08-11 02:28:57 INFO     services.eks: [VERIFY]    EKS clean
2026-08-11 02:28:57 INFO     services.elasticbeanstalk: [VERIFY]    Elastic Beanstalk clean
2026-08-11 02:28:57 INFO     services.cloudformation: [VERIFY]    CloudFormation clean
2026-08-11 02:28:57 INFO     services.rds: [VERIFY]    RDS clean
2026-08-11 02:28:57 INFO     services.s3: [VERIFY]    S3 clean
2026-08-11 02:28:57 INFO     services.elb: [VERIFY]    ELB clean
2026-08-11 02:28:57 INFO     services.ecs: [VERIFY]    ECS clean
2026-08-11 02:28:57 INFO     services.autoscaling: [VERIFY]    Auto Scaling clean
2026-08-11 02:28:57 INFO     services.lambda: [VERIFY]    Lambda clean
2026-08-11 02:28:57 INFO     services.eventbridge: [VERIFY]    EventBridge clean
2026-08-11 02:28:57 INFO     services.kms: [VERIFY]    KMS clean (0 customer keys scheduled for deletion, pending their waiting period)
2026-08-11 02:28:57 INFO     services.ec2: [VERIFY]    EC2 clean
2026-08-11 02:28:57 INFO     services.apigateway: [VERIFY]    API Gateway clean
2026-08-11 02:28:58 INFO     services.iam: [VERIFY]    IAM FAIL - 3 resources remain
2026-08-11 02:29:04 INFO     services.application-autoscaling: [VERIFY]    Application Auto Scaling clean
2026-08-11 02:29:04 INFO     orchestrator: [VERIFY]    Verification pass 1/5 found remaining resources in ['iam']; retrying in 15s
2026-08-11 02:29:19 INFO     services.apigateway: [VERIFY]    Verifying API Gateway is clean ...
2026-08-11 02:29:19 INFO     services.application-autoscaling: [VERIFY]    Verifying Application Auto Scaling is clean ...
2026-08-11 02:29:19 INFO     services.autoscaling: [VERIFY]    Verifying Auto Scaling is clean ...
2026-08-11 02:29:19 INFO     services.cloudformation: [VERIFY]    Verifying CloudFormation is clean ...
2026-08-11 02:29:19 INFO     services.ec2: [VERIFY]    Verifying EC2 is clean ...
2026-08-11 02:29:19 INFO     services.ecr: [VERIFY]    Verifying ECR is clean ...
2026-08-11 02:29:19 INFO     services.ecs: [VERIFY]    Verifying ECS is clean ...
2026-08-11 02:29:19 INFO     services.eks: [VERIFY]    Verifying EKS is clean ...
2026-08-11 02:29:19 INFO     services.elasticbeanstalk: [VERIFY]    Verifying Elastic Beanstalk is clean ...
2026-08-11 02:29:19 INFO     services.elb: [VERIFY]    Verifying ELB (v2 + classic) is clean ...
2026-08-11 02:29:19 INFO     services.eventbridge: [VERIFY]    Verifying EventBridge is clean ...
2026-08-11 02:29:19 INFO     services.iam: [VERIFY]    Verifying IAM is clean ...
2026-08-11 02:29:19 INFO     services.kms: [VERIFY]    Verifying KMS is clean (or all customer keys scheduled for deletion) ...
2026-08-11 02:29:19 INFO     services.lambda: [VERIFY]    Verifying Lambda is clean ...
2026-08-11 02:29:19 INFO     services.rds: [VERIFY]    Verifying RDS is clean ...
2026-08-11 02:29:19 INFO     services.s3: [VERIFY]    Verifying S3 is clean ...
2026-08-11 02:29:19 INFO     services.ecr: [VERIFY]    ECR clean
2026-08-11 02:29:19 INFO     services.eks: [VERIFY]    EKS clean
2026-08-11 02:29:19 INFO     services.elasticbeanstalk: [VERIFY]    Elastic Beanstalk clean
2026-08-11 02:29:19 INFO     services.cloudformation: [VERIFY]    CloudFormation clean
2026-08-11 02:29:19 INFO     services.rds: [VERIFY]    RDS clean
2026-08-11 02:29:19 INFO     services.autoscaling: [VERIFY]    Auto Scaling clean
2026-08-11 02:29:19 INFO     services.s3: [VERIFY]    S3 clean
2026-08-11 02:29:19 INFO     services.elb: [VERIFY]    ELB clean
2026-08-11 02:29:19 INFO     services.ecs: [VERIFY]    ECS clean
2026-08-11 02:29:19 INFO     services.lambda: [VERIFY]    Lambda clean
2026-08-11 02:29:19 INFO     services.eventbridge: [VERIFY]    EventBridge clean
2026-08-11 02:29:19 INFO     services.kms: [VERIFY]    KMS clean (0 customer keys scheduled for deletion, pending their waiting period)
2026-08-11 02:29:19 INFO     services.ec2: [VERIFY]    EC2 clean
2026-08-11 02:29:19 INFO     services.apigateway: [VERIFY]    API Gateway clean
2026-08-11 02:29:20 INFO     services.iam: [VERIFY]    IAM FAIL - 3 resources remain
2026-08-11 02:29:23 INFO     services.application-autoscaling: [VERIFY]    Application Auto Scaling clean
2026-08-11 02:29:23 INFO     orchestrator: [VERIFY]    Verification pass 2/5 found remaining resources in ['iam']; retrying in 15s
2026-08-11 02:29:38 INFO     services.apigateway: [VERIFY]    Verifying API Gateway is clean ...
2026-08-11 02:29:38 INFO     services.application-autoscaling: [VERIFY]    Verifying Application Auto Scaling is clean ...
2026-08-11 02:29:38 INFO     services.autoscaling: [VERIFY]    Verifying Auto Scaling is clean ...
2026-08-11 02:29:38 INFO     services.cloudformation: [VERIFY]    Verifying CloudFormation is clean ...
2026-08-11 02:29:38 INFO     services.ec2: [VERIFY]    Verifying EC2 is clean ...
2026-08-11 02:29:38 INFO     services.ecr: [VERIFY]    Verifying ECR is clean ...
2026-08-11 02:29:38 INFO     services.ecs: [VERIFY]    Verifying ECS is clean ...
2026-08-11 02:29:38 INFO     services.eks: [VERIFY]    Verifying EKS is clean ...
2026-08-11 02:29:38 INFO     services.elasticbeanstalk: [VERIFY]    Verifying Elastic Beanstalk is clean ...
2026-08-11 02:29:38 INFO     services.elb: [VERIFY]    Verifying ELB (v2 + classic) is clean ...
2026-08-11 02:29:39 INFO     services.eventbridge: [VERIFY]    Verifying EventBridge is clean ...
2026-08-11 02:29:39 INFO     services.iam: [VERIFY]    Verifying IAM is clean ...
2026-08-11 02:29:39 INFO     services.kms: [VERIFY]    Verifying KMS is clean (or all customer keys scheduled for deletion) ...
2026-08-11 02:29:39 INFO     services.lambda: [VERIFY]    Verifying Lambda is clean ...
2026-08-11 02:29:39 INFO     services.rds: [VERIFY]    Verifying RDS is clean ...
2026-08-11 02:29:39 INFO     services.s3: [VERIFY]    Verifying S3 is clean ...
2026-08-11 02:29:39 INFO     services.eks: [VERIFY]    EKS clean
2026-08-11 02:29:39 INFO     services.ecr: [VERIFY]    ECR clean
2026-08-11 02:29:39 INFO     services.elasticbeanstalk: [VERIFY]    Elastic Beanstalk clean
2026-08-11 02:29:39 INFO     services.cloudformation: [VERIFY]    CloudFormation clean
2026-08-11 02:29:39 INFO     services.elb: [VERIFY]    ELB clean
2026-08-11 02:29:39 INFO     services.rds: [VERIFY]    RDS clean
2026-08-11 02:29:39 INFO     services.ecs: [VERIFY]    ECS clean
2026-08-11 02:29:39 INFO     services.autoscaling: [VERIFY]    Auto Scaling clean
2026-08-11 02:29:39 INFO     services.s3: [VERIFY]    S3 clean
2026-08-11 02:29:39 INFO     services.lambda: [VERIFY]    Lambda clean
2026-08-11 02:29:39 INFO     services.eventbridge: [VERIFY]    EventBridge clean
2026-08-11 02:29:39 INFO     services.kms: [VERIFY]    KMS clean (0 customer keys scheduled for deletion, pending their waiting period)
2026-08-11 02:29:39 INFO     services.apigateway: [VERIFY]    API Gateway clean
2026-08-11 02:29:39 INFO     services.ec2: [VERIFY]    EC2 clean
2026-08-11 02:29:40 INFO     services.iam: [VERIFY]    IAM FAIL - 3 resources remain
2026-08-11 02:29:45 INFO     services.application-autoscaling: [VERIFY]    Application Auto Scaling clean
2026-08-11 02:29:45 INFO     orchestrator: [VERIFY]    Verification pass 3/5 found remaining resources in ['iam']; retrying in 15s
2026-08-11 02:30:00 INFO     services.apigateway: [VERIFY]    Verifying API Gateway is clean ...
2026-08-11 02:30:00 INFO     services.application-autoscaling: [VERIFY]    Verifying Application Auto Scaling is clean ...
2026-08-11 02:30:00 INFO     services.autoscaling: [VERIFY]    Verifying Auto Scaling is clean ...
2026-08-11 02:30:00 INFO     services.cloudformation: [VERIFY]    Verifying CloudFormation is clean ...
2026-08-11 02:30:00 INFO     services.ec2: [VERIFY]    Verifying EC2 is clean ...
2026-08-11 02:30:00 INFO     services.ecr: [VERIFY]    Verifying ECR is clean ...
2026-08-11 02:30:00 INFO     services.ecs: [VERIFY]    Verifying ECS is clean ...
2026-08-11 02:30:00 INFO     services.eks: [VERIFY]    Verifying EKS is clean ...
2026-08-11 02:30:00 INFO     services.elasticbeanstalk: [VERIFY]    Verifying Elastic Beanstalk is clean ...
2026-08-11 02:30:00 INFO     services.elb: [VERIFY]    Verifying ELB (v2 + classic) is clean ...
2026-08-11 02:30:00 INFO     services.eventbridge: [VERIFY]    Verifying EventBridge is clean ...
2026-08-11 02:30:00 INFO     services.iam: [VERIFY]    Verifying IAM is clean ...
2026-08-11 02:30:00 INFO     services.kms: [VERIFY]    Verifying KMS is clean (or all customer keys scheduled for deletion) ...
2026-08-11 02:30:00 INFO     services.lambda: [VERIFY]    Verifying Lambda is clean ...
2026-08-11 02:30:00 INFO     services.rds: [VERIFY]    Verifying RDS is clean ...
2026-08-11 02:30:00 INFO     services.s3: [VERIFY]    Verifying S3 is clean ...
2026-08-11 02:30:00 INFO     services.ecr: [VERIFY]    ECR clean
2026-08-11 02:30:00 INFO     services.elasticbeanstalk: [VERIFY]    Elastic Beanstalk clean
2026-08-11 02:30:00 INFO     services.eks: [VERIFY]    EKS clean
2026-08-11 02:30:00 INFO     services.cloudformation: [VERIFY]    CloudFormation clean
2026-08-11 02:30:00 INFO     services.rds: [VERIFY]    RDS clean
2026-08-11 02:30:00 INFO     services.s3: [VERIFY]    S3 clean
2026-08-11 02:30:00 INFO     services.ecs: [VERIFY]    ECS clean
2026-08-11 02:30:00 INFO     services.elb: [VERIFY]    ELB clean
2026-08-11 02:30:00 INFO     services.lambda: [VERIFY]    Lambda clean
2026-08-11 02:30:00 INFO     services.autoscaling: [VERIFY]    Auto Scaling clean
2026-08-11 02:30:01 INFO     services.eventbridge: [VERIFY]    EventBridge clean
2026-08-11 02:30:01 INFO     services.kms: [VERIFY]    KMS clean (0 customer keys scheduled for deletion, pending their waiting period)
2026-08-11 02:30:01 INFO     services.apigateway: [VERIFY]    API Gateway clean
2026-08-11 02:30:01 INFO     services.ec2: [VERIFY]    EC2 clean
2026-08-11 02:30:02 INFO     services.iam: [VERIFY]    IAM FAIL - 3 resources remain
2026-08-11 02:30:09 INFO     services.application-autoscaling: [VERIFY]    Application Auto Scaling clean
2026-08-11 02:30:09 INFO     orchestrator: [VERIFY]    Verification pass 4/5 found remaining resources in ['iam']; retrying in 15s
2026-08-11 02:30:24 INFO     services.apigateway: [VERIFY]    Verifying API Gateway is clean ...
2026-08-11 02:30:24 INFO     services.application-autoscaling: [VERIFY]    Verifying Application Auto Scaling is clean ...
2026-08-11 02:30:24 INFO     services.autoscaling: [VERIFY]    Verifying Auto Scaling is clean ...
2026-08-11 02:30:24 INFO     services.cloudformation: [VERIFY]    Verifying CloudFormation is clean ...
2026-08-11 02:30:24 INFO     services.ec2: [VERIFY]    Verifying EC2 is clean ...
2026-08-11 02:30:24 INFO     services.ecr: [VERIFY]    Verifying ECR is clean ...
2026-08-11 02:30:24 INFO     services.ecs: [VERIFY]    Verifying ECS is clean ...
2026-08-11 02:30:24 INFO     services.eks: [VERIFY]    Verifying EKS is clean ...
2026-08-11 02:30:24 INFO     services.elasticbeanstalk: [VERIFY]    Verifying Elastic Beanstalk is clean ...
2026-08-11 02:30:24 INFO     services.elb: [VERIFY]    Verifying ELB (v2 + classic) is clean ...
2026-08-11 02:30:24 INFO     services.eventbridge: [VERIFY]    Verifying EventBridge is clean ...
2026-08-11 02:30:24 INFO     services.iam: [VERIFY]    Verifying IAM is clean ...
2026-08-11 02:30:24 INFO     services.kms: [VERIFY]    Verifying KMS is clean (or all customer keys scheduled for deletion) ...
2026-08-11 02:30:24 INFO     services.lambda: [VERIFY]    Verifying Lambda is clean ...
2026-08-11 02:30:24 INFO     services.rds: [VERIFY]    Verifying RDS is clean ...
2026-08-11 02:30:24 INFO     services.s3: [VERIFY]    Verifying S3 is clean ...
2026-08-11 02:30:24 INFO     services.ecr: [VERIFY]    ECR clean
2026-08-11 02:30:24 INFO     services.eks: [VERIFY]    EKS clean
2026-08-11 02:30:24 INFO     services.elasticbeanstalk: [VERIFY]    Elastic Beanstalk clean
2026-08-11 02:30:24 INFO     services.rds: [VERIFY]    RDS clean
2026-08-11 02:30:24 INFO     services.autoscaling: [VERIFY]    Auto Scaling clean
2026-08-11 02:30:24 INFO     services.s3: [VERIFY]    S3 clean
2026-08-11 02:30:24 INFO     services.elb: [VERIFY]    ELB clean
2026-08-11 02:30:24 INFO     services.ecs: [VERIFY]    ECS clean
2026-08-11 02:30:24 INFO     services.lambda: [VERIFY]    Lambda clean
2026-08-11 02:30:24 INFO     services.eventbridge: [VERIFY]    EventBridge clean
2026-08-11 02:30:25 INFO     services.kms: [VERIFY]    KMS clean (0 customer keys scheduled for deletion, pending their waiting period)
2026-08-11 02:30:25 INFO     services.ec2: [VERIFY]    EC2 clean
2026-08-11 02:30:25 INFO     services.apigateway: [VERIFY]    API Gateway clean
2026-08-11 02:30:25 INFO     services.cloudformation: [VERIFY]    CloudFormation clean
2026-08-11 02:30:26 INFO     services.iam: [VERIFY]    IAM FAIL - 3 resources remain
2026-08-11 02:30:36 INFO     services.application-autoscaling: [VERIFY]    Application Auto Scaling clean
2026-08-11 02:30:36 INFO     orchestrator: Verification written to logs/reports/070640552464/ap-south-1/verification_final.json
2026-08-11 02:30:36 ERROR    orchestrator: [ERROR]     Final verification: FAIL
2026-08-11 02:30:36 INFO     orchestrator: PHASE 6 - Report generation
2026-08-11 02:30:37 INFO     cleanup_engine: ======================================================================
2026-08-11 02:30:37 INFO     cleanup_engine: Account cleanup result: FAIL
2026-08-11 02:30:37 INFO     cleanup_engine: Reusable: False
2026-08-11 02:30:37 INFO     cleanup_engine: Remaining resources: 3
2026-08-11 02:30:37 INFO     cleanup_engine: ======================================================================
2026-08-11 02:41:20 INFO     cleanup_engine: Attempting to acquire cleanup lock for account 070640552464
2026-08-11 02:41:20 INFO     cleanup_engine: Cleanup lock acquired for account 070640552464
2026-08-11 02:41:20 INFO     cleanup_engine: ======================================================================
2026-08-11 02:41:20 INFO     cleanup_engine: Starting cleanup for account 070640552464
2026-08-11 02:41:20 INFO     cleanup_engine: Role: OrganizationAccountAccessRole
2026-08-11 02:41:20 INFO     cleanup_engine: Regions: ap-south-1
2026-08-11 02:41:20 INFO     cleanup_engine: Dry run: False
2026-08-11 02:41:20 INFO     cleanup_engine: ======================================================================
2026-08-11 02:41:20 INFO     cleanup_engine: Generated aws-nuke config: logs/runtime/070640552464/nuke-config.yaml
2026-08-11 02:41:20 INFO     cleanup_engine: --- Account 070640552464 / region ap-south-1 ---
2026-08-11 02:41:21 INFO     cleanup_engine: STS account verification passed: 070640552464
2026-08-11 02:41:21 INFO     orchestrator: Starting cleanup run for account 070640552464 in ap-south-1
2026-08-11 02:41:21 INFO     orchestrator: Discovered 16 service plugins: apigateway, application-autoscaling, autoscaling, cloudformation, ec2, ecr, ecs, eks, elasticbeanstalk, elb, eventbridge, iam, kms, lambda, rds, s3
2026-08-11 02:41:21 INFO     orchestrator: PHASE 1 - Inventory
2026-08-11 02:41:21 INFO     services.apigateway: [DISCOVER]  Scanning API Gateway (REST + HTTP/WebSocket) resources ...
2026-08-11 02:41:21 INFO     services.application-autoscaling: [DISCOVER]  Scanning Application Auto Scaling across 15 service namespaces ...
2026-08-11 02:41:21 INFO     services.autoscaling: [DISCOVER]  Scanning Auto Scaling groups and launch configurations ...
2026-08-11 02:41:21 INFO     services.cloudformation: [DISCOVER]  Scanning CloudFormation stacks ...
2026-08-11 02:41:21 INFO     services.ec2: [DISCOVER]  Scanning EC2 instances, volumes, snapshots, and networking resources ...
2026-08-11 02:41:21 INFO     services.ecr: [DISCOVER]  Scanning ECR repositories ...
2026-08-11 02:41:21 INFO     services.ecs: [DISCOVER]  Scanning ECS clusters, services, tasks, container instances, and task definitions ...
2026-08-11 02:41:21 INFO     services.eks: [DISCOVER]  Scanning EKS clusters and their node groups, Fargate profiles, and add-ons ...
2026-08-11 02:41:21 INFO     services.elasticbeanstalk: [DISCOVER]  Scanning Elastic Beanstalk applications, environments, versions, and configuration templates ...
2026-08-11 02:41:21 INFO     services.elb: [DISCOVER]  Scanning ELB (v2 + classic) load balancers and target groups ...
2026-08-11 02:41:21 INFO     services.eventbridge: [DISCOVER]  Scanning EventBridge buses, rules, archives, and schema registries ...
2026-08-11 02:41:21 INFO     services.iam: [DISCOVER]  Scanning IAM roles, policies, instance profiles, users, and groups ...
2026-08-11 02:41:21 INFO     services.kms: [DISCOVER]  Scanning KMS customer managed keys and aliases ...
2026-08-11 02:41:21 INFO     services.lambda: [DISCOVER]  Scanning Lambda functions, event source mappings, and layer versions ...
2026-08-11 02:41:21 INFO     services.rds: [DISCOVER]  Scanning RDS clusters and instances ...
2026-08-11 02:41:21 INFO     services.s3: [DISCOVER]  Scanning S3 buckets ...
2026-08-11 02:41:22 INFO     services.elasticbeanstalk: [DISCOVER]  Found 0 applications, 0 environments, 0 application versions, 0 configuration templates
2026-08-11 02:41:22 INFO     services.iam: IAM runtime protected_resource_arns=['arn:aws:iam::070640552464:policy/CoderCreatedIdentityBoundary', 'arn:aws:iam::070640552464:policy/DefaultIamPolicy']
2026-08-11 02:41:22 INFO     services.s3: [DISCOVER]  Found 0 buckets
2026-08-11 02:41:22 INFO     services.elb: [DISCOVER]  Found 0 v2 load balancers, 0 target groups, 0 classic load balancers
2026-08-11 02:41:22 INFO     services.eventbridge: [DISCOVER]  Found 0 custom event buses, 0 rules, 0 archives, 0 custom schema registries, 0 schemas
2026-08-11 02:41:22 INFO     services.cloudformation: [DISCOVER]  Found 0 stacks
2026-08-11 02:41:22 INFO     services.autoscaling: [DISCOVER]  Found 0 Auto Scaling groups, 0 launch configurations
2026-08-11 02:41:22 INFO     services.ecr: [DISCOVER]  Found 0 repositories
2026-08-11 02:41:22 INFO     services.eks: [DISCOVER]  Found 0 clusters, 0 node groups, 0 Fargate profiles, 0 add-ons, 0 access entries
2026-08-11 02:41:22 INFO     services.ecs: [DISCOVER]  Found 0 clusters, 0 services, 0 standalone tasks, 0 container instances, 0 active task definitions
2026-08-11 02:41:22 INFO     services.rds: [DISCOVER]  Found 0 DB clusters and 0 DB instances
2026-08-11 02:41:22 INFO     services.kms: [DISCOVER]  Found 0 customer managed keys, 0 aliases (4 AWS managed keys excluded -- not customer-deletable)
2026-08-11 02:41:23 INFO     services.lambda: [DISCOVER]  Found 0 functions, 0 event source mappings, 0 layer versions
2026-08-11 02:41:23 INFO     services.apigateway: [DISCOVER]  Found API Gateway resources: {}
2026-08-11 02:41:23 INFO     services.ec2: [DISCOVER]  Found 0 instances, 0 volumes, 0 snapshots, 0 networking resources
2026-08-11 02:41:24 INFO     services.iam: [DISCOVER]  Protecting IAM policy 'DefaultIamPolicy' from deletion
2026-08-11 02:41:24 INFO     services.iam: [DISCOVER]  Protecting IAM policy 'CoderCreatedIdentityBoundary' from deletion
2026-08-11 02:41:25 INFO     services.iam: [DISCOVER]  Protecting currently-assumed role 'OrganizationAccountAccessRole' from deletion
2026-08-11 02:41:25 INFO     services.iam: [DISCOVER]  Found 0 deletable roles, 0 deletable customer-managed policies, 0 instance profiles, 1 users, 0 groups
2026-08-11 02:41:34 INFO     services.application-autoscaling: [DISCOVER]  Found 0 scalable targets, 0 scaling policies, 0 scheduled actions
2026-08-11 02:41:34 INFO     orchestrator: Inventory written to logs/reports/070640552464/ap-south-1/inventory.json
2026-08-11 02:41:34 INFO     orchestrator: PHASE 2 - Custom cleanup
2026-08-11 02:41:34 INFO     orchestrator: Cleaning up service: apigateway
2026-08-11 02:41:34 INFO     services.apigateway: [CLEANUP]   No API Gateway resources to delete
2026-08-11 02:41:34 INFO     orchestrator: Cleaning up service: application-autoscaling
2026-08-11 02:41:34 INFO     services.application-autoscaling: [CLEANUP]   No Application Auto Scaling resources to delete
2026-08-11 02:41:34 INFO     orchestrator: Cleaning up service: autoscaling
2026-08-11 02:41:34 INFO     services.autoscaling: [CLEANUP]   No Auto Scaling resources to delete
2026-08-11 02:41:34 INFO     orchestrator: Cleaning up service: cloudformation
2026-08-11 02:41:34 INFO     services.cloudformation: [CLEANUP]   No CloudFormation stacks to delete
2026-08-11 02:41:34 INFO     orchestrator: Cleaning up service: ec2
2026-08-11 02:41:34 INFO     services.ec2: [CLEANUP]   No EC2 resources to delete
2026-08-11 02:41:34 INFO     orchestrator: Cleaning up service: ecr
2026-08-11 02:41:34 INFO     services.ecr: [CLEANUP]   No ECR resources to delete
2026-08-11 02:41:34 INFO     orchestrator: Cleaning up service: ecs
2026-08-11 02:41:34 INFO     services.ecs: [CLEANUP]   No ECS resources to delete
2026-08-11 02:41:34 INFO     orchestrator: Cleaning up service: eks
2026-08-11 02:41:34 INFO     services.eks: [CLEANUP]   No EKS resources to delete
2026-08-11 02:41:34 INFO     orchestrator: Cleaning up service: elasticbeanstalk
2026-08-11 02:41:34 INFO     services.elasticbeanstalk: [CLEANUP]   No Elastic Beanstalk resources to delete
2026-08-11 02:41:34 INFO     orchestrator: Cleaning up service: elb
2026-08-11 02:41:34 INFO     services.elb: [CLEANUP]   No ELB resources to delete
2026-08-11 02:41:34 INFO     orchestrator: Cleaning up service: eventbridge
2026-08-11 02:41:34 INFO     services.eventbridge: [CLEANUP]   No EventBridge resources to delete
2026-08-11 02:41:34 INFO     orchestrator: Cleaning up service: iam
2026-08-11 02:41:37 INFO     services.iam: [CLEANUP]   Deleted user Coder
2026-08-11 02:41:37 INFO     orchestrator: Cleaning up service: kms
2026-08-11 02:41:37 INFO     services.kms: [CLEANUP]   No KMS resources to delete
2026-08-11 02:41:37 INFO     orchestrator: Cleaning up service: lambda
2026-08-11 02:41:37 INFO     services.lambda: [CLEANUP]   No Lambda resources to delete
2026-08-11 02:41:37 INFO     orchestrator: Cleaning up service: rds
2026-08-11 02:41:37 INFO     services.rds: [CLEANUP]   No RDS clusters or instances to delete
2026-08-11 02:41:37 INFO     orchestrator: Cleaning up service: s3
2026-08-11 02:41:37 INFO     services.s3: [CLEANUP]   No S3 buckets to delete
2026-08-11 02:41:37 INFO     orchestrator: PHASE 3 - Pre aws-nuke verification
2026-08-11 02:41:37 INFO     services.apigateway: [VERIFY]    Verifying API Gateway is clean ...
2026-08-11 02:41:37 INFO     services.application-autoscaling: [VERIFY]    Verifying Application Auto Scaling is clean ...
2026-08-11 02:41:37 INFO     services.autoscaling: [VERIFY]    Verifying Auto Scaling is clean ...
2026-08-11 02:41:37 INFO     services.cloudformation: [VERIFY]    Verifying CloudFormation is clean ...
2026-08-11 02:41:37 INFO     services.ec2: [VERIFY]    Verifying EC2 is clean ...
2026-08-11 02:41:37 INFO     services.ecr: [VERIFY]    Verifying ECR is clean ...
2026-08-11 02:41:37 INFO     services.ecs: [VERIFY]    Verifying ECS is clean ...
2026-08-11 02:41:37 INFO     services.eks: [VERIFY]    Verifying EKS is clean ...
2026-08-11 02:41:37 INFO     services.elasticbeanstalk: [VERIFY]    Verifying Elastic Beanstalk is clean ...
2026-08-11 02:41:37 INFO     services.elb: [VERIFY]    Verifying ELB (v2 + classic) is clean ...
2026-08-11 02:41:37 INFO     services.eventbridge: [VERIFY]    Verifying EventBridge is clean ...
2026-08-11 02:41:37 INFO     services.iam: [VERIFY]    Verifying IAM is clean ...
2026-08-11 02:41:37 INFO     services.kms: [VERIFY]    Verifying KMS is clean (or all customer keys scheduled for deletion) ...
2026-08-11 02:41:37 INFO     services.lambda: [VERIFY]    Verifying Lambda is clean ...
2026-08-11 02:41:37 INFO     services.rds: [VERIFY]    Verifying RDS is clean ...
2026-08-11 02:41:37 INFO     services.s3: [VERIFY]    Verifying S3 is clean ...
2026-08-11 02:41:37 INFO     services.eks: [VERIFY]    EKS clean
2026-08-11 02:41:37 INFO     services.elasticbeanstalk: [VERIFY]    Elastic Beanstalk clean
2026-08-11 02:41:37 INFO     services.ecr: [VERIFY]    ECR clean
2026-08-11 02:41:37 INFO     services.cloudformation: [VERIFY]    CloudFormation clean
2026-08-11 02:41:37 INFO     services.rds: [VERIFY]    RDS clean
2026-08-11 02:41:37 INFO     services.autoscaling: [VERIFY]    Auto Scaling clean
2026-08-11 02:41:37 INFO     services.elb: [VERIFY]    ELB clean
2026-08-11 02:41:37 INFO     services.ecs: [VERIFY]    ECS clean
2026-08-11 02:41:37 INFO     services.lambda: [VERIFY]    Lambda clean
2026-08-11 02:41:37 INFO     services.s3: [VERIFY]    S3 clean
2026-08-11 02:41:37 INFO     services.eventbridge: [VERIFY]    EventBridge clean
2026-08-11 02:41:37 INFO     services.kms: [VERIFY]    KMS clean (0 customer keys scheduled for deletion, pending their waiting period)
2026-08-11 02:41:37 INFO     services.apigateway: [VERIFY]    API Gateway clean
2026-08-11 02:41:37 INFO     services.ec2: [VERIFY]    EC2 clean
2026-08-11 02:41:39 INFO     services.iam: [VERIFY]    IAM clean
2026-08-11 02:41:49 INFO     services.application-autoscaling: [VERIFY]    Application Auto Scaling clean
2026-08-11 02:41:49 INFO     orchestrator: Verification written to logs/reports/070640552464/ap-south-1/verification_pre_nuke.json
2026-08-11 02:41:49 INFO     orchestrator: Pre aws-nuke verification: PASS
2026-08-11 02:41:49 INFO     orchestrator: PHASE 4 - aws-nuke
2026-08-11 02:41:49 INFO     aws_nuke: Starting aws-nuke [DESTRUCTIVE] for account 070640552464 in region ap-south-1
2026-08-11 02:44:14 INFO     aws_nuke: aws-nuke completed successfully
2026-08-11 02:44:14 INFO     orchestrator: aws-nuke phase completed successfully
2026-08-11 02:44:14 INFO     orchestrator: PHASE 5 - Final verification
2026-08-11 02:44:14 INFO     services.apigateway: [VERIFY]    Verifying API Gateway is clean ...
2026-08-11 02:44:14 INFO     services.application-autoscaling: [VERIFY]    Verifying Application Auto Scaling is clean ...
2026-08-11 02:44:14 INFO     services.autoscaling: [VERIFY]    Verifying Auto Scaling is clean ...
2026-08-11 02:44:14 INFO     services.cloudformation: [VERIFY]    Verifying CloudFormation is clean ...
2026-08-11 02:44:14 INFO     services.ec2: [VERIFY]    Verifying EC2 is clean ...
2026-08-11 02:44:14 INFO     services.ecr: [VERIFY]    Verifying ECR is clean ...
2026-08-11 02:44:14 INFO     services.ecs: [VERIFY]    Verifying ECS is clean ...
2026-08-11 02:44:14 INFO     services.eks: [VERIFY]    Verifying EKS is clean ...
2026-08-11 02:44:14 INFO     services.elasticbeanstalk: [VERIFY]    Verifying Elastic Beanstalk is clean ...
2026-08-11 02:44:14 INFO     services.elb: [VERIFY]    Verifying ELB (v2 + classic) is clean ...
2026-08-11 02:44:14 INFO     services.eventbridge: [VERIFY]    Verifying EventBridge is clean ...
2026-08-11 02:44:14 INFO     services.iam: [VERIFY]    Verifying IAM is clean ...
2026-08-11 02:44:14 INFO     services.kms: [VERIFY]    Verifying KMS is clean (or all customer keys scheduled for deletion) ...
2026-08-11 02:44:14 INFO     services.lambda: [VERIFY]    Verifying Lambda is clean ...
2026-08-11 02:44:14 INFO     services.rds: [VERIFY]    Verifying RDS is clean ...
2026-08-11 02:44:14 INFO     services.s3: [VERIFY]    Verifying S3 is clean ...
2026-08-11 02:44:14 INFO     services.eks: [VERIFY]    EKS clean
2026-08-11 02:44:14 INFO     services.cloudformation: [VERIFY]    CloudFormation clean
2026-08-11 02:44:14 INFO     services.ecr: [VERIFY]    ECR clean
2026-08-11 02:44:14 INFO     services.elasticbeanstalk: [VERIFY]    Elastic Beanstalk clean
2026-08-11 02:44:14 INFO     services.lambda: [VERIFY]    Lambda clean
2026-08-11 02:44:14 INFO     services.s3: [VERIFY]    S3 clean
2026-08-11 02:44:15 INFO     services.rds: [VERIFY]    RDS clean
2026-08-11 02:44:15 INFO     services.autoscaling: [VERIFY]    Auto Scaling clean
2026-08-11 02:44:15 INFO     services.eventbridge: [VERIFY]    EventBridge clean
2026-08-11 02:44:16 INFO     services.elb: [VERIFY]    ELB clean
2026-08-11 02:44:16 INFO     services.kms: [VERIFY]    KMS clean (0 customer keys scheduled for deletion, pending their waiting period)
2026-08-11 02:44:16 INFO     services.ec2: [VERIFY]    EC2 clean
2026-08-11 02:44:16 INFO     services.apigateway: [VERIFY]    API Gateway clean
2026-08-11 02:44:16 INFO     services.iam: [VERIFY]    IAM clean
2026-08-11 02:44:17 INFO     services.ecs: [VERIFY]    ECS clean
2026-08-11 02:44:26 INFO     services.application-autoscaling: [VERIFY]    Application Auto Scaling clean
2026-08-11 02:44:26 INFO     orchestrator: Verification written to logs/reports/070640552464/ap-south-1/verification_final.json
2026-08-11 02:44:26 INFO     orchestrator: Final verification: PASS
2026-08-11 02:44:26 INFO     orchestrator: PHASE 6 - Report generation
2026-08-11 02:44:26 INFO     cleanup_engine: ======================================================================
2026-08-11 02:44:26 INFO     cleanup_engine: Account cleanup result: PASS
2026-08-11 02:44:26 INFO     cleanup_engine: Reusable: True
2026-08-11 02:44:26 INFO     cleanup_engine: Remaining resources: 0
2026-08-11 02:44:26 INFO     cleanup_engine: ======================================================================
2026-08-11 03:00:33 INFO     cleanup_engine: Attempting to acquire cleanup lock for account 070640552464
2026-08-11 03:00:33 INFO     cleanup_engine: Cleanup lock acquired for account 070640552464
2026-08-11 03:00:33 INFO     cleanup_engine: ======================================================================
2026-08-11 03:00:33 INFO     cleanup_engine: Starting cleanup for account 070640552464
2026-08-11 03:00:33 INFO     cleanup_engine: Role: OrganizationAccountAccessRole
2026-08-11 03:00:33 INFO     cleanup_engine: Regions: ap-south-1
2026-08-11 03:00:33 INFO     cleanup_engine: Dry run: False
2026-08-11 03:00:33 INFO     cleanup_engine: ======================================================================
2026-08-11 03:00:33 INFO     cleanup_engine: Generated aws-nuke config: logs/runtime/070640552464/nuke-config.yaml
2026-08-11 03:00:33 INFO     cleanup_engine: --- Account 070640552464 / region ap-south-1 ---
2026-08-11 03:00:33 INFO     cleanup_engine: STS account verification passed: 070640552464
2026-08-11 03:00:33 INFO     orchestrator: Starting cleanup run for account 070640552464 in ap-south-1
2026-08-11 03:00:33 INFO     orchestrator: Discovered 16 service plugins: apigateway, application-autoscaling, autoscaling, cloudformation, ec2, ecr, ecs, eks, elasticbeanstalk, elb, eventbridge, iam, kms, lambda, rds, s3
2026-08-11 03:00:33 INFO     orchestrator: PHASE 1 - Inventory
2026-08-11 03:00:33 INFO     services.apigateway: [DISCOVER]  Scanning API Gateway (REST + HTTP/WebSocket) resources ...
2026-08-11 03:00:33 INFO     services.application-autoscaling: [DISCOVER]  Scanning Application Auto Scaling across 15 service namespaces ...
2026-08-11 03:00:33 INFO     services.autoscaling: [DISCOVER]  Scanning Auto Scaling groups and launch configurations ...
2026-08-11 03:00:33 INFO     services.cloudformation: [DISCOVER]  Scanning CloudFormation stacks ...
2026-08-11 03:00:33 INFO     services.ec2: [DISCOVER]  Scanning EC2 instances, volumes, snapshots, and networking resources ...
2026-08-11 03:00:33 INFO     services.ecr: [DISCOVER]  Scanning ECR repositories ...
2026-08-11 03:00:33 INFO     services.ecs: [DISCOVER]  Scanning ECS clusters, services, tasks, container instances, and task definitions ...
2026-08-11 03:00:33 INFO     services.eks: [DISCOVER]  Scanning EKS clusters and their node groups, Fargate profiles, and add-ons ...
2026-08-11 03:00:33 INFO     services.elasticbeanstalk: [DISCOVER]  Scanning Elastic Beanstalk applications, environments, versions, and configuration templates ...
2026-08-11 03:00:33 INFO     services.elb: [DISCOVER]  Scanning ELB (v2 + classic) load balancers and target groups ...
2026-08-11 03:00:33 INFO     services.eventbridge: [DISCOVER]  Scanning EventBridge buses, rules, archives, and schema registries ...
2026-08-11 03:00:33 INFO     services.iam: [DISCOVER]  Scanning IAM roles, policies, instance profiles, users, and groups ...
2026-08-11 03:00:33 INFO     services.kms: [DISCOVER]  Scanning KMS customer managed keys and aliases ...
2026-08-11 03:00:33 INFO     services.lambda: [DISCOVER]  Scanning Lambda functions, event source mappings, and layer versions ...
2026-08-11 03:00:33 INFO     services.rds: [DISCOVER]  Scanning RDS clusters and instances ...
2026-08-11 03:00:33 INFO     services.s3: [DISCOVER]  Scanning S3 buckets ...
2026-08-11 03:00:34 INFO     services.elasticbeanstalk: [DISCOVER]  Found 0 applications, 0 environments, 0 application versions, 0 configuration templates
2026-08-11 03:00:34 ERROR    orchestrator: [ERROR]     Inventory scan for 'iam' raised: name 'protected_arns' is not defined
2026-08-11 03:00:34 INFO     services.s3: [DISCOVER]  Found 0 buckets
2026-08-11 03:00:34 INFO     services.elb: [DISCOVER]  Found 0 v2 load balancers, 0 target groups, 0 classic load balancers
2026-08-11 03:00:34 INFO     services.eventbridge: [DISCOVER]  Found 0 custom event buses, 0 rules, 0 archives, 0 custom schema registries, 0 schemas
2026-08-11 03:00:34 INFO     services.cloudformation: [DISCOVER]  Found 0 stacks
2026-08-11 03:00:34 INFO     services.autoscaling: [DISCOVER]  Found 0 Auto Scaling groups, 0 launch configurations
2026-08-11 03:00:34 INFO     services.ecr: [DISCOVER]  Found 0 repositories
2026-08-11 03:00:34 INFO     services.ecs: [DISCOVER]  Found 0 clusters, 0 services, 0 standalone tasks, 0 container instances, 0 active task definitions
2026-08-11 03:00:34 INFO     services.eks: [DISCOVER]  Found 0 clusters, 0 node groups, 0 Fargate profiles, 0 add-ons, 0 access entries
2026-08-11 03:00:34 INFO     services.kms: [DISCOVER]  Found 0 customer managed keys, 0 aliases (4 AWS managed keys excluded -- not customer-deletable)
2026-08-11 03:00:34 INFO     services.lambda: [DISCOVER]  Found 0 functions, 0 event source mappings, 0 layer versions
2026-08-11 03:00:35 INFO     services.apigateway: [DISCOVER]  Found API Gateway resources: {}
2026-08-11 03:00:35 INFO     services.ec2: [DISCOVER]  Found 0 instances, 0 volumes, 0 snapshots, 0 networking resources
2026-08-11 03:00:35 INFO     services.rds: [DISCOVER]  Found 0 DB clusters and 0 DB instances
2026-08-11 03:00:47 INFO     services.application-autoscaling: [DISCOVER]  Found 0 scalable targets, 0 scaling policies, 0 scheduled actions
2026-08-11 03:00:47 INFO     orchestrator: Inventory written to logs/reports/070640552464/ap-south-1/inventory.json
2026-08-11 03:00:47 INFO     orchestrator: PHASE 2 - Custom cleanup
2026-08-11 03:00:47 INFO     orchestrator: Cleaning up service: apigateway
2026-08-11 03:00:47 INFO     services.apigateway: [CLEANUP]   No API Gateway resources to delete
2026-08-11 03:00:47 INFO     orchestrator: Cleaning up service: application-autoscaling
2026-08-11 03:00:47 INFO     services.application-autoscaling: [CLEANUP]   No Application Auto Scaling resources to delete
2026-08-11 03:00:47 INFO     orchestrator: Cleaning up service: autoscaling
2026-08-11 03:00:47 INFO     services.autoscaling: [CLEANUP]   No Auto Scaling resources to delete
2026-08-11 03:00:47 INFO     orchestrator: Cleaning up service: cloudformation
2026-08-11 03:00:47 INFO     services.cloudformation: [CLEANUP]   No CloudFormation stacks to delete
2026-08-11 03:00:47 INFO     orchestrator: Cleaning up service: ec2
2026-08-11 03:00:47 INFO     services.ec2: [CLEANUP]   No EC2 resources to delete
2026-08-11 03:00:47 INFO     orchestrator: Cleaning up service: ecr
2026-08-11 03:00:47 INFO     services.ecr: [CLEANUP]   No ECR resources to delete
2026-08-11 03:00:47 INFO     orchestrator: Cleaning up service: ecs
2026-08-11 03:00:47 INFO     services.ecs: [CLEANUP]   No ECS resources to delete
2026-08-11 03:00:47 INFO     orchestrator: Cleaning up service: eks
2026-08-11 03:00:47 INFO     services.eks: [CLEANUP]   No EKS resources to delete
2026-08-11 03:00:47 INFO     orchestrator: Cleaning up service: elasticbeanstalk
2026-08-11 03:00:47 INFO     services.elasticbeanstalk: [CLEANUP]   No Elastic Beanstalk resources to delete
2026-08-11 03:00:47 INFO     orchestrator: Cleaning up service: elb
2026-08-11 03:00:47 INFO     services.elb: [CLEANUP]   No ELB resources to delete
2026-08-11 03:00:47 INFO     orchestrator: Cleaning up service: eventbridge
2026-08-11 03:00:47 INFO     services.eventbridge: [CLEANUP]   No EventBridge resources to delete
2026-08-11 03:00:47 WARNING  orchestrator: [WARN]      Skipping cleanup for 'iam' because discovery failed: name 'protected_arns' is not defined
2026-08-11 03:00:47 INFO     orchestrator: Cleaning up service: kms
2026-08-11 03:00:47 INFO     services.kms: [CLEANUP]   No KMS resources to delete
2026-08-11 03:00:47 INFO     orchestrator: Cleaning up service: lambda
2026-08-11 03:00:47 INFO     services.lambda: [CLEANUP]   No Lambda resources to delete
2026-08-11 03:00:47 INFO     orchestrator: Cleaning up service: rds
2026-08-11 03:00:47 INFO     services.rds: [CLEANUP]   No RDS clusters or instances to delete
2026-08-11 03:00:47 INFO     orchestrator: Cleaning up service: s3
2026-08-11 03:00:47 INFO     services.s3: [CLEANUP]   No S3 buckets to delete
2026-08-11 03:00:47 INFO     orchestrator: PHASE 3 - Pre aws-nuke verification
2026-08-11 03:00:47 INFO     services.apigateway: [VERIFY]    Verifying API Gateway is clean ...
2026-08-11 03:00:47 INFO     services.application-autoscaling: [VERIFY]    Verifying Application Auto Scaling is clean ...
2026-08-11 03:00:47 INFO     services.autoscaling: [VERIFY]    Verifying Auto Scaling is clean ...
2026-08-11 03:00:47 INFO     services.cloudformation: [VERIFY]    Verifying CloudFormation is clean ...
2026-08-11 03:00:47 INFO     services.ec2: [VERIFY]    Verifying EC2 is clean ...
2026-08-11 03:00:47 INFO     services.ecr: [VERIFY]    Verifying ECR is clean ...
2026-08-11 03:00:47 INFO     services.ecs: [VERIFY]    Verifying ECS is clean ...
2026-08-11 03:00:47 INFO     services.eks: [VERIFY]    Verifying EKS is clean ...
2026-08-11 03:00:47 INFO     services.elasticbeanstalk: [VERIFY]    Verifying Elastic Beanstalk is clean ...
2026-08-11 03:00:47 INFO     services.elb: [VERIFY]    Verifying ELB (v2 + classic) is clean ...
2026-08-11 03:00:47 INFO     services.eventbridge: [VERIFY]    Verifying EventBridge is clean ...
2026-08-11 03:00:47 INFO     services.iam: [VERIFY]    Verifying IAM is clean ...
2026-08-11 03:00:47 INFO     services.s3: [VERIFY]    Verifying S3 is clean ...
2026-08-11 03:00:47 INFO     services.lambda: [VERIFY]    Verifying Lambda is clean ...
2026-08-11 03:00:47 INFO     services.rds: [VERIFY]    Verifying RDS is clean ...
2026-08-11 03:00:47 INFO     services.kms: [VERIFY]    Verifying KMS is clean (or all customer keys scheduled for deletion) ...
2026-08-11 03:00:47 INFO     services.ecr: [VERIFY]    ECR clean
2026-08-11 03:00:47 INFO     services.eks: [VERIFY]    EKS clean
2026-08-11 03:00:47 INFO     services.elasticbeanstalk: [VERIFY]    Elastic Beanstalk clean
2026-08-11 03:00:47 INFO     services.cloudformation: [VERIFY]    CloudFormation clean
2026-08-11 03:00:47 INFO     services.rds: [VERIFY]    RDS clean
2026-08-11 03:00:47 INFO     services.s3: [VERIFY]    S3 clean
2026-08-11 03:00:47 INFO     services.elb: [VERIFY]    ELB clean
2026-08-11 03:00:47 INFO     services.ecs: [VERIFY]    ECS clean
2026-08-11 03:00:47 INFO     services.autoscaling: [VERIFY]    Auto Scaling clean
2026-08-11 03:00:47 INFO     services.lambda: [VERIFY]    Lambda clean
2026-08-11 03:00:47 INFO     services.eventbridge: [VERIFY]    EventBridge clean
2026-08-11 03:00:47 INFO     services.kms: [VERIFY]    KMS clean (0 customer keys scheduled for deletion, pending their waiting period)
2026-08-11 03:00:47 INFO     services.ec2: [VERIFY]    EC2 clean
2026-08-11 03:00:47 INFO     services.apigateway: [VERIFY]    API Gateway clean
2026-08-11 03:00:49 INFO     services.iam: [VERIFY]    IAM FAIL - 1 resources remain
2026-08-11 03:01:02 INFO     services.application-autoscaling: [VERIFY]    Application Auto Scaling clean
2026-08-11 03:01:02 INFO     orchestrator: [VERIFY]    Verification pass 1/5 found remaining resources in ['iam']; retrying in 15s
2026-08-11 03:01:17 INFO     services.apigateway: [VERIFY]    Verifying API Gateway is clean ...
2026-08-11 03:01:17 INFO     services.application-autoscaling: [VERIFY]    Verifying Application Auto Scaling is clean ...
2026-08-11 03:01:17 INFO     services.autoscaling: [VERIFY]    Verifying Auto Scaling is clean ...
2026-08-11 03:01:17 INFO     services.cloudformation: [VERIFY]    Verifying CloudFormation is clean ...
2026-08-11 03:01:17 INFO     services.ec2: [VERIFY]    Verifying EC2 is clean ...
2026-08-11 03:01:17 INFO     services.ecr: [VERIFY]    Verifying ECR is clean ...
2026-08-11 03:01:17 INFO     services.ecs: [VERIFY]    Verifying ECS is clean ...
2026-08-11 03:01:17 INFO     services.eks: [VERIFY]    Verifying EKS is clean ...
2026-08-11 03:01:17 INFO     services.elasticbeanstalk: [VERIFY]    Verifying Elastic Beanstalk is clean ...
2026-08-11 03:01:17 INFO     services.elb: [VERIFY]    Verifying ELB (v2 + classic) is clean ...
2026-08-11 03:01:17 INFO     services.eventbridge: [VERIFY]    Verifying EventBridge is clean ...
2026-08-11 03:01:17 INFO     services.iam: [VERIFY]    Verifying IAM is clean ...
2026-08-11 03:01:17 INFO     services.kms: [VERIFY]    Verifying KMS is clean (or all customer keys scheduled for deletion) ...
2026-08-11 03:01:17 INFO     services.lambda: [VERIFY]    Verifying Lambda is clean ...
2026-08-11 03:01:17 INFO     services.rds: [VERIFY]    Verifying RDS is clean ...
2026-08-11 03:01:17 INFO     services.s3: [VERIFY]    Verifying S3 is clean ...
2026-08-11 03:01:17 INFO     services.eks: [VERIFY]    EKS clean
2026-08-11 03:01:17 INFO     services.elasticbeanstalk: [VERIFY]    Elastic Beanstalk clean
2026-08-11 03:01:17 INFO     services.ecr: [VERIFY]    ECR clean
2026-08-11 03:01:17 INFO     services.cloudformation: [VERIFY]    CloudFormation clean
2026-08-11 03:01:17 INFO     services.rds: [VERIFY]    RDS clean
2026-08-11 03:01:17 INFO     services.s3: [VERIFY]    S3 clean
2026-08-11 03:01:17 INFO     services.autoscaling: [VERIFY]    Auto Scaling clean
2026-08-11 03:01:17 INFO     services.elb: [VERIFY]    ELB clean
2026-08-11 03:01:17 INFO     services.lambda: [VERIFY]    Lambda clean
2026-08-11 03:01:17 INFO     services.eventbridge: [VERIFY]    EventBridge clean
2026-08-11 03:01:17 INFO     services.kms: [VERIFY]    KMS clean (0 customer keys scheduled for deletion, pending their waiting period)
2026-08-11 03:01:17 INFO     services.apigateway: [VERIFY]    API Gateway clean
2026-08-11 03:01:17 INFO     services.ec2: [VERIFY]    EC2 clean
2026-08-11 03:01:18 INFO     services.ecs: [VERIFY]    ECS clean
2026-08-11 03:01:18 INFO     services.iam: [VERIFY]    IAM FAIL - 1 resources remain
2026-08-11 03:01:22 INFO     services.application-autoscaling: [VERIFY]    Application Auto Scaling clean
2026-08-11 03:01:22 INFO     orchestrator: [VERIFY]    Verification pass 2/5 found remaining resources in ['iam']; retrying in 15s
2026-08-11 03:01:37 INFO     services.apigateway: [VERIFY]    Verifying API Gateway is clean ...
2026-08-11 03:01:37 INFO     services.application-autoscaling: [VERIFY]    Verifying Application Auto Scaling is clean ...
2026-08-11 03:01:37 INFO     services.autoscaling: [VERIFY]    Verifying Auto Scaling is clean ...
2026-08-11 03:01:37 INFO     services.cloudformation: [VERIFY]    Verifying CloudFormation is clean ...
2026-08-11 03:01:37 INFO     services.ec2: [VERIFY]    Verifying EC2 is clean ...
2026-08-11 03:01:37 INFO     services.ecr: [VERIFY]    Verifying ECR is clean ...
2026-08-11 03:01:37 INFO     services.ecs: [VERIFY]    Verifying ECS is clean ...
2026-08-11 03:01:37 INFO     services.eks: [VERIFY]    Verifying EKS is clean ...
2026-08-11 03:01:37 INFO     services.elasticbeanstalk: [VERIFY]    Verifying Elastic Beanstalk is clean ...
2026-08-11 03:01:37 INFO     services.elb: [VERIFY]    Verifying ELB (v2 + classic) is clean ...
2026-08-11 03:01:37 INFO     services.eventbridge: [VERIFY]    Verifying EventBridge is clean ...
2026-08-11 03:01:37 INFO     services.iam: [VERIFY]    Verifying IAM is clean ...
2026-08-11 03:01:37 INFO     services.kms: [VERIFY]    Verifying KMS is clean (or all customer keys scheduled for deletion) ...
2026-08-11 03:01:37 INFO     services.lambda: [VERIFY]    Verifying Lambda is clean ...
2026-08-11 03:01:37 INFO     services.rds: [VERIFY]    Verifying RDS is clean ...
2026-08-11 03:01:37 INFO     services.s3: [VERIFY]    Verifying S3 is clean ...
2026-08-11 03:01:37 INFO     services.ecr: [VERIFY]    ECR clean
2026-08-11 03:01:37 INFO     services.eks: [VERIFY]    EKS clean
2026-08-11 03:01:37 INFO     services.elasticbeanstalk: [VERIFY]    Elastic Beanstalk clean
2026-08-11 03:01:37 INFO     services.cloudformation: [VERIFY]    CloudFormation clean
2026-08-11 03:01:37 INFO     services.rds: [VERIFY]    RDS clean
2026-08-11 03:01:37 INFO     services.ecs: [VERIFY]    ECS clean
2026-08-11 03:01:37 INFO     services.elb: [VERIFY]    ELB clean
2026-08-11 03:01:37 INFO     services.autoscaling: [VERIFY]    Auto Scaling clean
2026-08-11 03:01:37 INFO     services.s3: [VERIFY]    S3 clean
2026-08-11 03:01:37 INFO     services.lambda: [VERIFY]    Lambda clean
2026-08-11 03:01:37 INFO     services.eventbridge: [VERIFY]    EventBridge clean
2026-08-11 03:01:37 INFO     services.kms: [VERIFY]    KMS clean (0 customer keys scheduled for deletion, pending their waiting period)
2026-08-11 03:01:37 INFO     services.ec2: [VERIFY]    EC2 clean
2026-08-11 03:01:38 INFO     services.apigateway: [VERIFY]    API Gateway clean
2026-08-11 03:01:38 INFO     services.iam: [VERIFY]    IAM FAIL - 1 resources remain
2026-08-11 03:01:43 INFO     services.application-autoscaling: [VERIFY]    Application Auto Scaling clean
2026-08-11 03:01:43 INFO     orchestrator: [VERIFY]    Verification pass 3/5 found remaining resources in ['iam']; retrying in 15s
2026-08-11 03:01:58 INFO     services.apigateway: [VERIFY]    Verifying API Gateway is clean ...
2026-08-11 03:01:58 INFO     services.application-autoscaling: [VERIFY]    Verifying Application Auto Scaling is clean ...
2026-08-11 03:01:58 INFO     services.autoscaling: [VERIFY]    Verifying Auto Scaling is clean ...
2026-08-11 03:01:58 INFO     services.cloudformation: [VERIFY]    Verifying CloudFormation is clean ...
2026-08-11 03:01:58 INFO     services.ec2: [VERIFY]    Verifying EC2 is clean ...
2026-08-11 03:01:58 INFO     services.ecr: [VERIFY]    Verifying ECR is clean ...
2026-08-11 03:01:58 INFO     services.ecs: [VERIFY]    Verifying ECS is clean ...
2026-08-11 03:01:58 INFO     services.eks: [VERIFY]    Verifying EKS is clean ...
2026-08-11 03:01:58 INFO     services.elasticbeanstalk: [VERIFY]    Verifying Elastic Beanstalk is clean ...
2026-08-11 03:01:58 INFO     services.elb: [VERIFY]    Verifying ELB (v2 + classic) is clean ...
2026-08-11 03:01:58 INFO     services.eventbridge: [VERIFY]    Verifying EventBridge is clean ...
2026-08-11 03:01:58 INFO     services.iam: [VERIFY]    Verifying IAM is clean ...
2026-08-11 03:01:58 INFO     services.kms: [VERIFY]    Verifying KMS is clean (or all customer keys scheduled for deletion) ...
2026-08-11 03:01:58 INFO     services.lambda: [VERIFY]    Verifying Lambda is clean ...
2026-08-11 03:01:58 INFO     services.rds: [VERIFY]    Verifying RDS is clean ...
2026-08-11 03:01:58 INFO     services.s3: [VERIFY]    Verifying S3 is clean ...
2026-08-11 03:01:58 INFO     services.eks: [VERIFY]    EKS clean
2026-08-11 03:01:58 INFO     services.elasticbeanstalk: [VERIFY]    Elastic Beanstalk clean
2026-08-11 03:01:58 INFO     services.ecr: [VERIFY]    ECR clean
2026-08-11 03:01:58 INFO     services.cloudformation: [VERIFY]    CloudFormation clean
2026-08-11 03:01:58 INFO     services.rds: [VERIFY]    RDS clean
2026-08-11 03:01:58 INFO     services.elb: [VERIFY]    ELB clean
2026-08-11 03:01:58 INFO     services.s3: [VERIFY]    S3 clean
2026-08-11 03:01:58 INFO     services.ecs: [VERIFY]    ECS clean
2026-08-11 03:01:58 INFO     services.lambda: [VERIFY]    Lambda clean
2026-08-11 03:01:58 INFO     services.autoscaling: [VERIFY]    Auto Scaling clean
2026-08-11 03:01:58 INFO     services.eventbridge: [VERIFY]    EventBridge clean
2026-08-11 03:01:58 INFO     services.kms: [VERIFY]    KMS clean (0 customer keys scheduled for deletion, pending their waiting period)
2026-08-11 03:01:59 INFO     services.ec2: [VERIFY]    EC2 clean
2026-08-11 03:01:59 INFO     services.apigateway: [VERIFY]    API Gateway clean
2026-08-11 03:02:00 INFO     services.iam: [VERIFY]    IAM FAIL - 1 resources remain
2026-08-11 03:02:04 INFO     services.application-autoscaling: [VERIFY]    Application Auto Scaling clean
2026-08-11 03:02:04 INFO     orchestrator: [VERIFY]    Verification pass 4/5 found remaining resources in ['iam']; retrying in 15s
2026-08-11 03:02:19 INFO     services.apigateway: [VERIFY]    Verifying API Gateway is clean ...
2026-08-11 03:02:19 INFO     services.application-autoscaling: [VERIFY]    Verifying Application Auto Scaling is clean ...
2026-08-11 03:02:19 INFO     services.autoscaling: [VERIFY]    Verifying Auto Scaling is clean ...
2026-08-11 03:02:19 INFO     services.cloudformation: [VERIFY]    Verifying CloudFormation is clean ...
2026-08-11 03:02:19 INFO     services.ec2: [VERIFY]    Verifying EC2 is clean ...
2026-08-11 03:02:19 INFO     services.ecr: [VERIFY]    Verifying ECR is clean ...
2026-08-11 03:02:19 INFO     services.ecs: [VERIFY]    Verifying ECS is clean ...
2026-08-11 03:02:19 INFO     services.eks: [VERIFY]    Verifying EKS is clean ...
2026-08-11 03:02:19 INFO     services.elasticbeanstalk: [VERIFY]    Verifying Elastic Beanstalk is clean ...
2026-08-11 03:02:19 INFO     services.elb: [VERIFY]    Verifying ELB (v2 + classic) is clean ...
2026-08-11 03:02:19 INFO     services.eventbridge: [VERIFY]    Verifying EventBridge is clean ...
2026-08-11 03:02:19 INFO     services.iam: [VERIFY]    Verifying IAM is clean ...
2026-08-11 03:02:19 INFO     services.kms: [VERIFY]    Verifying KMS is clean (or all customer keys scheduled for deletion) ...
2026-08-11 03:02:19 INFO     services.lambda: [VERIFY]    Verifying Lambda is clean ...
2026-08-11 03:02:19 INFO     services.rds: [VERIFY]    Verifying RDS is clean ...
2026-08-11 03:02:19 INFO     services.s3: [VERIFY]    Verifying S3 is clean ...
2026-08-11 03:02:19 INFO     services.elasticbeanstalk: [VERIFY]    Elastic Beanstalk clean
2026-08-11 03:02:19 INFO     services.ecr: [VERIFY]    ECR clean
2026-08-11 03:02:19 INFO     services.eks: [VERIFY]    EKS clean
2026-08-11 03:02:19 INFO     services.rds: [VERIFY]    RDS clean
2026-08-11 03:02:19 INFO     services.ecs: [VERIFY]    ECS clean
2026-08-11 03:02:19 INFO     services.s3: [VERIFY]    S3 clean
2026-08-11 03:02:19 INFO     services.elb: [VERIFY]    ELB clean
2026-08-11 03:02:19 INFO     services.autoscaling: [VERIFY]    Auto Scaling clean
2026-08-11 03:02:20 INFO     services.lambda: [VERIFY]    Lambda clean
2026-08-11 03:02:20 INFO     services.kms: [VERIFY]    KMS clean (0 customer keys scheduled for deletion, pending their waiting period)
2026-08-11 03:02:20 INFO     services.eventbridge: [VERIFY]    EventBridge clean
2026-08-11 03:02:20 INFO     services.apigateway: [VERIFY]    API Gateway clean
2026-08-11 03:02:20 INFO     services.ec2: [VERIFY]    EC2 clean
2026-08-11 03:02:20 INFO     services.cloudformation: [VERIFY]    CloudFormation clean
2026-08-11 03:02:21 INFO     services.iam: [VERIFY]    IAM FAIL - 1 resources remain
2026-08-11 03:02:25 INFO     services.application-autoscaling: [VERIFY]    Application Auto Scaling clean
2026-08-11 03:02:25 INFO     orchestrator: Verification written to logs/reports/070640552464/ap-south-1/verification_pre_nuke.json
2026-08-11 03:02:25 WARNING  orchestrator: [WARN]      Pre aws-nuke verification: FAIL. Continuing to aws-nuke so it can attempt removal of remaining resources.
2026-08-11 03:02:25 INFO     orchestrator: PHASE 4 - aws-nuke
2026-08-11 03:02:25 INFO     aws_nuke: Starting aws-nuke [DESTRUCTIVE] for account 070640552464 in region ap-south-1
2026-08-11 03:05:14 INFO     aws_nuke: aws-nuke completed successfully
2026-08-11 03:05:14 INFO     orchestrator: aws-nuke phase completed successfully
2026-08-11 03:05:14 INFO     orchestrator: PHASE 5 - Final verification
2026-08-11 03:05:14 INFO     services.apigateway: [VERIFY]    Verifying API Gateway is clean ...
2026-08-11 03:05:14 INFO     services.application-autoscaling: [VERIFY]    Verifying Application Auto Scaling is clean ...
2026-08-11 03:05:14 INFO     services.autoscaling: [VERIFY]    Verifying Auto Scaling is clean ...
2026-08-11 03:05:14 INFO     services.cloudformation: [VERIFY]    Verifying CloudFormation is clean ...
2026-08-11 03:05:14 INFO     services.ec2: [VERIFY]    Verifying EC2 is clean ...
2026-08-11 03:05:14 INFO     services.ecr: [VERIFY]    Verifying ECR is clean ...
2026-08-11 03:05:14 INFO     services.ecs: [VERIFY]    Verifying ECS is clean ...
2026-08-11 03:05:14 INFO     services.eks: [VERIFY]    Verifying EKS is clean ...
2026-08-11 03:05:14 INFO     services.elasticbeanstalk: [VERIFY]    Verifying Elastic Beanstalk is clean ...
2026-08-11 03:05:14 INFO     services.elb: [VERIFY]    Verifying ELB (v2 + classic) is clean ...
2026-08-11 03:05:14 INFO     services.eventbridge: [VERIFY]    Verifying EventBridge is clean ...
2026-08-11 03:05:14 INFO     services.iam: [VERIFY]    Verifying IAM is clean ...
2026-08-11 03:05:14 INFO     services.kms: [VERIFY]    Verifying KMS is clean (or all customer keys scheduled for deletion) ...
2026-08-11 03:05:14 INFO     services.lambda: [VERIFY]    Verifying Lambda is clean ...
2026-08-11 03:05:14 INFO     services.rds: [VERIFY]    Verifying RDS is clean ...
2026-08-11 03:05:14 INFO     services.s3: [VERIFY]    Verifying S3 is clean ...
2026-08-11 03:05:14 INFO     services.eks: [VERIFY]    EKS clean
2026-08-11 03:05:14 INFO     services.cloudformation: [VERIFY]    CloudFormation clean
2026-08-11 03:05:14 INFO     services.elasticbeanstalk: [VERIFY]    Elastic Beanstalk clean
2026-08-11 03:05:14 INFO     services.autoscaling: [VERIFY]    Auto Scaling clean
2026-08-11 03:05:14 INFO     services.lambda: [VERIFY]    Lambda clean
2026-08-11 03:05:14 INFO     services.ecs: [VERIFY]    ECS clean
2026-08-11 03:05:14 INFO     services.rds: [VERIFY]    RDS clean
2026-08-11 03:05:14 INFO     services.eventbridge: [VERIFY]    EventBridge clean
2026-08-11 03:05:14 INFO     services.elb: [VERIFY]    ELB clean
2026-08-11 03:05:15 INFO     services.ec2: [VERIFY]    EC2 clean
2026-08-11 03:05:15 INFO     services.apigateway: [VERIFY]    API Gateway clean
2026-08-11 03:05:15 INFO     services.s3: [VERIFY]    S3 clean
2026-08-11 03:05:15 INFO     services.ecr: [VERIFY]    ECR clean
2026-08-11 03:05:15 INFO     services.kms: [VERIFY]    KMS clean (0 customer keys scheduled for deletion, pending their waiting period)
2026-08-11 03:05:16 INFO     services.iam: [VERIFY]    IAM clean
2026-08-11 03:05:26 INFO     services.application-autoscaling: [VERIFY]    Application Auto Scaling clean
2026-08-11 03:05:26 INFO     orchestrator: Verification written to logs/reports/070640552464/ap-south-1/verification_final.json
2026-08-11 03:05:26 INFO     orchestrator: Final verification: PASS
2026-08-11 03:05:26 INFO     orchestrator: PHASE 6 - Report generation
2026-08-11 03:05:26 INFO     cleanup_engine: ======================================================================
2026-08-11 03:05:26 INFO     cleanup_engine: Account cleanup result: PASS
2026-08-11 03:05:26 INFO     cleanup_engine: Reusable: True
2026-08-11 03:05:26 INFO     cleanup_engine: Remaining resources: 0
2026-08-11 03:05:26 INFO     cleanup_engine: ======================================================================
2026-08-11 03:11:26 INFO     cleanup_engine: Attempting to acquire cleanup lock for account 070640552464
2026-08-11 03:11:26 INFO     cleanup_engine: Cleanup lock acquired for account 070640552464
2026-08-11 03:11:26 INFO     cleanup_engine: ======================================================================
2026-08-11 03:11:26 INFO     cleanup_engine: Starting cleanup for account 070640552464
2026-08-11 03:11:26 INFO     cleanup_engine: Role: OrganizationAccountAccessRole
2026-08-11 03:11:26 INFO     cleanup_engine: Regions: ap-south-1
2026-08-11 03:11:26 INFO     cleanup_engine: Dry run: False
2026-08-11 03:11:26 INFO     cleanup_engine: ======================================================================
2026-08-11 03:11:26 INFO     cleanup_engine: Generated aws-nuke config: logs/runtime/070640552464/nuke-config.yaml
2026-08-11 03:11:26 INFO     cleanup_engine: --- Account 070640552464 / region ap-south-1 ---
2026-08-11 03:11:27 INFO     cleanup_engine: STS account verification passed: 070640552464
2026-08-11 03:11:27 INFO     orchestrator: Starting cleanup run for account 070640552464 in ap-south-1
2026-08-11 03:11:27 INFO     orchestrator: Discovered 16 service plugins: apigateway, application-autoscaling, autoscaling, cloudformation, ec2, ecr, ecs, eks, elasticbeanstalk, elb, eventbridge, iam, kms, lambda, rds, s3
2026-08-11 03:11:27 INFO     orchestrator: PHASE 1 - Inventory
2026-08-11 03:11:27 INFO     services.apigateway: [DISCOVER]  Scanning API Gateway (REST + HTTP/WebSocket) resources ...
2026-08-11 03:11:27 INFO     services.application-autoscaling: [DISCOVER]  Scanning Application Auto Scaling across 15 service namespaces ...
2026-08-11 03:11:27 INFO     services.autoscaling: [DISCOVER]  Scanning Auto Scaling groups and launch configurations ...
2026-08-11 03:11:27 INFO     services.cloudformation: [DISCOVER]  Scanning CloudFormation stacks ...
2026-08-11 03:11:27 INFO     services.ec2: [DISCOVER]  Scanning EC2 instances, volumes, snapshots, and networking resources ...
2026-08-11 03:11:27 INFO     services.ecr: [DISCOVER]  Scanning ECR repositories ...
2026-08-11 03:11:27 INFO     services.ecs: [DISCOVER]  Scanning ECS clusters, services, tasks, container instances, and task definitions ...
2026-08-11 03:11:27 INFO     services.eks: [DISCOVER]  Scanning EKS clusters and their node groups, Fargate profiles, and add-ons ...
2026-08-11 03:11:27 INFO     services.elasticbeanstalk: [DISCOVER]  Scanning Elastic Beanstalk applications, environments, versions, and configuration templates ...
2026-08-11 03:11:27 INFO     services.elb: [DISCOVER]  Scanning ELB (v2 + classic) load balancers and target groups ...
2026-08-11 03:11:27 INFO     services.eventbridge: [DISCOVER]  Scanning EventBridge buses, rules, archives, and schema registries ...
2026-08-11 03:11:27 INFO     services.iam: [DISCOVER]  Scanning IAM roles, policies, instance profiles, users, and groups ...
2026-08-11 03:11:27 INFO     services.kms: [DISCOVER]  Scanning KMS customer managed keys and aliases ...
2026-08-11 03:11:27 INFO     services.lambda: [DISCOVER]  Scanning Lambda functions, event source mappings, and layer versions ...
2026-08-11 03:11:27 INFO     services.rds: [DISCOVER]  Scanning RDS clusters and instances ...
2026-08-11 03:11:27 INFO     services.s3: [DISCOVER]  Scanning S3 buckets ...
2026-08-11 03:11:27 INFO     services.iam: IAM protected policy names: ['CoderCreatedIdentityBoundary', 'DefaultIamPolicy']
2026-08-11 03:11:28 INFO     services.s3: [DISCOVER]  Found 0 buckets
2026-08-11 03:11:28 INFO     services.elasticbeanstalk: [DISCOVER]  Found 0 applications, 0 environments, 0 application versions, 0 configuration templates
2026-08-11 03:11:28 INFO     services.elb: [DISCOVER]  Found 0 v2 load balancers, 0 target groups, 0 classic load balancers
2026-08-11 03:11:28 INFO     services.cloudformation: [DISCOVER]  Found 0 stacks
2026-08-11 03:11:28 INFO     services.eventbridge: [DISCOVER]  Found 0 custom event buses, 0 rules, 0 archives, 0 custom schema registries, 0 schemas
2026-08-11 03:11:28 INFO     services.autoscaling: [DISCOVER]  Found 0 Auto Scaling groups, 0 launch configurations
2026-08-11 03:11:28 INFO     services.ecr: [DISCOVER]  Found 0 repositories
2026-08-11 03:11:28 INFO     services.eks: [DISCOVER]  Found 0 clusters, 0 node groups, 0 Fargate profiles, 0 add-ons, 0 access entries
2026-08-11 03:11:28 INFO     services.ecs: [DISCOVER]  Found 0 clusters, 0 services, 0 standalone tasks, 0 container instances, 0 active task definitions
2026-08-11 03:11:28 INFO     services.rds: [DISCOVER]  Found 0 DB clusters and 0 DB instances
2026-08-11 03:11:28 INFO     services.lambda: [DISCOVER]  Found 0 functions, 0 event source mappings, 0 layer versions
2026-08-11 03:11:28 INFO     services.kms: [DISCOVER]  Found 0 customer managed keys, 0 aliases (4 AWS managed keys excluded -- not customer-deletable)
2026-08-11 03:11:29 INFO     services.apigateway: [DISCOVER]  Found API Gateway resources: {}
2026-08-11 03:11:29 INFO     services.ec2: [DISCOVER]  Found 0 instances, 0 volumes, 0 snapshots, 0 networking resources
2026-08-11 03:11:30 INFO     services.iam: [DISCOVER]  Protecting IAM policy 'DefaultIamPolicy' from deletion
2026-08-11 03:11:30 INFO     services.iam: [DISCOVER]  Protecting IAM policy 'CoderCreatedIdentityBoundary' from deletion
2026-08-11 03:11:30 INFO     services.iam: [DISCOVER]  Protecting currently-assumed role 'OrganizationAccountAccessRole' from deletion
2026-08-11 03:11:30 INFO     services.iam: [DISCOVER]  Found 0 deletable roles, 0 deletable customer-managed policies, 0 instance profiles, 1 users, 0 groups
2026-08-11 03:11:41 INFO     services.application-autoscaling: [DISCOVER]  Found 0 scalable targets, 0 scaling policies, 0 scheduled actions
2026-08-11 03:11:41 INFO     orchestrator: Inventory written to logs/reports/070640552464/ap-south-1/inventory.json
2026-08-11 03:11:41 INFO     orchestrator: PHASE 2 - Custom cleanup
2026-08-11 03:11:41 INFO     orchestrator: Cleaning up service: apigateway
2026-08-11 03:11:41 INFO     services.apigateway: [CLEANUP]   No API Gateway resources to delete
2026-08-11 03:11:41 INFO     orchestrator: Cleaning up service: application-autoscaling
2026-08-11 03:11:41 INFO     services.application-autoscaling: [CLEANUP]   No Application Auto Scaling resources to delete
2026-08-11 03:11:41 INFO     orchestrator: Cleaning up service: autoscaling
2026-08-11 03:11:41 INFO     services.autoscaling: [CLEANUP]   No Auto Scaling resources to delete
2026-08-11 03:11:41 INFO     orchestrator: Cleaning up service: cloudformation
2026-08-11 03:11:41 INFO     services.cloudformation: [CLEANUP]   No CloudFormation stacks to delete
2026-08-11 03:11:41 INFO     orchestrator: Cleaning up service: ec2
2026-08-11 03:11:41 INFO     services.ec2: [CLEANUP]   No EC2 resources to delete
2026-08-11 03:11:41 INFO     orchestrator: Cleaning up service: ecr
2026-08-11 03:11:41 INFO     services.ecr: [CLEANUP]   No ECR resources to delete
2026-08-11 03:11:41 INFO     orchestrator: Cleaning up service: ecs
2026-08-11 03:11:41 INFO     services.ecs: [CLEANUP]   No ECS resources to delete
2026-08-11 03:11:41 INFO     orchestrator: Cleaning up service: eks
2026-08-11 03:11:41 INFO     services.eks: [CLEANUP]   No EKS resources to delete
2026-08-11 03:11:41 INFO     orchestrator: Cleaning up service: elasticbeanstalk
2026-08-11 03:11:41 INFO     services.elasticbeanstalk: [CLEANUP]   No Elastic Beanstalk resources to delete
2026-08-11 03:11:41 INFO     orchestrator: Cleaning up service: elb
2026-08-11 03:11:41 INFO     services.elb: [CLEANUP]   No ELB resources to delete
2026-08-11 03:11:41 INFO     orchestrator: Cleaning up service: eventbridge
2026-08-11 03:11:41 INFO     services.eventbridge: [CLEANUP]   No EventBridge resources to delete
2026-08-11 03:11:41 INFO     orchestrator: Cleaning up service: iam
2026-08-11 03:11:44 INFO     services.iam: [CLEANUP]   Deleted user Coder
2026-08-11 03:11:44 INFO     orchestrator: Cleaning up service: kms
2026-08-11 03:11:44 INFO     services.kms: [CLEANUP]   No KMS resources to delete
2026-08-11 03:11:44 INFO     orchestrator: Cleaning up service: lambda
2026-08-11 03:11:44 INFO     services.lambda: [CLEANUP]   No Lambda resources to delete
2026-08-11 03:11:44 INFO     orchestrator: Cleaning up service: rds
2026-08-11 03:11:44 INFO     services.rds: [CLEANUP]   No RDS clusters or instances to delete
2026-08-11 03:11:44 INFO     orchestrator: Cleaning up service: s3
2026-08-11 03:11:44 INFO     services.s3: [CLEANUP]   No S3 buckets to delete
2026-08-11 03:11:44 INFO     orchestrator: PHASE 3 - Pre aws-nuke verification
2026-08-11 03:11:44 INFO     services.apigateway: [VERIFY]    Verifying API Gateway is clean ...
2026-08-11 03:11:44 INFO     services.application-autoscaling: [VERIFY]    Verifying Application Auto Scaling is clean ...
2026-08-11 03:11:44 INFO     services.autoscaling: [VERIFY]    Verifying Auto Scaling is clean ...
2026-08-11 03:11:44 INFO     services.cloudformation: [VERIFY]    Verifying CloudFormation is clean ...
2026-08-11 03:11:44 INFO     services.ec2: [VERIFY]    Verifying EC2 is clean ...
2026-08-11 03:11:44 INFO     services.ecr: [VERIFY]    Verifying ECR is clean ...
2026-08-11 03:11:44 INFO     services.ecs: [VERIFY]    Verifying ECS is clean ...
2026-08-11 03:11:44 INFO     services.eks: [VERIFY]    Verifying EKS is clean ...
2026-08-11 03:11:44 INFO     services.elasticbeanstalk: [VERIFY]    Verifying Elastic Beanstalk is clean ...
2026-08-11 03:11:44 INFO     services.elb: [VERIFY]    Verifying ELB (v2 + classic) is clean ...
2026-08-11 03:11:44 INFO     services.eventbridge: [VERIFY]    Verifying EventBridge is clean ...
2026-08-11 03:11:44 INFO     services.iam: [VERIFY]    Verifying IAM is clean ...
2026-08-11 03:11:44 INFO     services.kms: [VERIFY]    Verifying KMS is clean (or all customer keys scheduled for deletion) ...
2026-08-11 03:11:44 INFO     services.lambda: [VERIFY]    Verifying Lambda is clean ...
2026-08-11 03:11:44 INFO     services.rds: [VERIFY]    Verifying RDS is clean ...
2026-08-11 03:11:44 INFO     services.s3: [VERIFY]    Verifying S3 is clean ...
2026-08-11 03:11:44 INFO     services.ecr: [VERIFY]    ECR clean
2026-08-11 03:11:44 INFO     services.eks: [VERIFY]    EKS clean
2026-08-11 03:11:44 INFO     services.elasticbeanstalk: [VERIFY]    Elastic Beanstalk clean
2026-08-11 03:11:44 INFO     services.rds: [VERIFY]    RDS clean
2026-08-11 03:11:44 INFO     services.cloudformation: [VERIFY]    CloudFormation clean
2026-08-11 03:11:44 INFO     services.elb: [VERIFY]    ELB clean
2026-08-11 03:11:44 INFO     services.ecs: [VERIFY]    ECS clean
2026-08-11 03:11:44 INFO     services.lambda: [VERIFY]    Lambda clean
2026-08-11 03:11:44 INFO     services.autoscaling: [VERIFY]    Auto Scaling clean
2026-08-11 03:11:44 INFO     services.s3: [VERIFY]    S3 clean
2026-08-11 03:11:44 INFO     services.eventbridge: [VERIFY]    EventBridge clean
2026-08-11 03:11:44 INFO     services.kms: [VERIFY]    KMS clean (0 customer keys scheduled for deletion, pending their waiting period)
2026-08-11 03:11:44 INFO     services.ec2: [VERIFY]    EC2 clean
2026-08-11 03:11:45 INFO     services.apigateway: [VERIFY]    API Gateway clean
2026-08-11 03:11:45 INFO     services.iam: [VERIFY]    IAM clean
2026-08-11 03:11:56 INFO     services.application-autoscaling: [VERIFY]    Application Auto Scaling clean
2026-08-11 03:11:56 INFO     orchestrator: Verification written to logs/reports/070640552464/ap-south-1/verification_pre_nuke.json
2026-08-11 03:11:56 INFO     orchestrator: Pre aws-nuke verification: PASS
2026-08-11 03:11:56 INFO     orchestrator: PHASE 4 - aws-nuke
2026-08-11 03:11:56 INFO     aws_nuke: Starting aws-nuke [DESTRUCTIVE] for account 070640552464 in region ap-south-1
2026-08-11 03:14:20 INFO     aws_nuke: aws-nuke completed successfully
2026-08-11 03:14:20 INFO     orchestrator: aws-nuke phase completed successfully
2026-08-11 03:14:20 INFO     orchestrator: PHASE 5 - Final verification
2026-08-11 03:14:20 INFO     services.apigateway: [VERIFY]    Verifying API Gateway is clean ...
2026-08-11 03:14:20 INFO     services.application-autoscaling: [VERIFY]    Verifying Application Auto Scaling is clean ...
2026-08-11 03:14:20 INFO     services.autoscaling: [VERIFY]    Verifying Auto Scaling is clean ...
2026-08-11 03:14:20 INFO     services.cloudformation: [VERIFY]    Verifying CloudFormation is clean ...
2026-08-11 03:14:20 INFO     services.ec2: [VERIFY]    Verifying EC2 is clean ...
2026-08-11 03:14:20 INFO     services.ecr: [VERIFY]    Verifying ECR is clean ...
2026-08-11 03:14:20 INFO     services.ecs: [VERIFY]    Verifying ECS is clean ...
2026-08-11 03:14:20 INFO     services.eks: [VERIFY]    Verifying EKS is clean ...
2026-08-11 03:14:20 INFO     services.elasticbeanstalk: [VERIFY]    Verifying Elastic Beanstalk is clean ...
2026-08-11 03:14:20 INFO     services.elb: [VERIFY]    Verifying ELB (v2 + classic) is clean ...
2026-08-11 03:14:20 INFO     services.eventbridge: [VERIFY]    Verifying EventBridge is clean ...
2026-08-11 03:14:20 INFO     services.iam: [VERIFY]    Verifying IAM is clean ...
2026-08-11 03:14:20 INFO     services.kms: [VERIFY]    Verifying KMS is clean (or all customer keys scheduled for deletion) ...
2026-08-11 03:14:20 INFO     services.lambda: [VERIFY]    Verifying Lambda is clean ...
2026-08-11 03:14:20 INFO     services.rds: [VERIFY]    Verifying RDS is clean ...
2026-08-11 03:14:20 INFO     services.s3: [VERIFY]    Verifying S3 is clean ...
2026-08-11 03:14:20 INFO     services.eks: [VERIFY]    EKS clean
2026-08-11 03:14:20 INFO     services.cloudformation: [VERIFY]    CloudFormation clean
2026-08-11 03:14:20 INFO     services.ecs: [VERIFY]    ECS clean
2026-08-11 03:14:20 INFO     services.lambda: [VERIFY]    Lambda clean
2026-08-11 03:14:20 INFO     services.elasticbeanstalk: [VERIFY]    Elastic Beanstalk clean
2026-08-11 03:14:20 INFO     services.autoscaling: [VERIFY]    Auto Scaling clean
2026-08-11 03:14:20 INFO     services.rds: [VERIFY]    RDS clean
2026-08-11 03:14:21 INFO     services.ec2: [VERIFY]    EC2 clean
2026-08-11 03:14:21 INFO     services.s3: [VERIFY]    S3 clean
2026-08-11 03:14:21 INFO     services.kms: [VERIFY]    KMS clean (0 customer keys scheduled for deletion, pending their waiting period)
2026-08-11 03:14:21 INFO     services.elb: [VERIFY]    ELB clean
2026-08-11 03:14:22 INFO     services.iam: [VERIFY]    IAM clean
2026-08-11 03:14:22 INFO     services.ecr: [VERIFY]    ECR clean
2026-08-11 03:14:22 INFO     services.eventbridge: [VERIFY]    EventBridge clean
2026-08-11 03:14:23 INFO     services.apigateway: [VERIFY]    API Gateway clean
2026-08-11 03:14:33 INFO     services.application-autoscaling: [VERIFY]    Application Auto Scaling clean
2026-08-11 03:14:33 INFO     orchestrator: Verification written to logs/reports/070640552464/ap-south-1/verification_final.json
2026-08-11 03:14:33 INFO     orchestrator: Final verification: PASS
2026-08-11 03:14:33 INFO     orchestrator: PHASE 6 - Report generation
2026-08-11 03:14:34 INFO     cleanup_engine: ======================================================================
2026-08-11 03:14:34 INFO     cleanup_engine: Account cleanup result: PASS
2026-08-11 03:14:34 INFO     cleanup_engine: Reusable: True
2026-08-11 03:14:34 INFO     cleanup_engine: Remaining resources: 0
2026-08-11 03:14:34 INFO     cleanup_engine: ======================================================================
2026-08-18 22:32:15 INFO     cleanup_engine: student_id=student01 account_id=070640552464 Attempting to acquire cleanup lock for account 070640552464
2026-08-18 22:32:15 INFO     cleanup_engine: student_id=student01 account_id=070640552464 Cleanup lock acquired for account 070640552464
2026-08-18 22:32:15 INFO     cleanup_engine: student_id=student01 account_id=070640552464 Starting cleanup for account 070640552464
2026-08-18 22:32:15 INFO     cleanup_engine: student_id=student01 account_id=070640552464 Role: OrganizationAccountAccessRole
2026-08-18 22:32:15 INFO     cleanup_engine: student_id=student01 account_id=070640552464 Regions: ap-south-1
2026-08-18 22:32:15 INFO     cleanup_engine: student_id=student01 account_id=070640552464 Dry run: False
2026-08-18 22:32:15 INFO     cleanup_engine: student_id=student01 account_id=070640552464 Generated aws-nuke config: logs/runtime/070640552464/nuke-config.yaml
2026-08-18 22:32:15 INFO     cleanup_engine: student_id=student01 account_id=070640552464 Account 070640552464 / region ap-south-1
2026-08-18 22:32:15 INFO     cleanup_engine: student_id=student01 account_id=070640552464 STS account verification passed: 070640552464
2026-08-18 22:32:15 INFO     orchestrator: student_id=student01 account_id=070640552464 Starting cleanup run for account 070640552464 in ap-south-1
2026-08-18 22:32:15 INFO     orchestrator: student_id=student01 account_id=070640552464 Discovered 16 service plugins: apigateway, application-autoscaling, autoscaling, cloudformation, ec2, ecr, ecs, eks, elasticbeanstalk, elb, eventbridge, iam, kms, lambda, rds, s3
2026-08-18 22:32:15 INFO     orchestrator: student_id=student01 account_id=070640552464 PHASE 1 - Inventory
2026-08-18 22:32:15 INFO     services.apigateway: student_id=student01 account_id=070640552464 [DISCOVER]  Scanning API Gateway (REST + HTTP/WebSocket) resources ...
2026-08-18 22:32:15 INFO     services.application-autoscaling: student_id=student01 account_id=070640552464 [DISCOVER]  Scanning Application Auto Scaling across 15 service namespaces ...
2026-08-18 22:32:15 INFO     services.autoscaling: student_id=student01 account_id=070640552464 [DISCOVER]  Scanning Auto Scaling groups and launch configurations ...
2026-08-18 22:32:15 INFO     services.cloudformation: student_id=student01 account_id=070640552464 [DISCOVER]  Scanning CloudFormation stacks ...
2026-08-18 22:32:15 INFO     services.ec2: student_id=student01 account_id=070640552464 [DISCOVER]  Scanning EC2 instances, volumes, snapshots, and networking resources ...
2026-08-18 22:32:15 INFO     services.ecr: student_id=student01 account_id=070640552464 [DISCOVER]  Scanning ECR repositories ...
2026-08-18 22:32:15 INFO     services.ecs: student_id=student01 account_id=070640552464 [DISCOVER]  Scanning ECS clusters, services, tasks, container instances, and task definitions ...
2026-08-18 22:32:15 INFO     services.eks: student_id=student01 account_id=070640552464 [DISCOVER]  Scanning EKS clusters and their node groups, Fargate profiles, and add-ons ...
2026-08-18 22:32:15 INFO     services.elasticbeanstalk: student_id=student01 account_id=070640552464 [DISCOVER]  Scanning Elastic Beanstalk applications, environments, versions, and configuration templates ...
2026-08-18 22:32:15 INFO     services.elb: student_id=student01 account_id=070640552464 [DISCOVER]  Scanning ELB (v2 + classic) load balancers and target groups ...
2026-08-18 22:32:15 INFO     services.eventbridge: student_id=student01 account_id=070640552464 [DISCOVER]  Scanning EventBridge buses, rules, archives, and schema registries ...
2026-08-18 22:32:15 INFO     services.iam: student_id=student01 account_id=070640552464 [DISCOVER]  Scanning IAM roles, policies, instance profiles, users, and groups ...
2026-08-18 22:32:15 INFO     services.kms: student_id=student01 account_id=070640552464 [DISCOVER]  Scanning KMS customer managed keys and aliases ...
2026-08-18 22:32:15 INFO     services.lambda: student_id=student01 account_id=070640552464 [DISCOVER]  Scanning Lambda functions, event source mappings, and layer versions ...
2026-08-18 22:32:15 INFO     services.rds: student_id=student01 account_id=070640552464 [DISCOVER]  Scanning RDS clusters and instances ...
2026-08-18 22:32:15 INFO     services.s3: student_id=student01 account_id=070640552464 [DISCOVER]  Scanning S3 buckets ...
2026-08-18 22:32:16 INFO     services.iam: student_id=student01 account_id=070640552464 IAM protected policy names: ['CoderCreatedIdentityBoundary', 'DefaultIamPolicy']
2026-08-18 22:32:16 INFO     services.s3: student_id=student01 account_id=070640552464 [DISCOVER]  Found 0 buckets
2026-08-18 22:32:16 INFO     services.elb: student_id=student01 account_id=070640552464 [DISCOVER]  Found 0 v2 load balancers, 0 target groups, 0 classic load balancers
2026-08-18 22:32:16 INFO     services.autoscaling: student_id=student01 account_id=070640552464 [DISCOVER]  Found 0 Auto Scaling groups, 0 launch configurations
2026-08-18 22:32:16 INFO     services.ecr: student_id=student01 account_id=070640552464 [DISCOVER]  Found 0 repositories
2026-08-18 22:32:16 INFO     services.rds: student_id=student01 account_id=070640552464 [DISCOVER]  Found 0 DB clusters and 0 DB instances
2026-08-18 22:32:16 INFO     services.lambda: student_id=student01 account_id=070640552464 [DISCOVER]  Found 0 functions, 0 event source mappings, 0 layer versions
2026-08-18 22:32:16 INFO     services.elasticbeanstalk: student_id=student01 account_id=070640552464 [DISCOVER]  Found 0 applications, 0 environments, 0 application versions, 0 configuration templates
2026-08-18 22:32:16 INFO     services.kms: student_id=student01 account_id=070640552464 [DISCOVER]  Found 0 customer managed keys, 0 aliases (4 AWS managed keys excluded -- not customer-deletable)
2026-08-18 22:32:17 INFO     services.eks: student_id=student01 account_id=070640552464 [DISCOVER]  Found 0 clusters, 0 node groups, 0 Fargate profiles, 0 add-ons, 0 access entries
2026-08-18 22:32:17 INFO     services.cloudformation: student_id=student01 account_id=070640552464 [DISCOVER]  Found 0 stacks
2026-08-18 22:32:17 INFO     services.ecs: student_id=student01 account_id=070640552464 [DISCOVER]  Found 0 clusters, 0 services, 0 standalone tasks, 0 container instances, 0 active task definitions
2026-08-18 22:32:17 INFO     services.eventbridge: student_id=student01 account_id=070640552464 [DISCOVER]  Found 0 custom event buses, 0 rules, 0 archives, 0 custom schema registries, 0 schemas
2026-08-18 22:32:17 INFO     services.ec2: student_id=student01 account_id=070640552464 [DISCOVER]  Found 0 instances, 0 volumes, 0 snapshots, 0 networking resources
2026-08-18 22:32:18 INFO     services.apigateway: student_id=student01 account_id=070640552464 [DISCOVER]  Found API Gateway resources: {}
2026-08-18 22:32:18 INFO     services.iam: student_id=student01 account_id=070640552464 [DISCOVER]  Protecting IAM policy 'DefaultIamPolicy' from deletion
2026-08-18 22:32:18 INFO     services.iam: student_id=student01 account_id=070640552464 [DISCOVER]  Protecting IAM policy 'CoderCreatedIdentityBoundary' from deletion
2026-08-18 22:32:18 INFO     services.iam: student_id=student01 account_id=070640552464 [DISCOVER]  Protecting currently-assumed role 'OrganizationAccountAccessRole' from deletion
2026-08-18 22:32:18 INFO     services.iam: student_id=student01 account_id=070640552464 [DISCOVER]  Found 0 deletable roles, 0 deletable customer-managed policies, 0 instance profiles, 1 users, 0 groups
2026-08-18 22:32:29 INFO     services.application-autoscaling: student_id=student01 account_id=070640552464 [DISCOVER]  Found 0 scalable targets, 0 scaling policies, 0 scheduled actions
2026-08-18 22:32:29 INFO     orchestrator: student_id=student01 account_id=070640552464 Inventory written to logs/reports/070640552464/ap-south-1/inventory.json
2026-08-18 22:32:29 INFO     orchestrator: student_id=student01 account_id=070640552464 PHASE 2 - Custom cleanup
2026-08-18 22:32:29 INFO     orchestrator: student_id=student01 account_id=070640552464 Cleaning up service: apigateway
2026-08-18 22:32:29 INFO     services.apigateway: student_id=student01 account_id=070640552464 [CLEANUP]   No API Gateway resources to delete
2026-08-18 22:32:29 INFO     orchestrator: student_id=student01 account_id=070640552464 Cleaning up service: application-autoscaling
2026-08-18 22:32:29 INFO     services.application-autoscaling: student_id=student01 account_id=070640552464 [CLEANUP]   No Application Auto Scaling resources to delete
2026-08-18 22:32:29 INFO     orchestrator: student_id=student01 account_id=070640552464 Cleaning up service: autoscaling
2026-08-18 22:32:29 INFO     services.autoscaling: student_id=student01 account_id=070640552464 [CLEANUP]   No Auto Scaling resources to delete
2026-08-18 22:32:29 INFO     orchestrator: student_id=student01 account_id=070640552464 Cleaning up service: cloudformation
2026-08-18 22:32:29 INFO     services.cloudformation: student_id=student01 account_id=070640552464 [CLEANUP]   No CloudFormation stacks to delete
2026-08-18 22:32:29 INFO     orchestrator: student_id=student01 account_id=070640552464 Cleaning up service: ec2
2026-08-18 22:32:29 INFO     services.ec2: student_id=student01 account_id=070640552464 [CLEANUP]   No EC2 resources to delete
2026-08-18 22:32:29 INFO     orchestrator: student_id=student01 account_id=070640552464 Cleaning up service: ecr
2026-08-18 22:32:29 INFO     services.ecr: student_id=student01 account_id=070640552464 [CLEANUP]   No ECR resources to delete
2026-08-18 22:32:29 INFO     orchestrator: student_id=student01 account_id=070640552464 Cleaning up service: ecs
2026-08-18 22:32:29 INFO     services.ecs: student_id=student01 account_id=070640552464 [CLEANUP]   No ECS resources to delete
2026-08-18 22:32:29 INFO     orchestrator: student_id=student01 account_id=070640552464 Cleaning up service: eks
2026-08-18 22:32:29 INFO     services.eks: student_id=student01 account_id=070640552464 [CLEANUP]   No EKS resources to delete
2026-08-18 22:32:29 INFO     orchestrator: student_id=student01 account_id=070640552464 Cleaning up service: elasticbeanstalk
2026-08-18 22:32:29 INFO     services.elasticbeanstalk: student_id=student01 account_id=070640552464 [CLEANUP]   No Elastic Beanstalk resources to delete
2026-08-18 22:32:29 INFO     orchestrator: student_id=student01 account_id=070640552464 Cleaning up service: elb
2026-08-18 22:32:29 INFO     services.elb: student_id=student01 account_id=070640552464 [CLEANUP]   No ELB resources to delete
2026-08-18 22:32:29 INFO     orchestrator: student_id=student01 account_id=070640552464 Cleaning up service: eventbridge
2026-08-18 22:32:29 INFO     services.eventbridge: student_id=student01 account_id=070640552464 [CLEANUP]   No EventBridge resources to delete
2026-08-18 22:32:29 INFO     orchestrator: student_id=student01 account_id=070640552464 Cleaning up service: iam
2026-08-18 22:32:33 INFO     services.iam: student_id=student01 account_id=070640552464 [CLEANUP]   Deleted user Coder
2026-08-18 22:32:33 INFO     orchestrator: student_id=student01 account_id=070640552464 Cleaning up service: kms
2026-08-18 22:32:33 INFO     services.kms: student_id=student01 account_id=070640552464 [CLEANUP]   No KMS resources to delete
2026-08-18 22:32:33 INFO     orchestrator: student_id=student01 account_id=070640552464 Cleaning up service: lambda
2026-08-18 22:32:33 INFO     services.lambda: student_id=student01 account_id=070640552464 [CLEANUP]   No Lambda resources to delete
2026-08-18 22:32:33 INFO     orchestrator: student_id=student01 account_id=070640552464 Cleaning up service: rds
2026-08-18 22:32:33 INFO     services.rds: student_id=student01 account_id=070640552464 [CLEANUP]   No RDS clusters or instances to delete
2026-08-18 22:32:33 INFO     orchestrator: student_id=student01 account_id=070640552464 Cleaning up service: s3
2026-08-18 22:32:33 INFO     services.s3: student_id=student01 account_id=070640552464 [CLEANUP]   No S3 buckets to delete
2026-08-18 22:32:33 INFO     orchestrator: student_id=student01 account_id=070640552464 PHASE 3 - Pre aws-nuke verification
2026-08-18 22:32:33 INFO     services.apigateway: student_id=student01 account_id=070640552464 [VERIFY]    Verifying API Gateway is clean ...
2026-08-18 22:32:33 INFO     services.application-autoscaling: student_id=student01 account_id=070640552464 [VERIFY]    Verifying Application Auto Scaling is clean ...
2026-08-18 22:32:33 INFO     services.autoscaling: student_id=student01 account_id=070640552464 [VERIFY]    Verifying Auto Scaling is clean ...
2026-08-18 22:32:33 INFO     services.cloudformation: student_id=student01 account_id=070640552464 [VERIFY]    Verifying CloudFormation is clean ...
2026-08-18 22:32:33 INFO     services.ec2: student_id=student01 account_id=070640552464 [VERIFY]    Verifying EC2 is clean ...
2026-08-18 22:32:33 INFO     services.ecr: student_id=student01 account_id=070640552464 [VERIFY]    Verifying ECR is clean ...
2026-08-18 22:32:33 INFO     services.ecs: student_id=student01 account_id=070640552464 [VERIFY]    Verifying ECS is clean ...
2026-08-18 22:32:33 INFO     services.eks: student_id=student01 account_id=070640552464 [VERIFY]    Verifying EKS is clean ...
2026-08-18 22:32:33 INFO     services.elasticbeanstalk: student_id=student01 account_id=070640552464 [VERIFY]    Verifying Elastic Beanstalk is clean ...
2026-08-18 22:32:33 INFO     services.elb: student_id=student01 account_id=070640552464 [VERIFY]    Verifying ELB (v2 + classic) is clean ...
2026-08-18 22:32:33 INFO     services.eventbridge: student_id=student01 account_id=070640552464 [VERIFY]    Verifying EventBridge is clean ...
2026-08-18 22:32:33 INFO     services.iam: student_id=student01 account_id=070640552464 [VERIFY]    Verifying IAM is clean ...
2026-08-18 22:32:33 INFO     services.kms: student_id=student01 account_id=070640552464 [VERIFY]    Verifying KMS is clean (or all customer keys scheduled for deletion) ...
2026-08-18 22:32:33 INFO     services.lambda: student_id=student01 account_id=070640552464 [VERIFY]    Verifying Lambda is clean ...
2026-08-18 22:32:33 INFO     services.rds: student_id=student01 account_id=070640552464 [VERIFY]    Verifying RDS is clean ...
2026-08-18 22:32:33 INFO     services.s3: student_id=student01 account_id=070640552464 [VERIFY]    Verifying S3 is clean ...
2026-08-18 22:32:33 INFO     services.ecr: student_id=student01 account_id=070640552464 [VERIFY]    ECR clean
2026-08-18 22:32:33 INFO     services.eks: student_id=student01 account_id=070640552464 [VERIFY]    EKS clean
2026-08-18 22:32:33 INFO     services.elasticbeanstalk: student_id=student01 account_id=070640552464 [VERIFY]    Elastic Beanstalk clean
2026-08-18 22:32:33 INFO     services.cloudformation: student_id=student01 account_id=070640552464 [VERIFY]    CloudFormation clean
2026-08-18 22:32:33 INFO     services.rds: student_id=student01 account_id=070640552464 [VERIFY]    RDS clean
2026-08-18 22:32:33 INFO     services.elb: student_id=student01 account_id=070640552464 [VERIFY]    ELB clean
2026-08-18 22:32:33 INFO     services.s3: student_id=student01 account_id=070640552464 [VERIFY]    S3 clean
2026-08-18 22:32:33 INFO     services.lambda: student_id=student01 account_id=070640552464 [VERIFY]    Lambda clean
2026-08-18 22:32:33 INFO     services.ecs: student_id=student01 account_id=070640552464 [VERIFY]    ECS clean
2026-08-18 22:32:33 INFO     services.autoscaling: student_id=student01 account_id=070640552464 [VERIFY]    Auto Scaling clean
2026-08-18 22:32:33 INFO     services.kms: student_id=student01 account_id=070640552464 [VERIFY]    KMS clean (0 customer keys scheduled for deletion, pending their waiting period)
2026-08-18 22:32:33 INFO     services.ec2: student_id=student01 account_id=070640552464 [VERIFY]    EC2 clean
2026-08-18 22:32:33 INFO     services.eventbridge: student_id=student01 account_id=070640552464 [VERIFY]    EventBridge clean
2026-08-18 22:32:33 INFO     services.apigateway: student_id=student01 account_id=070640552464 [VERIFY]    API Gateway clean
2026-08-18 22:32:34 INFO     services.iam: student_id=student01 account_id=070640552464 [VERIFY]    IAM clean
2026-08-18 22:32:45 INFO     services.application-autoscaling: student_id=student01 account_id=070640552464 [VERIFY]    Application Auto Scaling clean
2026-08-18 22:32:45 INFO     orchestrator: student_id=student01 account_id=070640552464 Verification written to logs/reports/070640552464/ap-south-1/verification_pre_nuke.json
2026-08-18 22:32:45 INFO     orchestrator: student_id=student01 account_id=070640552464 Pre aws-nuke verification: PASS
2026-08-18 22:32:45 INFO     orchestrator: student_id=student01 account_id=070640552464 PHASE 4 - aws-nuke
2026-08-18 22:32:45 INFO     aws_nuke: student_id=student01 account_id=070640552464 Starting aws-nuke [DESTRUCTIVE] for account 070640552464 in region ap-south-1
2026-08-18 22:35:23 INFO     aws_nuke: student_id=student01 account_id=070640552464 aws-nuke completed successfully
2026-08-18 22:35:23 INFO     orchestrator: student_id=student01 account_id=070640552464 aws-nuke phase completed successfully
2026-08-18 22:35:23 INFO     orchestrator: student_id=student01 account_id=070640552464 PHASE 5 - Final verification
2026-08-18 22:35:23 INFO     services.apigateway: student_id=student01 account_id=070640552464 [VERIFY]    Verifying API Gateway is clean ...
2026-08-18 22:35:23 INFO     services.application-autoscaling: student_id=student01 account_id=070640552464 [VERIFY]    Verifying Application Auto Scaling is clean ...
2026-08-18 22:35:23 INFO     services.autoscaling: student_id=student01 account_id=070640552464 [VERIFY]    Verifying Auto Scaling is clean ...
2026-08-18 22:35:23 INFO     services.cloudformation: student_id=student01 account_id=070640552464 [VERIFY]    Verifying CloudFormation is clean ...
2026-08-18 22:35:23 INFO     services.ec2: student_id=student01 account_id=070640552464 [VERIFY]    Verifying EC2 is clean ...
2026-08-18 22:35:23 INFO     services.ecr: student_id=student01 account_id=070640552464 [VERIFY]    Verifying ECR is clean ...
2026-08-18 22:35:23 INFO     services.ecs: student_id=student01 account_id=070640552464 [VERIFY]    Verifying ECS is clean ...
2026-08-18 22:35:23 INFO     services.eks: student_id=student01 account_id=070640552464 [VERIFY]    Verifying EKS is clean ...
2026-08-18 22:35:23 INFO     services.elasticbeanstalk: student_id=student01 account_id=070640552464 [VERIFY]    Verifying Elastic Beanstalk is clean ...
2026-08-18 22:35:23 INFO     services.elb: student_id=student01 account_id=070640552464 [VERIFY]    Verifying ELB (v2 + classic) is clean ...
2026-08-18 22:35:23 INFO     services.eventbridge: student_id=student01 account_id=070640552464 [VERIFY]    Verifying EventBridge is clean ...
2026-08-18 22:35:23 INFO     services.iam: student_id=student01 account_id=070640552464 [VERIFY]    Verifying IAM is clean ...
2026-08-18 22:35:23 INFO     services.kms: student_id=student01 account_id=070640552464 [VERIFY]    Verifying KMS is clean (or all customer keys scheduled for deletion) ...
2026-08-18 22:35:23 INFO     services.lambda: student_id=student01 account_id=070640552464 [VERIFY]    Verifying Lambda is clean ...
2026-08-18 22:35:23 INFO     services.rds: student_id=student01 account_id=070640552464 [VERIFY]    Verifying RDS is clean ...
2026-08-18 22:35:23 INFO     services.s3: student_id=student01 account_id=070640552464 [VERIFY]    Verifying S3 is clean ...
2026-08-18 22:35:23 INFO     services.eks: student_id=student01 account_id=070640552464 [VERIFY]    EKS clean
2026-08-18 22:35:23 INFO     services.cloudformation: student_id=student01 account_id=070640552464 [VERIFY]    CloudFormation clean
2026-08-18 22:35:23 INFO     services.elasticbeanstalk: student_id=student01 account_id=070640552464 [VERIFY]    Elastic Beanstalk clean
2026-08-18 22:35:23 INFO     services.ecs: student_id=student01 account_id=070640552464 [VERIFY]    ECS clean
2026-08-18 22:35:23 INFO     services.s3: student_id=student01 account_id=070640552464 [VERIFY]    S3 clean
2026-08-18 22:35:23 INFO     services.lambda: student_id=student01 account_id=070640552464 [VERIFY]    Lambda clean
2026-08-18 22:35:23 INFO     services.autoscaling: student_id=student01 account_id=070640552464 [VERIFY]    Auto Scaling clean
2026-08-18 22:35:23 INFO     services.rds: student_id=student01 account_id=070640552464 [VERIFY]    RDS clean
2026-08-18 22:35:23 INFO     services.elb: student_id=student01 account_id=070640552464 [VERIFY]    ELB clean
2026-08-18 22:35:24 INFO     services.apigateway: student_id=student01 account_id=070640552464 [VERIFY]    API Gateway clean
2026-08-18 22:35:24 INFO     services.ecr: student_id=student01 account_id=070640552464 [VERIFY]    ECR clean
2026-08-18 22:35:24 INFO     services.kms: student_id=student01 account_id=070640552464 [VERIFY]    KMS clean (0 customer keys scheduled for deletion, pending their waiting period)
2026-08-18 22:35:25 INFO     services.ec2: student_id=student01 account_id=070640552464 [VERIFY]    EC2 clean
2026-08-18 22:35:25 INFO     services.iam: student_id=student01 account_id=070640552464 [VERIFY]    IAM clean
2026-08-18 22:35:28 INFO     services.eventbridge: student_id=student01 account_id=070640552464 [VERIFY]    EventBridge clean
2026-08-18 22:35:37 INFO     services.application-autoscaling: student_id=student01 account_id=070640552464 [VERIFY]    Application Auto Scaling clean
2026-08-18 22:35:37 INFO     orchestrator: student_id=student01 account_id=070640552464 Verification written to logs/reports/070640552464/ap-south-1/verification_final.json
2026-08-18 22:35:37 INFO     orchestrator: student_id=student01 account_id=070640552464 Final verification: PASS
2026-08-18 22:35:37 INFO     orchestrator: student_id=student01 account_id=070640552464 PHASE 6 - Report generation
2026-08-18 22:35:37 INFO     cleanup_engine: student_id=student01 account_id=070640552464 Account cleanup result: PASS
2026-08-18 22:35:37 INFO     cleanup_engine: student_id=student01 account_id=070640552464 Reusable: True
2026-08-18 22:35:37 INFO     cleanup_engine: student_id=student01 account_id=070640552464 Remaining resources: 0
2026-08-18 22:35:37 INFO     nuke: Cleanup completed student_id=student01 account_id=070640552464 status=PASS reusable=True remaining_resources=0 report_path=logs/reports/070640552464/cleanup_report_summary.json
2026-08-18 22:35:37 INFO     __main__: Detaching student allocation student_id=student01
2026-08-18 22:35:37 INFO     __main__: Detached student allocation student_id=student01
2026-08-18 22:35:37 INFO     __main__: Lab stopped for student_id=student01 account_id=070640552464
2026-08-18 22:41:38 INFO     cleanup_engine: student_id=student01 account_id=070640552464 Attempting to acquire cleanup lock for account 070640552464
2026-08-18 22:41:38 INFO     cleanup_engine: student_id=student01 account_id=070640552464 Cleanup lock acquired for account 070640552464
2026-08-18 22:41:38 INFO     cleanup_engine: student_id=student01 account_id=070640552464 Starting cleanup for account 070640552464
2026-08-18 22:41:38 INFO     cleanup_engine: student_id=student01 account_id=070640552464 Role: OrganizationAccountAccessRole
2026-08-18 22:41:38 INFO     cleanup_engine: student_id=student01 account_id=070640552464 Regions: ap-south-1
2026-08-18 22:41:38 INFO     cleanup_engine: student_id=student01 account_id=070640552464 Dry run: False
2026-08-18 22:41:38 INFO     cleanup_engine: student_id=student01 account_id=070640552464 Generated aws-nuke config: logs/runtime/070640552464/nuke-config.yaml
2026-08-18 22:41:38 INFO     cleanup_engine: student_id=student01 account_id=070640552464 Account 070640552464 / region ap-south-1
2026-08-18 22:41:39 INFO     cleanup_engine: student_id=student01 account_id=070640552464 STS account verification passed: 070640552464
2026-08-18 22:41:39 INFO     orchestrator: student_id=student01 account_id=070640552464 Starting cleanup run for account 070640552464 in ap-south-1
2026-08-18 22:41:39 INFO     orchestrator: student_id=student01 account_id=070640552464 Discovered 16 service plugins: apigateway, application-autoscaling, autoscaling, cloudformation, ec2, ecr, ecs, eks, elasticbeanstalk, elb, eventbridge, iam, kms, lambda, rds, s3
2026-08-18 22:41:39 INFO     orchestrator: student_id=student01 account_id=070640552464 PHASE 1 - Inventory
2026-08-18 22:41:39 INFO     services.apigateway: student_id=student01 account_id=070640552464 [DISCOVER]  Scanning API Gateway (REST + HTTP/WebSocket) resources ...
2026-08-18 22:41:39 INFO     services.application-autoscaling: student_id=student01 account_id=070640552464 [DISCOVER]  Scanning Application Auto Scaling across 15 service namespaces ...
2026-08-18 22:41:39 INFO     services.autoscaling: student_id=student01 account_id=070640552464 [DISCOVER]  Scanning Auto Scaling groups and launch configurations ...
2026-08-18 22:41:39 INFO     services.cloudformation: student_id=student01 account_id=070640552464 [DISCOVER]  Scanning CloudFormation stacks ...
2026-08-18 22:41:39 INFO     services.ec2: student_id=student01 account_id=070640552464 [DISCOVER]  Scanning EC2 instances, volumes, snapshots, and networking resources ...
2026-08-18 22:41:39 INFO     services.ecr: student_id=student01 account_id=070640552464 [DISCOVER]  Scanning ECR repositories ...
2026-08-18 22:41:39 INFO     services.ecs: student_id=student01 account_id=070640552464 [DISCOVER]  Scanning ECS clusters, services, tasks, container instances, and task definitions ...
2026-08-18 22:41:39 INFO     services.eks: student_id=student01 account_id=070640552464 [DISCOVER]  Scanning EKS clusters and their node groups, Fargate profiles, and add-ons ...
2026-08-18 22:41:39 INFO     services.elasticbeanstalk: student_id=student01 account_id=070640552464 [DISCOVER]  Scanning Elastic Beanstalk applications, environments, versions, and configuration templates ...
2026-08-18 22:41:39 INFO     services.elb: student_id=student01 account_id=070640552464 [DISCOVER]  Scanning ELB (v2 + classic) load balancers and target groups ...
2026-08-18 22:41:39 INFO     services.eventbridge: student_id=student01 account_id=070640552464 [DISCOVER]  Scanning EventBridge buses, rules, archives, and schema registries ...
2026-08-18 22:41:39 INFO     services.iam: student_id=student01 account_id=070640552464 [DISCOVER]  Scanning IAM roles, policies, instance profiles, users, and groups ...
2026-08-18 22:41:39 INFO     services.kms: student_id=student01 account_id=070640552464 [DISCOVER]  Scanning KMS customer managed keys and aliases ...
2026-08-18 22:41:39 INFO     services.lambda: student_id=student01 account_id=070640552464 [DISCOVER]  Scanning Lambda functions, event source mappings, and layer versions ...
2026-08-18 22:41:39 INFO     services.rds: student_id=student01 account_id=070640552464 [DISCOVER]  Scanning RDS clusters and instances ...
2026-08-18 22:41:39 INFO     services.s3: student_id=student01 account_id=070640552464 [DISCOVER]  Scanning S3 buckets ...
2026-08-18 22:41:40 INFO     services.elasticbeanstalk: student_id=student01 account_id=070640552464 [DISCOVER]  Found 0 applications, 0 environments, 0 application versions, 0 configuration templates
2026-08-18 22:41:40 INFO     services.iam: student_id=student01 account_id=070640552464 IAM protected policy names: ['CoderCreatedIdentityBoundary', 'DefaultIamPolicy']
2026-08-18 22:41:40 INFO     services.s3: student_id=student01 account_id=070640552464 [DISCOVER]  Found 0 buckets
2026-08-18 22:41:40 INFO     services.elb: student_id=student01 account_id=070640552464 [DISCOVER]  Found 0 v2 load balancers, 0 target groups, 0 classic load balancers
2026-08-18 22:41:40 INFO     services.cloudformation: student_id=student01 account_id=070640552464 [DISCOVER]  Found 0 stacks
2026-08-18 22:41:40 INFO     services.autoscaling: student_id=student01 account_id=070640552464 [DISCOVER]  Found 0 Auto Scaling groups, 0 launch configurations
2026-08-18 22:41:40 INFO     services.eventbridge: student_id=student01 account_id=070640552464 [DISCOVER]  Found 0 custom event buses, 0 rules, 0 archives, 0 custom schema registries, 0 schemas
2026-08-18 22:41:40 INFO     services.ecr: student_id=student01 account_id=070640552464 [DISCOVER]  Found 0 repositories
2026-08-18 22:41:40 INFO     services.eks: student_id=student01 account_id=070640552464 [DISCOVER]  Found 0 clusters, 0 node groups, 0 Fargate profiles, 0 add-ons, 0 access entries
2026-08-18 22:41:40 INFO     services.ecs: student_id=student01 account_id=070640552464 [DISCOVER]  Found 0 clusters, 0 services, 0 standalone tasks, 0 container instances, 0 active task definitions
2026-08-18 22:41:40 INFO     services.rds: student_id=student01 account_id=070640552464 [DISCOVER]  Found 0 DB clusters and 0 DB instances
2026-08-18 22:41:41 INFO     services.lambda: student_id=student01 account_id=070640552464 [DISCOVER]  Found 0 functions, 0 event source mappings, 0 layer versions
2026-08-18 22:41:41 INFO     services.kms: student_id=student01 account_id=070640552464 [DISCOVER]  Found 0 customer managed keys, 0 aliases (4 AWS managed keys excluded -- not customer-deletable)
2026-08-18 22:41:41 INFO     services.apigateway: student_id=student01 account_id=070640552464 [DISCOVER]  Found API Gateway resources: {}
2026-08-18 22:41:41 INFO     services.ec2: student_id=student01 account_id=070640552464 [DISCOVER]  Found 0 instances, 0 volumes, 0 snapshots, 0 networking resources
2026-08-18 22:41:42 INFO     services.iam: student_id=student01 account_id=070640552464 [DISCOVER]  Protecting IAM policy 'DefaultIamPolicy' from deletion
2026-08-18 22:41:42 INFO     services.iam: student_id=student01 account_id=070640552464 [DISCOVER]  Protecting IAM policy 'CoderCreatedIdentityBoundary' from deletion
2026-08-18 22:41:43 INFO     services.iam: student_id=student01 account_id=070640552464 [DISCOVER]  Protecting currently-assumed role 'OrganizationAccountAccessRole' from deletion
2026-08-18 22:41:43 INFO     services.iam: student_id=student01 account_id=070640552464 [DISCOVER]  Found 0 deletable roles, 0 deletable customer-managed policies, 0 instance profiles, 1 users, 0 groups
2026-08-18 22:42:02 INFO     services.application-autoscaling: student_id=student01 account_id=070640552464 [DISCOVER]  Found 0 scalable targets, 0 scaling policies, 0 scheduled actions
2026-08-18 22:42:02 INFO     orchestrator: student_id=student01 account_id=070640552464 Inventory written to logs/reports/070640552464/ap-south-1/inventory.json
2026-08-18 22:42:02 INFO     orchestrator: student_id=student01 account_id=070640552464 PHASE 2 - Custom cleanup
2026-08-18 22:42:02 INFO     orchestrator: student_id=student01 account_id=070640552464 Cleaning up service: apigateway
2026-08-18 22:42:02 INFO     services.apigateway: student_id=student01 account_id=070640552464 [CLEANUP]   No API Gateway resources to delete
2026-08-18 22:42:02 INFO     orchestrator: student_id=student01 account_id=070640552464 Cleaning up service: application-autoscaling
2026-08-18 22:42:02 INFO     services.application-autoscaling: student_id=student01 account_id=070640552464 [CLEANUP]   No Application Auto Scaling resources to delete
2026-08-18 22:42:02 INFO     orchestrator: student_id=student01 account_id=070640552464 Cleaning up service: autoscaling
2026-08-18 22:42:02 INFO     services.autoscaling: student_id=student01 account_id=070640552464 [CLEANUP]   No Auto Scaling resources to delete
2026-08-18 22:42:02 INFO     orchestrator: student_id=student01 account_id=070640552464 Cleaning up service: cloudformation
2026-08-18 22:42:02 INFO     services.cloudformation: student_id=student01 account_id=070640552464 [CLEANUP]   No CloudFormation stacks to delete
2026-08-18 22:42:02 INFO     orchestrator: student_id=student01 account_id=070640552464 Cleaning up service: ec2
2026-08-18 22:42:02 INFO     services.ec2: student_id=student01 account_id=070640552464 [CLEANUP]   No EC2 resources to delete
2026-08-18 22:42:02 INFO     orchestrator: student_id=student01 account_id=070640552464 Cleaning up service: ecr
2026-08-18 22:42:02 INFO     services.ecr: student_id=student01 account_id=070640552464 [CLEANUP]   No ECR resources to delete
2026-08-18 22:42:02 INFO     orchestrator: student_id=student01 account_id=070640552464 Cleaning up service: ecs
2026-08-18 22:42:02 INFO     services.ecs: student_id=student01 account_id=070640552464 [CLEANUP]   No ECS resources to delete
2026-08-18 22:42:02 INFO     orchestrator: student_id=student01 account_id=070640552464 Cleaning up service: eks
2026-08-18 22:42:02 INFO     services.eks: student_id=student01 account_id=070640552464 [CLEANUP]   No EKS resources to delete
2026-08-18 22:42:02 INFO     orchestrator: student_id=student01 account_id=070640552464 Cleaning up service: elasticbeanstalk
2026-08-18 22:42:02 INFO     services.elasticbeanstalk: student_id=student01 account_id=070640552464 [CLEANUP]   No Elastic Beanstalk resources to delete
2026-08-18 22:42:02 INFO     orchestrator: student_id=student01 account_id=070640552464 Cleaning up service: elb
2026-08-18 22:42:02 INFO     services.elb: student_id=student01 account_id=070640552464 [CLEANUP]   No ELB resources to delete
2026-08-18 22:42:02 INFO     orchestrator: student_id=student01 account_id=070640552464 Cleaning up service: eventbridge
2026-08-18 22:42:02 INFO     services.eventbridge: student_id=student01 account_id=070640552464 [CLEANUP]   No EventBridge resources to delete
2026-08-18 22:42:02 INFO     orchestrator: student_id=student01 account_id=070640552464 Cleaning up service: iam
2026-08-18 22:42:06 INFO     services.iam: student_id=student01 account_id=070640552464 [CLEANUP]   Deleted user Coder
2026-08-18 22:42:06 INFO     orchestrator: student_id=student01 account_id=070640552464 Cleaning up service: kms
2026-08-18 22:42:06 INFO     services.kms: student_id=student01 account_id=070640552464 [CLEANUP]   No KMS resources to delete
2026-08-18 22:42:06 INFO     orchestrator: student_id=student01 account_id=070640552464 Cleaning up service: lambda
2026-08-18 22:42:06 INFO     services.lambda: student_id=student01 account_id=070640552464 [CLEANUP]   No Lambda resources to delete
2026-08-18 22:42:06 INFO     orchestrator: student_id=student01 account_id=070640552464 Cleaning up service: rds
2026-08-18 22:42:06 INFO     services.rds: student_id=student01 account_id=070640552464 [CLEANUP]   No RDS clusters or instances to delete
2026-08-18 22:42:06 INFO     orchestrator: student_id=student01 account_id=070640552464 Cleaning up service: s3
2026-08-18 22:42:06 INFO     services.s3: student_id=student01 account_id=070640552464 [CLEANUP]   No S3 buckets to delete
2026-08-18 22:42:06 INFO     orchestrator: student_id=student01 account_id=070640552464 PHASE 3 - Pre aws-nuke verification
2026-08-18 22:42:06 INFO     services.apigateway: student_id=student01 account_id=070640552464 [VERIFY]    Verifying API Gateway is clean ...
2026-08-18 22:42:06 INFO     services.application-autoscaling: student_id=student01 account_id=070640552464 [VERIFY]    Verifying Application Auto Scaling is clean ...
2026-08-18 22:42:06 INFO     services.autoscaling: student_id=student01 account_id=070640552464 [VERIFY]    Verifying Auto Scaling is clean ...
2026-08-18 22:42:06 INFO     services.cloudformation: student_id=student01 account_id=070640552464 [VERIFY]    Verifying CloudFormation is clean ...
2026-08-18 22:42:06 INFO     services.ec2: student_id=student01 account_id=070640552464 [VERIFY]    Verifying EC2 is clean ...
2026-08-18 22:42:06 INFO     services.ecr: student_id=student01 account_id=070640552464 [VERIFY]    Verifying ECR is clean ...
2026-08-18 22:42:06 INFO     services.ecs: student_id=student01 account_id=070640552464 [VERIFY]    Verifying ECS is clean ...
2026-08-18 22:42:06 INFO     services.eks: student_id=student01 account_id=070640552464 [VERIFY]    Verifying EKS is clean ...
2026-08-18 22:42:06 INFO     services.elasticbeanstalk: student_id=student01 account_id=070640552464 [VERIFY]    Verifying Elastic Beanstalk is clean ...
2026-08-18 22:42:06 INFO     services.elb: student_id=student01 account_id=070640552464 [VERIFY]    Verifying ELB (v2 + classic) is clean ...
2026-08-18 22:42:06 INFO     services.eventbridge: student_id=student01 account_id=070640552464 [VERIFY]    Verifying EventBridge is clean ...
2026-08-18 22:42:06 INFO     services.iam: student_id=student01 account_id=070640552464 [VERIFY]    Verifying IAM is clean ...
2026-08-18 22:42:06 INFO     services.kms: student_id=student01 account_id=070640552464 [VERIFY]    Verifying KMS is clean (or all customer keys scheduled for deletion) ...
2026-08-18 22:42:06 INFO     services.lambda: student_id=student01 account_id=070640552464 [VERIFY]    Verifying Lambda is clean ...
2026-08-18 22:42:06 INFO     services.rds: student_id=student01 account_id=070640552464 [VERIFY]    Verifying RDS is clean ...
2026-08-18 22:42:06 INFO     services.s3: student_id=student01 account_id=070640552464 [VERIFY]    Verifying S3 is clean ...
2026-08-18 22:42:06 INFO     services.ecr: student_id=student01 account_id=070640552464 [VERIFY]    ECR clean
2026-08-18 22:42:06 INFO     services.eks: student_id=student01 account_id=070640552464 [VERIFY]    EKS clean
2026-08-18 22:42:06 INFO     services.elasticbeanstalk: student_id=student01 account_id=070640552464 [VERIFY]    Elastic Beanstalk clean
2026-08-18 22:42:07 INFO     services.rds: student_id=student01 account_id=070640552464 [VERIFY]    RDS clean
2026-08-18 22:42:07 INFO     services.cloudformation: student_id=student01 account_id=070640552464 [VERIFY]    CloudFormation clean
2026-08-18 22:42:07 INFO     services.s3: student_id=student01 account_id=070640552464 [VERIFY]    S3 clean
2026-08-18 22:42:07 INFO     services.elb: student_id=student01 account_id=070640552464 [VERIFY]    ELB clean
2026-08-18 22:42:07 INFO     services.autoscaling: student_id=student01 account_id=070640552464 [VERIFY]    Auto Scaling clean
2026-08-18 22:42:07 INFO     services.ecs: student_id=student01 account_id=070640552464 [VERIFY]    ECS clean
2026-08-18 22:42:07 INFO     services.lambda: student_id=student01 account_id=070640552464 [VERIFY]    Lambda clean
2026-08-18 22:42:07 INFO     services.eventbridge: student_id=student01 account_id=070640552464 [VERIFY]    EventBridge clean
2026-08-18 22:42:07 INFO     services.kms: student_id=student01 account_id=070640552464 [VERIFY]    KMS clean (0 customer keys scheduled for deletion, pending their waiting period)
2026-08-18 22:42:07 INFO     services.apigateway: student_id=student01 account_id=070640552464 [VERIFY]    API Gateway clean
2026-08-18 22:42:07 INFO     services.ec2: student_id=student01 account_id=070640552464 [VERIFY]    EC2 clean
2026-08-18 22:42:08 INFO     services.iam: student_id=student01 account_id=070640552464 [VERIFY]    IAM clean
2026-08-18 22:42:18 INFO     services.application-autoscaling: student_id=student01 account_id=070640552464 [VERIFY]    Application Auto Scaling clean
2026-08-18 22:42:18 INFO     orchestrator: student_id=student01 account_id=070640552464 Verification written to logs/reports/070640552464/ap-south-1/verification_pre_nuke.json
2026-08-18 22:42:18 INFO     orchestrator: student_id=student01 account_id=070640552464 Pre aws-nuke verification: PASS
2026-08-18 22:42:18 INFO     orchestrator: student_id=student01 account_id=070640552464 PHASE 4 - aws-nuke
2026-08-18 22:42:18 INFO     aws_nuke: student_id=student01 account_id=070640552464 Starting aws-nuke [DESTRUCTIVE] for account 070640552464 in region ap-south-1
2026-08-18 22:44:53 INFO     aws_nuke: student_id=student01 account_id=070640552464 aws-nuke completed successfully
2026-08-18 22:44:53 INFO     orchestrator: student_id=student01 account_id=070640552464 aws-nuke phase completed successfully
2026-08-18 22:44:53 INFO     orchestrator: student_id=student01 account_id=070640552464 PHASE 5 - Final verification
2026-08-18 22:44:53 INFO     services.apigateway: student_id=student01 account_id=070640552464 [VERIFY]    Verifying API Gateway is clean ...
2026-08-18 22:44:53 INFO     services.application-autoscaling: student_id=student01 account_id=070640552464 [VERIFY]    Verifying Application Auto Scaling is clean ...
2026-08-18 22:44:53 INFO     services.autoscaling: student_id=student01 account_id=070640552464 [VERIFY]    Verifying Auto Scaling is clean ...
2026-08-18 22:44:53 INFO     services.cloudformation: student_id=student01 account_id=070640552464 [VERIFY]    Verifying CloudFormation is clean ...
2026-08-18 22:44:53 INFO     services.ec2: student_id=student01 account_id=070640552464 [VERIFY]    Verifying EC2 is clean ...
2026-08-18 22:44:53 INFO     services.ecr: student_id=student01 account_id=070640552464 [VERIFY]    Verifying ECR is clean ...
2026-08-18 22:44:53 INFO     services.ecs: student_id=student01 account_id=070640552464 [VERIFY]    Verifying ECS is clean ...
2026-08-18 22:44:53 INFO     services.eks: student_id=student01 account_id=070640552464 [VERIFY]    Verifying EKS is clean ...
2026-08-18 22:44:53 INFO     services.elasticbeanstalk: student_id=student01 account_id=070640552464 [VERIFY]    Verifying Elastic Beanstalk is clean ...
2026-08-18 22:44:53 INFO     services.elb: student_id=student01 account_id=070640552464 [VERIFY]    Verifying ELB (v2 + classic) is clean ...
2026-08-18 22:44:53 INFO     services.eventbridge: student_id=student01 account_id=070640552464 [VERIFY]    Verifying EventBridge is clean ...
2026-08-18 22:44:53 INFO     services.iam: student_id=student01 account_id=070640552464 [VERIFY]    Verifying IAM is clean ...
2026-08-18 22:44:53 INFO     services.kms: student_id=student01 account_id=070640552464 [VERIFY]    Verifying KMS is clean (or all customer keys scheduled for deletion) ...
2026-08-18 22:44:53 INFO     services.lambda: student_id=student01 account_id=070640552464 [VERIFY]    Verifying Lambda is clean ...
2026-08-18 22:44:53 INFO     services.rds: student_id=student01 account_id=070640552464 [VERIFY]    Verifying RDS is clean ...
2026-08-18 22:44:53 INFO     services.s3: student_id=student01 account_id=070640552464 [VERIFY]    Verifying S3 is clean ...
2026-08-18 22:44:53 INFO     services.eks: student_id=student01 account_id=070640552464 [VERIFY]    EKS clean
2026-08-18 22:44:53 INFO     services.cloudformation: student_id=student01 account_id=070640552464 [VERIFY]    CloudFormation clean
2026-08-18 22:44:53 INFO     services.autoscaling: student_id=student01 account_id=070640552464 [VERIFY]    Auto Scaling clean
2026-08-18 22:44:53 INFO     services.lambda: student_id=student01 account_id=070640552464 [VERIFY]    Lambda clean
2026-08-18 22:44:53 INFO     services.ecs: student_id=student01 account_id=070640552464 [VERIFY]    ECS clean
2026-08-18 22:44:53 INFO     services.rds: student_id=student01 account_id=070640552464 [VERIFY]    RDS clean
2026-08-18 22:44:53 INFO     services.eventbridge: student_id=student01 account_id=070640552464 [VERIFY]    EventBridge clean
2026-08-18 22:44:53 INFO     services.elb: student_id=student01 account_id=070640552464 [VERIFY]    ELB clean
2026-08-18 22:44:53 INFO     services.kms: student_id=student01 account_id=070640552464 [VERIFY]    KMS clean (0 customer keys scheduled for deletion, pending their waiting period)
2026-08-18 22:44:54 INFO     services.ec2: student_id=student01 account_id=070640552464 [VERIFY]    EC2 clean
2026-08-18 22:44:54 INFO     services.ecr: student_id=student01 account_id=070640552464 [VERIFY]    ECR clean
2026-08-18 22:44:54 INFO     services.apigateway: student_id=student01 account_id=070640552464 [VERIFY]    API Gateway clean
2026-08-18 22:44:54 INFO     services.s3: student_id=student01 account_id=070640552464 [VERIFY]    S3 clean
2026-08-18 22:44:54 INFO     services.elasticbeanstalk: student_id=student01 account_id=070640552464 [VERIFY]    Elastic Beanstalk clean
2026-08-18 22:44:56 INFO     services.iam: student_id=student01 account_id=070640552464 [VERIFY]    IAM clean
2026-08-18 22:45:05 INFO     services.application-autoscaling: student_id=student01 account_id=070640552464 [VERIFY]    Application Auto Scaling clean
2026-08-18 22:45:05 INFO     orchestrator: student_id=student01 account_id=070640552464 Verification written to logs/reports/070640552464/ap-south-1/verification_final.json
2026-08-18 22:45:05 INFO     orchestrator: student_id=student01 account_id=070640552464 Final verification: PASS
2026-08-18 22:45:05 INFO     orchestrator: student_id=student01 account_id=070640552464 PHASE 6 - Report generation
2026-08-18 22:45:05 INFO     cleanup_engine: student_id=student01 account_id=070640552464 Account cleanup result: PASS
2026-08-18 22:45:05 INFO     cleanup_engine: student_id=student01 account_id=070640552464 Reusable: True
2026-08-18 22:45:05 INFO     cleanup_engine: student_id=student01 account_id=070640552464 Remaining resources: 0
2026-08-18 22:45:05 INFO     nuke: Cleanup completed student_id=student01 account_id=070640552464 status=PASS reusable=True remaining_resources=0 report_path=logs/reports/070640552464/cleanup_report_summary.json
2026-08-18 22:45:05 INFO     __main__: Detaching student allocation student_id=student01
2026-08-18 22:45:05 INFO     __main__: Detached student allocation student_id=student01
2026-08-18 22:45:05 INFO     __main__: Lab stopped for student_id=student01 account_id=070640552464
2026-08-18 22:53:42 INFO     cleanup_engine: student_id=student01 account_id=070640552464 Attempting to acquire cleanup lock for account 070640552464
2026-08-18 22:53:42 INFO     cleanup_engine: student_id=student01 account_id=070640552464 Cleanup lock acquired for account 070640552464
2026-08-18 22:53:42 INFO     cleanup_engine: student_id=student01 account_id=070640552464 Starting cleanup for account 070640552464
2026-08-18 22:53:42 INFO     cleanup_engine: student_id=student01 account_id=070640552464 Role: OrganizationAccountAccessRole
2026-08-18 22:53:42 INFO     cleanup_engine: student_id=student01 account_id=070640552464 Regions: ap-south-1
2026-08-18 22:53:42 INFO     cleanup_engine: student_id=student01 account_id=070640552464 Dry run: False
2026-08-18 22:53:42 INFO     cleanup_engine: student_id=student01 account_id=070640552464 Generated aws-nuke config: logs/runtime/070640552464/nuke-config.yaml
2026-08-18 22:53:42 INFO     cleanup_engine: student_id=student01 account_id=070640552464 Account 070640552464 / region ap-south-1
2026-08-18 22:53:43 INFO     cleanup_engine: student_id=student01 account_id=070640552464 STS account verification passed: 070640552464
2026-08-18 22:53:43 INFO     orchestrator: student_id=student01 account_id=070640552464 Starting cleanup run for account 070640552464 in ap-south-1
2026-08-18 22:53:43 INFO     orchestrator: student_id=student01 account_id=070640552464 Discovered 16 service plugins: apigateway, application-autoscaling, autoscaling, cloudformation, ec2, ecr, ecs, eks, elasticbeanstalk, elb, eventbridge, iam, kms, lambda, rds, s3
2026-08-18 22:53:43 INFO     orchestrator: student_id=student01 account_id=070640552464 PHASE 1 - Inventory
2026-08-18 22:53:43 INFO     services.apigateway: student_id=student01 account_id=070640552464 [DISCOVER]  Scanning API Gateway (REST + HTTP/WebSocket) resources ...
2026-08-18 22:53:43 INFO     services.application-autoscaling: student_id=student01 account_id=070640552464 [DISCOVER]  Scanning Application Auto Scaling across 15 service namespaces ...
2026-08-18 22:53:43 INFO     services.autoscaling: student_id=student01 account_id=070640552464 [DISCOVER]  Scanning Auto Scaling groups and launch configurations ...
2026-08-18 22:53:43 INFO     services.cloudformation: student_id=student01 account_id=070640552464 [DISCOVER]  Scanning CloudFormation stacks ...
2026-08-18 22:53:43 INFO     services.ec2: student_id=student01 account_id=070640552464 [DISCOVER]  Scanning EC2 instances, volumes, snapshots, and networking resources ...
2026-08-18 22:53:43 INFO     services.ecr: student_id=student01 account_id=070640552464 [DISCOVER]  Scanning ECR repositories ...
2026-08-18 22:53:43 INFO     services.ecs: student_id=student01 account_id=070640552464 [DISCOVER]  Scanning ECS clusters, services, tasks, container instances, and task definitions ...
2026-08-18 22:53:43 INFO     services.eks: student_id=student01 account_id=070640552464 [DISCOVER]  Scanning EKS clusters and their node groups, Fargate profiles, and add-ons ...
2026-08-18 22:53:43 INFO     services.elasticbeanstalk: student_id=student01 account_id=070640552464 [DISCOVER]  Scanning Elastic Beanstalk applications, environments, versions, and configuration templates ...
2026-08-18 22:53:43 INFO     services.elb: student_id=student01 account_id=070640552464 [DISCOVER]  Scanning ELB (v2 + classic) load balancers and target groups ...
2026-08-18 22:53:43 INFO     services.eventbridge: student_id=student01 account_id=070640552464 [DISCOVER]  Scanning EventBridge buses, rules, archives, and schema registries ...
2026-08-18 22:53:43 INFO     services.iam: student_id=student01 account_id=070640552464 [DISCOVER]  Scanning IAM roles, policies, instance profiles, users, and groups ...
2026-08-18 22:53:43 INFO     services.kms: student_id=student01 account_id=070640552464 [DISCOVER]  Scanning KMS customer managed keys and aliases ...
2026-08-18 22:53:43 INFO     services.lambda: student_id=student01 account_id=070640552464 [DISCOVER]  Scanning Lambda functions, event source mappings, and layer versions ...
2026-08-18 22:53:43 INFO     services.rds: student_id=student01 account_id=070640552464 [DISCOVER]  Scanning RDS clusters and instances ...
2026-08-18 22:53:43 INFO     services.s3: student_id=student01 account_id=070640552464 [DISCOVER]  Scanning S3 buckets ...
2026-08-18 22:53:44 INFO     services.elasticbeanstalk: student_id=student01 account_id=070640552464 [DISCOVER]  Found 0 applications, 0 environments, 0 application versions, 0 configuration templates
2026-08-18 22:53:44 INFO     services.iam: student_id=student01 account_id=070640552464 IAM protected policy names: ['CoderCreatedIdentityBoundary', 'DefaultIamPolicy']
2026-08-18 22:53:44 INFO     services.s3: student_id=student01 account_id=070640552464 [DISCOVER]  Found 0 buckets
2026-08-18 22:53:44 INFO     services.elb: student_id=student01 account_id=070640552464 [DISCOVER]  Found 0 v2 load balancers, 0 target groups, 0 classic load balancers
2026-08-18 22:53:44 INFO     services.eventbridge: student_id=student01 account_id=070640552464 [DISCOVER]  Found 0 custom event buses, 0 rules, 0 archives, 0 custom schema registries, 0 schemas
2026-08-18 22:53:44 INFO     services.cloudformation: student_id=student01 account_id=070640552464 [DISCOVER]  Found 0 stacks
2026-08-18 22:53:44 INFO     services.ecr: student_id=student01 account_id=070640552464 [DISCOVER]  Found 0 repositories
2026-08-18 22:53:44 INFO     services.autoscaling: student_id=student01 account_id=070640552464 [DISCOVER]  Found 0 Auto Scaling groups, 0 launch configurations
2026-08-18 22:53:44 INFO     services.eks: student_id=student01 account_id=070640552464 [DISCOVER]  Found 0 clusters, 0 node groups, 0 Fargate profiles, 0 add-ons, 0 access entries
2026-08-18 22:53:44 INFO     services.ecs: student_id=student01 account_id=070640552464 [DISCOVER]  Found 0 clusters, 0 services, 0 standalone tasks, 0 container instances, 0 active task definitions
2026-08-18 22:53:44 INFO     services.rds: student_id=student01 account_id=070640552464 [DISCOVER]  Found 0 DB clusters and 0 DB instances
2026-08-18 22:53:45 INFO     services.lambda: student_id=student01 account_id=070640552464 [DISCOVER]  Found 0 functions, 0 event source mappings, 0 layer versions
2026-08-18 22:53:45 INFO     services.kms: student_id=student01 account_id=070640552464 [DISCOVER]  Found 0 customer managed keys, 0 aliases (4 AWS managed keys excluded -- not customer-deletable)
2026-08-18 22:53:45 INFO     services.apigateway: student_id=student01 account_id=070640552464 [DISCOVER]  Found API Gateway resources: {}
2026-08-18 22:53:45 INFO     services.ec2: student_id=student01 account_id=070640552464 [DISCOVER]  Found 0 instances, 0 volumes, 0 snapshots, 0 networking resources
2026-08-18 22:53:49 INFO     services.iam: student_id=student01 account_id=070640552464 [DISCOVER]  Protecting IAM policy 'DefaultIamPolicy' from deletion
2026-08-18 22:53:49 INFO     services.iam: student_id=student01 account_id=070640552464 [DISCOVER]  Protecting IAM policy 'CoderCreatedIdentityBoundary' from deletion
2026-08-18 22:53:49 INFO     services.iam: student_id=student01 account_id=070640552464 [DISCOVER]  Protecting currently-assumed role 'OrganizationAccountAccessRole' from deletion
2026-08-18 22:53:49 INFO     services.iam: student_id=student01 account_id=070640552464 [DISCOVER]  Found 0 deletable roles, 0 deletable customer-managed policies, 0 instance profiles, 1 users, 0 groups
2026-08-18 22:54:02 INFO     services.application-autoscaling: student_id=student01 account_id=070640552464 [DISCOVER]  Found 0 scalable targets, 0 scaling policies, 0 scheduled actions
2026-08-18 22:54:02 INFO     orchestrator: student_id=student01 account_id=070640552464 Inventory written to logs/reports/070640552464/ap-south-1/inventory.json
2026-08-18 22:54:02 INFO     orchestrator: student_id=student01 account_id=070640552464 PHASE 2 - Custom cleanup
2026-08-18 22:54:02 INFO     orchestrator: student_id=student01 account_id=070640552464 Cleaning up service: apigateway
2026-08-18 22:54:02 INFO     services.apigateway: student_id=student01 account_id=070640552464 [CLEANUP]   No API Gateway resources to delete
2026-08-18 22:54:02 INFO     orchestrator: student_id=student01 account_id=070640552464 Cleaning up service: application-autoscaling
2026-08-18 22:54:02 INFO     services.application-autoscaling: student_id=student01 account_id=070640552464 [CLEANUP]   No Application Auto Scaling resources to delete
2026-08-18 22:54:02 INFO     orchestrator: student_id=student01 account_id=070640552464 Cleaning up service: autoscaling
2026-08-18 22:54:02 INFO     services.autoscaling: student_id=student01 account_id=070640552464 [CLEANUP]   No Auto Scaling resources to delete
2026-08-18 22:54:02 INFO     orchestrator: student_id=student01 account_id=070640552464 Cleaning up service: cloudformation
2026-08-18 22:54:02 INFO     services.cloudformation: student_id=student01 account_id=070640552464 [CLEANUP]   No CloudFormation stacks to delete
2026-08-18 22:54:02 INFO     orchestrator: student_id=student01 account_id=070640552464 Cleaning up service: ec2
2026-08-18 22:54:02 INFO     services.ec2: student_id=student01 account_id=070640552464 [CLEANUP]   No EC2 resources to delete
2026-08-18 22:54:02 INFO     orchestrator: student_id=student01 account_id=070640552464 Cleaning up service: ecr
2026-08-18 22:54:02 INFO     services.ecr: student_id=student01 account_id=070640552464 [CLEANUP]   No ECR resources to delete
2026-08-18 22:54:02 INFO     orchestrator: student_id=student01 account_id=070640552464 Cleaning up service: ecs
2026-08-18 22:54:02 INFO     services.ecs: student_id=student01 account_id=070640552464 [CLEANUP]   No ECS resources to delete
2026-08-18 22:54:02 INFO     orchestrator: student_id=student01 account_id=070640552464 Cleaning up service: eks
2026-08-18 22:54:02 INFO     services.eks: student_id=student01 account_id=070640552464 [CLEANUP]   No EKS resources to delete
2026-08-18 22:54:02 INFO     orchestrator: student_id=student01 account_id=070640552464 Cleaning up service: elasticbeanstalk
2026-08-18 22:54:02 INFO     services.elasticbeanstalk: student_id=student01 account_id=070640552464 [CLEANUP]   No Elastic Beanstalk resources to delete
2026-08-18 22:54:02 INFO     orchestrator: student_id=student01 account_id=070640552464 Cleaning up service: elb
2026-08-18 22:54:02 INFO     services.elb: student_id=student01 account_id=070640552464 [CLEANUP]   No ELB resources to delete
2026-08-18 22:54:02 INFO     orchestrator: student_id=student01 account_id=070640552464 Cleaning up service: eventbridge
2026-08-18 22:54:02 INFO     services.eventbridge: student_id=student01 account_id=070640552464 [CLEANUP]   No EventBridge resources to delete
2026-08-18 22:54:02 INFO     orchestrator: student_id=student01 account_id=070640552464 Cleaning up service: iam
2026-08-18 22:54:07 INFO     services.iam: student_id=student01 account_id=070640552464 [CLEANUP]   Deleted user Coder
2026-08-18 22:54:07 INFO     orchestrator: student_id=student01 account_id=070640552464 Cleaning up service: kms
2026-08-18 22:54:07 INFO     services.kms: student_id=student01 account_id=070640552464 [CLEANUP]   No KMS resources to delete
2026-08-18 22:54:07 INFO     orchestrator: student_id=student01 account_id=070640552464 Cleaning up service: lambda
2026-08-18 22:54:07 INFO     services.lambda: student_id=student01 account_id=070640552464 [CLEANUP]   No Lambda resources to delete
2026-08-18 22:54:07 INFO     orchestrator: student_id=student01 account_id=070640552464 Cleaning up service: rds
2026-08-18 22:54:07 INFO     services.rds: student_id=student01 account_id=070640552464 [CLEANUP]   No RDS clusters or instances to delete
2026-08-18 22:54:07 INFO     orchestrator: student_id=student01 account_id=070640552464 Cleaning up service: s3
2026-08-18 22:54:07 INFO     services.s3: student_id=student01 account_id=070640552464 [CLEANUP]   No S3 buckets to delete
2026-08-18 22:54:07 INFO     orchestrator: student_id=student01 account_id=070640552464 PHASE 3 - Pre aws-nuke verification
2026-08-18 22:54:07 INFO     services.apigateway: student_id=student01 account_id=070640552464 [VERIFY]    Verifying API Gateway is clean ...
2026-08-18 22:54:07 INFO     services.application-autoscaling: student_id=student01 account_id=070640552464 [VERIFY]    Verifying Application Auto Scaling is clean ...
2026-08-18 22:54:07 INFO     services.autoscaling: student_id=student01 account_id=070640552464 [VERIFY]    Verifying Auto Scaling is clean ...
2026-08-18 22:54:07 INFO     services.cloudformation: student_id=student01 account_id=070640552464 [VERIFY]    Verifying CloudFormation is clean ...
2026-08-18 22:54:07 INFO     services.ec2: student_id=student01 account_id=070640552464 [VERIFY]    Verifying EC2 is clean ...
2026-08-18 22:54:07 INFO     services.ecr: student_id=student01 account_id=070640552464 [VERIFY]    Verifying ECR is clean ...
2026-08-18 22:54:07 INFO     services.ecs: student_id=student01 account_id=070640552464 [VERIFY]    Verifying ECS is clean ...
2026-08-18 22:54:07 INFO     services.eks: student_id=student01 account_id=070640552464 [VERIFY]    Verifying EKS is clean ...
2026-08-18 22:54:07 INFO     services.elasticbeanstalk: student_id=student01 account_id=070640552464 [VERIFY]    Verifying Elastic Beanstalk is clean ...
2026-08-18 22:54:07 INFO     services.elb: student_id=student01 account_id=070640552464 [VERIFY]    Verifying ELB (v2 + classic) is clean ...
2026-08-18 22:54:07 INFO     services.eventbridge: student_id=student01 account_id=070640552464 [VERIFY]    Verifying EventBridge is clean ...
2026-08-18 22:54:07 INFO     services.iam: student_id=student01 account_id=070640552464 [VERIFY]    Verifying IAM is clean ...
2026-08-18 22:54:07 INFO     services.kms: student_id=student01 account_id=070640552464 [VERIFY]    Verifying KMS is clean (or all customer keys scheduled for deletion) ...
2026-08-18 22:54:07 INFO     services.ecr: student_id=student01 account_id=070640552464 [VERIFY]    ECR clean
2026-08-18 22:54:07 INFO     services.lambda: student_id=student01 account_id=070640552464 [VERIFY]    Verifying Lambda is clean ...
2026-08-18 22:54:07 INFO     services.rds: student_id=student01 account_id=070640552464 [VERIFY]    Verifying RDS is clean ...
2026-08-18 22:54:07 INFO     services.s3: student_id=student01 account_id=070640552464 [VERIFY]    Verifying S3 is clean ...
2026-08-18 22:54:07 INFO     services.eks: student_id=student01 account_id=070640552464 [VERIFY]    EKS clean
2026-08-18 22:54:07 INFO     services.cloudformation: student_id=student01 account_id=070640552464 [VERIFY]    CloudFormation clean
2026-08-18 22:54:07 INFO     services.rds: student_id=student01 account_id=070640552464 [VERIFY]    RDS clean
2026-08-18 22:54:07 INFO     services.ecs: student_id=student01 account_id=070640552464 [VERIFY]    ECS clean
2026-08-18 22:54:07 INFO     services.autoscaling: student_id=student01 account_id=070640552464 [VERIFY]    Auto Scaling clean
2026-08-18 22:54:07 INFO     services.lambda: student_id=student01 account_id=070640552464 [VERIFY]    Lambda clean
2026-08-18 22:54:07 INFO     services.s3: student_id=student01 account_id=070640552464 [VERIFY]    S3 clean
2026-08-18 22:54:07 INFO     services.elasticbeanstalk: student_id=student01 account_id=070640552464 [VERIFY]    Elastic Beanstalk clean
2026-08-18 22:54:07 INFO     services.eventbridge: student_id=student01 account_id=070640552464 [VERIFY]    EventBridge clean
2026-08-18 22:54:07 INFO     services.elb: student_id=student01 account_id=070640552464 [VERIFY]    ELB clean
2026-08-18 22:54:07 INFO     services.kms: student_id=student01 account_id=070640552464 [VERIFY]    KMS clean (0 customer keys scheduled for deletion, pending their waiting period)
2026-08-18 22:54:07 INFO     services.ec2: student_id=student01 account_id=070640552464 [VERIFY]    EC2 clean
2026-08-18 22:54:07 INFO     services.apigateway: student_id=student01 account_id=070640552464 [VERIFY]    API Gateway clean
2026-08-18 22:54:09 INFO     services.iam: student_id=student01 account_id=070640552464 [VERIFY]    IAM clean
2026-08-18 22:54:17 INFO     services.application-autoscaling: student_id=student01 account_id=070640552464 [VERIFY]    Application Auto Scaling clean
2026-08-18 22:54:17 INFO     orchestrator: student_id=student01 account_id=070640552464 Verification written to logs/reports/070640552464/ap-south-1/verification_pre_nuke.json
2026-08-18 22:54:17 INFO     orchestrator: student_id=student01 account_id=070640552464 Pre aws-nuke verification: PASS
2026-08-18 22:54:17 INFO     orchestrator: student_id=student01 account_id=070640552464 PHASE 4 - aws-nuke
2026-08-18 22:54:17 INFO     aws_nuke: student_id=student01 account_id=070640552464 Starting aws-nuke [DESTRUCTIVE] for account 070640552464 in region ap-south-1
2026-08-18 22:56:49 INFO     aws_nuke: student_id=student01 account_id=070640552464 aws-nuke completed successfully
2026-08-18 22:56:49 INFO     orchestrator: student_id=student01 account_id=070640552464 aws-nuke phase completed successfully
2026-08-18 22:56:49 INFO     orchestrator: student_id=student01 account_id=070640552464 PHASE 5 - Final verification
2026-08-18 22:56:49 INFO     services.apigateway: student_id=student01 account_id=070640552464 [VERIFY]    Verifying API Gateway is clean ...
2026-08-18 22:56:49 INFO     services.application-autoscaling: student_id=student01 account_id=070640552464 [VERIFY]    Verifying Application Auto Scaling is clean ...
2026-08-18 22:56:49 INFO     services.autoscaling: student_id=student01 account_id=070640552464 [VERIFY]    Verifying Auto Scaling is clean ...
2026-08-18 22:56:49 INFO     services.cloudformation: student_id=student01 account_id=070640552464 [VERIFY]    Verifying CloudFormation is clean ...
2026-08-18 22:56:49 INFO     services.ec2: student_id=student01 account_id=070640552464 [VERIFY]    Verifying EC2 is clean ...
2026-08-18 22:56:49 INFO     services.ecr: student_id=student01 account_id=070640552464 [VERIFY]    Verifying ECR is clean ...
2026-08-18 22:56:49 INFO     services.ecs: student_id=student01 account_id=070640552464 [VERIFY]    Verifying ECS is clean ...
2026-08-18 22:56:49 INFO     services.eks: student_id=student01 account_id=070640552464 [VERIFY]    Verifying EKS is clean ...
2026-08-18 22:56:49 INFO     services.elasticbeanstalk: student_id=student01 account_id=070640552464 [VERIFY]    Verifying Elastic Beanstalk is clean ...
2026-08-18 22:56:49 INFO     services.elb: student_id=student01 account_id=070640552464 [VERIFY]    Verifying ELB (v2 + classic) is clean ...
2026-08-18 22:56:49 INFO     services.eventbridge: student_id=student01 account_id=070640552464 [VERIFY]    Verifying EventBridge is clean ...
2026-08-18 22:56:49 INFO     services.iam: student_id=student01 account_id=070640552464 [VERIFY]    Verifying IAM is clean ...
2026-08-18 22:56:49 INFO     services.kms: student_id=student01 account_id=070640552464 [VERIFY]    Verifying KMS is clean (or all customer keys scheduled for deletion) ...
2026-08-18 22:56:49 INFO     services.lambda: student_id=student01 account_id=070640552464 [VERIFY]    Verifying Lambda is clean ...
2026-08-18 22:56:49 INFO     services.rds: student_id=student01 account_id=070640552464 [VERIFY]    Verifying RDS is clean ...
2026-08-18 22:56:49 INFO     services.s3: student_id=student01 account_id=070640552464 [VERIFY]    Verifying S3 is clean ...
2026-08-18 22:56:50 INFO     services.eks: student_id=student01 account_id=070640552464 [VERIFY]    EKS clean
2026-08-18 22:56:50 INFO     services.cloudformation: student_id=student01 account_id=070640552464 [VERIFY]    CloudFormation clean
2026-08-18 22:56:50 INFO     services.ecs: student_id=student01 account_id=070640552464 [VERIFY]    ECS clean
2026-08-18 22:56:50 INFO     services.lambda: student_id=student01 account_id=070640552464 [VERIFY]    Lambda clean
2026-08-18 22:56:50 INFO     services.elasticbeanstalk: student_id=student01 account_id=070640552464 [VERIFY]    Elastic Beanstalk clean
2026-08-18 22:56:50 INFO     services.s3: student_id=student01 account_id=070640552464 [VERIFY]    S3 clean
2026-08-18 22:56:50 INFO     services.eventbridge: student_id=student01 account_id=070640552464 [VERIFY]    EventBridge clean
2026-08-18 22:56:50 INFO     services.elb: student_id=student01 account_id=070640552464 [VERIFY]    ELB clean
2026-08-18 22:56:50 INFO     services.ec2: student_id=student01 account_id=070640552464 [VERIFY]    EC2 clean
2026-08-18 22:56:50 INFO     services.apigateway: student_id=student01 account_id=070640552464 [VERIFY]    API Gateway clean
2026-08-18 22:56:51 INFO     services.ecr: student_id=student01 account_id=070640552464 [VERIFY]    ECR clean
2026-08-18 22:56:51 INFO     services.autoscaling: student_id=student01 account_id=070640552464 [VERIFY]    Auto Scaling clean
2026-08-18 22:56:51 INFO     services.rds: student_id=student01 account_id=070640552464 [VERIFY]    RDS clean
2026-08-18 22:56:51 INFO     services.kms: student_id=student01 account_id=070640552464 [VERIFY]    KMS clean (0 customer keys scheduled for deletion, pending their waiting period)
2026-08-18 22:56:51 INFO     services.iam: student_id=student01 account_id=070640552464 [VERIFY]    IAM clean
2026-08-18 22:57:04 INFO     services.application-autoscaling: student_id=student01 account_id=070640552464 [VERIFY]    Application Auto Scaling clean
2026-08-18 22:57:04 INFO     orchestrator: student_id=student01 account_id=070640552464 Verification written to logs/reports/070640552464/ap-south-1/verification_final.json
2026-08-18 22:57:04 INFO     orchestrator: student_id=student01 account_id=070640552464 Final verification: PASS
2026-08-18 22:57:04 INFO     orchestrator: student_id=student01 account_id=070640552464 PHASE 6 - Report generation
2026-08-18 22:57:04 INFO     cleanup_engine: student_id=student01 account_id=070640552464 Account cleanup result: PASS
2026-08-18 22:57:04 INFO     cleanup_engine: student_id=student01 account_id=070640552464 Reusable: True
2026-08-18 22:57:04 INFO     cleanup_engine: student_id=student01 account_id=070640552464 Remaining resources: 0
2026-08-18 22:57:04 INFO     nuke: Cleanup completed student_id=student01 account_id=070640552464 status=PASS reusable=True remaining_resources=0 report_path=logs/reports/070640552464/cleanup_report_summary.json
2026-08-18 22:57:04 INFO     __main__: Detaching student allocation student_id=student01
2026-08-18 22:57:04 INFO     __main__: Detached student allocation student_id=student01
2026-08-18 22:57:04 INFO     __main__: Lab stopped for student_id=student01 account_id=070640552464
