2026-08-05 10:08:26 INFO     main: ======================================================================
2026-08-05 10:08:26 INFO     main: AWS Sandbox Cleanup Engine
2026-08-05 10:08:26 INFO     main: Regions: ap-south-1 | Dry run: True
2026-08-05 10:08:26 INFO     main: Cross-account targets: 070640552464 via OrganizationAccountAccessRole
2026-08-05 10:08:26 INFO     main: ======================================================================
2026-08-05 10:08:26 INFO     main: --- Account 070640552464 / role OrganizationAccountAccessRole / region ap-south-1 ---
2026-08-05 10:08:26 INFO     botocore.credentials: Found credentials in shared credentials file: ~/.aws/credentials
2026-08-05 10:08:27 INFO     orchestrator: Starting cleanup run for account 070640552464 in ap-south-1
2026-08-05 10:08:27 INFO     orchestrator: Discovered 16 service plugins: apigateway, application_autoscaling, autoscaling, cloudformation, ec2, ecr, ecs, eks, elasticbeanstalk, elb, eventbridge, iam, kms, lambda, rds, s3
2026-08-05 10:08:27 INFO     services.cloudformation: [DISCOVER]  Scanning CloudFormation stacks ...
2026-08-05 10:08:27 INFO     services.ec2: [DISCOVER]  Scanning EC2 instances, volumes, snapshots, and networking resources ...
2026-08-05 10:08:27 INFO     services.ecs: [DISCOVER]  Scanning ECS clusters, services, tasks, container instances, and task definitions ...
2026-08-05 10:08:27 INFO     services.eventbridge: [DISCOVER]  Scanning EventBridge buses, rules, archives, and schema registries ...
2026-08-05 10:08:27 INFO     services.iam: [DISCOVER]  Scanning IAM roles, policies, instance profiles, users, and groups ...
2026-08-05 10:08:27 INFO     services.rds: [DISCOVER]  Scanning RDS clusters and instances ...
2026-08-05 10:08:27 ERROR    orchestrator: [ERROR]     Inventory scan for 'ecr' raised: Service 'ecr' is a placeholder and has not been implemented yet.
2026-08-05 10:08:27 INFO     services.s3: [DISCOVER]  Scanning S3 buckets ...
2026-08-05 10:08:27 ERROR    orchestrator: [ERROR]     Inventory scan for 'application_autoscaling' raised: Service 'application_autoscaling' is a placeholder and has not been implemented yet.
2026-08-05 10:08:27 ERROR    orchestrator: [ERROR]     Inventory scan for 'autoscaling' raised: Service 'autoscaling' is a placeholder and has not been implemented yet.
2026-08-05 10:08:27 ERROR    orchestrator: [ERROR]     Inventory scan for 'lambda' raised: Service 'lambda' is a placeholder and has not been implemented yet.
2026-08-05 10:08:27 ERROR    orchestrator: [ERROR]     Inventory scan for 'kms' raised: Service 'kms' is a placeholder and has not been implemented yet.
2026-08-05 10:08:27 ERROR    orchestrator: [ERROR]     Inventory scan for 'apigateway' raised: Service 'apigateway' is a placeholder and has not been implemented yet.
2026-08-05 10:08:27 ERROR    orchestrator: [ERROR]     Inventory scan for 'elb' raised: Service 'elb' is a placeholder and has not been implemented yet.
2026-08-05 10:08:27 ERROR    orchestrator: [ERROR]     Inventory scan for 'elasticbeanstalk' raised: Service 'elasticbeanstalk' is a placeholder and has not been implemented yet.
2026-08-05 10:08:27 ERROR    orchestrator: [ERROR]     Inventory scan for 'eks' raised: Service 'eks' is a placeholder and has not been implemented yet.
2026-08-05 10:08:27 INFO     services.cloudformation: [DISCOVER]  Found 0 stacks
2026-08-05 10:08:27 INFO     services.s3: [DISCOVER]  Found 0 buckets
2026-08-05 10:08:27 INFO     services.ecs: [DISCOVER]  Found 0 clusters, 0 services, 0 standalone tasks, 0 container instances, 0 active task definitions
2026-08-05 10:08:28 INFO     services.rds: [DISCOVER]  Found 1 DB clusters and 1 DB instances
2026-08-05 10:08:28 INFO     services.eventbridge: [DISCOVER]  Found 0 custom event buses, 0 rules, 0 archives, 0 custom schema registries, 0 schemas
2026-08-05 10:08:28 INFO     services.ec2: [DISCOVER]  Found 0 instances, 0 volumes, 0 snapshots, 0 networking resources
2026-08-05 10:08:31 INFO     services.iam: [DISCOVER]  Protecting currently-assumed role 'OrganizationAccountAccessRole' from deletion
2026-08-05 10:08:31 INFO     services.iam: [DISCOVER]  Found 0 deletable roles, 2 customer-managed policies, 0 instance profiles, 1 users, 0 groups
2026-08-05 10:08:31 INFO     orchestrator: Inventory written to logs/reports/070640552464/ap-south-1/inventory.json
2026-08-05 10:08:31 WARNING  orchestrator: [WARN]      Skipping cleanup for 'apigateway' because discovery failed: Service 'apigateway' is a placeholder and has not been implemented yet.
2026-08-05 10:08:31 WARNING  orchestrator: [WARN]      Skipping cleanup for 'application_autoscaling' because discovery failed: Service 'application_autoscaling' is a placeholder and has not been implemented yet.
2026-08-05 10:08:31 WARNING  orchestrator: [WARN]      Skipping cleanup for 'autoscaling' because discovery failed: Service 'autoscaling' is a placeholder and has not been implemented yet.
2026-08-05 10:08:31 INFO     orchestrator: Cleaning up service: cloudformation
2026-08-05 10:08:31 INFO     services.cloudformation: [CLEANUP]   No CloudFormation stacks to delete
2026-08-05 10:08:31 INFO     orchestrator: Cleaning up service: ec2
2026-08-05 10:08:31 INFO     services.ec2: [CLEANUP]   No EC2 resources to delete
2026-08-05 10:08:31 WARNING  orchestrator: [WARN]      Skipping cleanup for 'ecr' because discovery failed: Service 'ecr' is a placeholder and has not been implemented yet.
2026-08-05 10:08:31 INFO     orchestrator: Cleaning up service: ecs
2026-08-05 10:08:31 INFO     services.ecs: [CLEANUP]   No ECS resources to delete
2026-08-05 10:08:31 WARNING  orchestrator: [WARN]      Skipping cleanup for 'eks' because discovery failed: Service 'eks' is a placeholder and has not been implemented yet.
2026-08-05 10:08:31 WARNING  orchestrator: [WARN]      Skipping cleanup for 'elasticbeanstalk' because discovery failed: Service 'elasticbeanstalk' is a placeholder and has not been implemented yet.
2026-08-05 10:08:31 WARNING  orchestrator: [WARN]      Skipping cleanup for 'elb' because discovery failed: Service 'elb' is a placeholder and has not been implemented yet.
2026-08-05 10:08:31 INFO     orchestrator: Cleaning up service: eventbridge
2026-08-05 10:08:31 INFO     services.eventbridge: [CLEANUP]   No EventBridge resources to delete
2026-08-05 10:08:31 INFO     orchestrator: Cleaning up service: iam
2026-08-05 10:08:31 INFO     services.iam: [CLEANUP]   [DRY-RUN] Would delete IAM policy DefaultIamPolicy
2026-08-05 10:08:31 INFO     services.iam: [CLEANUP]   [DRY-RUN] Would delete IAM policy CoderCreatedIdentityBoundary
2026-08-05 10:08:31 INFO     services.iam: [CLEANUP]   [DRY-RUN] Would delete IAM user Coder
2026-08-05 10:08:31 WARNING  orchestrator: [WARN]      Skipping cleanup for 'kms' because discovery failed: Service 'kms' is a placeholder and has not been implemented yet.
2026-08-05 10:08:31 WARNING  orchestrator: [WARN]      Skipping cleanup for 'lambda' because discovery failed: Service 'lambda' is a placeholder and has not been implemented yet.
2026-08-05 10:08:31 INFO     orchestrator: Cleaning up service: rds
2026-08-05 10:08:31 INFO     services.rds: [CLEANUP]   [DRY-RUN] Would delete RDS resource database-1-instance-1
2026-08-05 10:08:31 INFO     services.rds: [CLEANUP]   [DRY-RUN] Would delete RDS resource database-1
2026-08-05 10:08:31 INFO     orchestrator: Cleaning up service: s3
2026-08-05 10:08:31 INFO     services.s3: [CLEANUP]   No S3 buckets to delete
2026-08-05 10:08:31 INFO     services.ec2: [VERIFY]    Verifying EC2 is clean ...
2026-08-05 10:08:31 INFO     services.cloudformation: [VERIFY]    Verifying CloudFormation is clean ...
2026-08-05 10:08:31 INFO     services.ecs: [VERIFY]    Verifying ECS is clean ...
2026-08-05 10:08:31 INFO     services.iam: [VERIFY]    Verifying IAM is clean ...
2026-08-05 10:08:31 INFO     services.eventbridge: [VERIFY]    Verifying EventBridge is clean ...
2026-08-05 10:08:31 INFO     services.rds: [VERIFY]    Verifying RDS is clean ...
2026-08-05 10:08:31 ERROR    orchestrator: [ERROR]     Verification for 'elb' raised: Service 'elb' is a placeholder and has not been implemented yet.
2026-08-05 10:08:31 INFO     services.s3: [VERIFY]    Verifying S3 is clean ...
2026-08-05 10:08:31 ERROR    orchestrator: [ERROR]     Verification for 'lambda' raised: Service 'lambda' is a placeholder and has not been implemented yet.
2026-08-05 10:08:31 ERROR    orchestrator: [ERROR]     Verification for 'application_autoscaling' raised: Service 'application_autoscaling' is a placeholder and has not been implemented yet.
2026-08-05 10:08:31 ERROR    orchestrator: [ERROR]     Verification for 'elasticbeanstalk' raised: Service 'elasticbeanstalk' is a placeholder and has not been implemented yet.
2026-08-05 10:08:31 ERROR    orchestrator: [ERROR]     Verification for 'autoscaling' raised: Service 'autoscaling' is a placeholder and has not been implemented yet.
2026-08-05 10:08:31 ERROR    orchestrator: [ERROR]     Verification for 'kms' raised: Service 'kms' is a placeholder and has not been implemented yet.
2026-08-05 10:08:31 ERROR    orchestrator: [ERROR]     Verification for 'apigateway' raised: Service 'apigateway' is a placeholder and has not been implemented yet.
2026-08-05 10:08:31 ERROR    orchestrator: [ERROR]     Verification for 'eks' raised: Service 'eks' is a placeholder and has not been implemented yet.
2026-08-05 10:08:31 ERROR    orchestrator: [ERROR]     Verification for 'ecr' raised: Service 'ecr' is a placeholder and has not been implemented yet.
2026-08-05 10:08:31 INFO     services.cloudformation: [VERIFY]    CloudFormation clean
2026-08-05 10:08:31 INFO     services.s3: [VERIFY]    S3 clean
2026-08-05 10:08:31 INFO     services.ecs: [VERIFY]    ECS clean
2026-08-05 10:08:31 INFO     services.rds: [VERIFY]    RDS FAIL - 2 resources remain
2026-08-05 10:08:31 INFO     services.eventbridge: [VERIFY]    EventBridge clean
2026-08-05 10:08:32 INFO     services.ec2: [VERIFY]    EC2 clean
2026-08-05 10:08:33 INFO     services.iam: [VERIFY]    IAM FAIL - 3 resources remain
2026-08-05 10:08:33 INFO     orchestrator: [VERIFY]    Verification pass 1/5 found remaining resources in ['elb', 'lambda', 'application_autoscaling', 'elasticbeanstalk', 'autoscaling', 'kms', 'apigateway', 'eks', 'ecr', 'rds', 'iam']; retrying in 15s
2026-08-05 10:08:48 INFO     services.ec2: [VERIFY]    Verifying EC2 is clean ...
2026-08-05 10:08:48 INFO     services.cloudformation: [VERIFY]    Verifying CloudFormation is clean ...
2026-08-05 10:08:48 INFO     services.ecs: [VERIFY]    Verifying ECS is clean ...
2026-08-05 10:08:48 INFO     services.eventbridge: [VERIFY]    Verifying EventBridge is clean ...
2026-08-05 10:08:48 INFO     services.iam: [VERIFY]    Verifying IAM is clean ...
2026-08-05 10:08:48 ERROR    orchestrator: [ERROR]     Verification for 'autoscaling' raised: Service 'autoscaling' is a placeholder and has not been implemented yet.
2026-08-05 10:08:48 INFO     services.rds: [VERIFY]    Verifying RDS is clean ...
2026-08-05 10:08:48 INFO     services.s3: [VERIFY]    Verifying S3 is clean ...
2026-08-05 10:08:48 ERROR    orchestrator: [ERROR]     Verification for 'elb' raised: Service 'elb' is a placeholder and has not been implemented yet.
2026-08-05 10:08:48 ERROR    orchestrator: [ERROR]     Verification for 'application_autoscaling' raised: Service 'application_autoscaling' is a placeholder and has not been implemented yet.
2026-08-05 10:08:48 ERROR    orchestrator: [ERROR]     Verification for 'lambda' raised: Service 'lambda' is a placeholder and has not been implemented yet.
2026-08-05 10:08:48 ERROR    orchestrator: [ERROR]     Verification for 'eks' raised: Service 'eks' is a placeholder and has not been implemented yet.
2026-08-05 10:08:48 ERROR    orchestrator: [ERROR]     Verification for 'ecr' raised: Service 'ecr' is a placeholder and has not been implemented yet.
2026-08-05 10:08:48 ERROR    orchestrator: [ERROR]     Verification for 'elasticbeanstalk' raised: Service 'elasticbeanstalk' is a placeholder and has not been implemented yet.
2026-08-05 10:08:48 ERROR    orchestrator: [ERROR]     Verification for 'apigateway' raised: Service 'apigateway' is a placeholder and has not been implemented yet.
2026-08-05 10:08:48 ERROR    orchestrator: [ERROR]     Verification for 'kms' raised: Service 'kms' is a placeholder and has not been implemented yet.
2026-08-05 10:08:48 INFO     services.rds: [VERIFY]    RDS FAIL - 2 resources remain
2026-08-05 10:08:49 INFO     services.cloudformation: [VERIFY]    CloudFormation clean
2026-08-05 10:08:49 INFO     services.s3: [VERIFY]    S3 clean
2026-08-05 10:08:49 INFO     services.ecs: [VERIFY]    ECS clean
2026-08-05 10:08:49 INFO     services.eventbridge: [VERIFY]    EventBridge clean
2026-08-05 10:08:50 INFO     services.ec2: [VERIFY]    EC2 clean
2026-08-05 10:08:50 INFO     services.iam: [VERIFY]    IAM FAIL - 3 resources remain
2026-08-05 10:08:50 INFO     orchestrator: [VERIFY]    Verification pass 2/5 found remaining resources in ['autoscaling', 'elb', 'application_autoscaling', 'lambda', 'eks', 'ecr', 'elasticbeanstalk', 'apigateway', 'kms', 'rds', 'iam']; retrying in 15s
2026-08-05 10:09:05 INFO     services.ec2: [VERIFY]    Verifying EC2 is clean ...
2026-08-05 10:09:05 INFO     services.cloudformation: [VERIFY]    Verifying CloudFormation is clean ...
2026-08-05 10:09:05 INFO     services.ecs: [VERIFY]    Verifying ECS is clean ...
2026-08-05 10:09:05 INFO     services.eventbridge: [VERIFY]    Verifying EventBridge is clean ...
2026-08-05 10:09:05 INFO     services.iam: [VERIFY]    Verifying IAM is clean ...
2026-08-05 10:09:05 INFO     services.rds: [VERIFY]    Verifying RDS is clean ...
2026-08-05 10:09:05 INFO     services.s3: [VERIFY]    Verifying S3 is clean ...
2026-08-05 10:09:05 ERROR    orchestrator: [ERROR]     Verification for 'apigateway' raised: Service 'apigateway' is a placeholder and has not been implemented yet.
2026-08-05 10:09:05 ERROR    orchestrator: [ERROR]     Verification for 'autoscaling' raised: Service 'autoscaling' is a placeholder and has not been implemented yet.
2026-08-05 10:09:05 ERROR    orchestrator: [ERROR]     Verification for 'elasticbeanstalk' raised: Service 'elasticbeanstalk' is a placeholder and has not been implemented yet.
2026-08-05 10:09:05 ERROR    orchestrator: [ERROR]     Verification for 'application_autoscaling' raised: Service 'application_autoscaling' is a placeholder and has not been implemented yet.
2026-08-05 10:09:05 ERROR    orchestrator: [ERROR]     Verification for 'lambda' raised: Service 'lambda' is a placeholder and has not been implemented yet.
2026-08-05 10:09:05 ERROR    orchestrator: [ERROR]     Verification for 'elb' raised: Service 'elb' is a placeholder and has not been implemented yet.
2026-08-05 10:09:05 ERROR    orchestrator: [ERROR]     Verification for 'kms' raised: Service 'kms' is a placeholder and has not been implemented yet.
2026-08-05 10:09:05 ERROR    orchestrator: [ERROR]     Verification for 'eks' raised: Service 'eks' is a placeholder and has not been implemented yet.
2026-08-05 10:09:05 ERROR    orchestrator: [ERROR]     Verification for 'ecr' raised: Service 'ecr' is a placeholder and has not been implemented yet.
2026-08-05 10:09:07 INFO     services.rds: [VERIFY]    RDS FAIL - 2 resources remain
2026-08-05 10:09:07 INFO     services.ecs: [VERIFY]    ECS clean
2026-08-05 10:09:07 INFO     services.cloudformation: [VERIFY]    CloudFormation clean
2026-08-05 10:09:07 INFO     services.s3: [VERIFY]    S3 clean
2026-08-05 10:09:07 INFO     services.eventbridge: [VERIFY]    EventBridge clean
2026-08-05 10:09:07 INFO     services.ec2: [VERIFY]    EC2 clean
2026-08-05 10:09:08 INFO     services.iam: [VERIFY]    IAM FAIL - 3 resources remain
2026-08-05 10:09:08 INFO     orchestrator: [VERIFY]    Verification pass 3/5 found remaining resources in ['apigateway', 'autoscaling', 'elasticbeanstalk', 'application_autoscaling', 'lambda', 'elb', 'kms', 'eks', 'ecr', 'rds', 'iam']; retrying in 15s
2026-08-05 10:09:23 INFO     services.cloudformation: [VERIFY]    Verifying CloudFormation is clean ...
2026-08-05 10:09:23 INFO     services.ec2: [VERIFY]    Verifying EC2 is clean ...
2026-08-05 10:09:23 INFO     services.ecs: [VERIFY]    Verifying ECS is clean ...
2026-08-05 10:09:23 INFO     services.eventbridge: [VERIFY]    Verifying EventBridge is clean ...
2026-08-05 10:09:23 INFO     services.iam: [VERIFY]    Verifying IAM is clean ...
2026-08-05 10:09:23 INFO     services.rds: [VERIFY]    Verifying RDS is clean ...
2026-08-05 10:09:23 ERROR    orchestrator: [ERROR]     Verification for 'eks' raised: Service 'eks' is a placeholder and has not been implemented yet.
2026-08-05 10:09:23 INFO     services.s3: [VERIFY]    Verifying S3 is clean ...
2026-08-05 10:09:23 ERROR    orchestrator: [ERROR]     Verification for 'elb' raised: Service 'elb' is a placeholder and has not been implemented yet.
2026-08-05 10:09:23 ERROR    orchestrator: [ERROR]     Verification for 'autoscaling' raised: Service 'autoscaling' is a placeholder and has not been implemented yet.
2026-08-05 10:09:23 ERROR    orchestrator: [ERROR]     Verification for 'apigateway' raised: Service 'apigateway' is a placeholder and has not been implemented yet.
2026-08-05 10:09:23 ERROR    orchestrator: [ERROR]     Verification for 'lambda' raised: Service 'lambda' is a placeholder and has not been implemented yet.
2026-08-05 10:09:23 ERROR    orchestrator: [ERROR]     Verification for 'elasticbeanstalk' raised: Service 'elasticbeanstalk' is a placeholder and has not been implemented yet.
2026-08-05 10:09:23 ERROR    orchestrator: [ERROR]     Verification for 'application_autoscaling' raised: Service 'application_autoscaling' is a placeholder and has not been implemented yet.
2026-08-05 10:09:23 ERROR    orchestrator: [ERROR]     Verification for 'ecr' raised: Service 'ecr' is a placeholder and has not been implemented yet.
2026-08-05 10:09:23 ERROR    orchestrator: [ERROR]     Verification for 'kms' raised: Service 'kms' is a placeholder and has not been implemented yet.
2026-08-05 10:09:24 INFO     services.cloudformation: [VERIFY]    CloudFormation clean
2026-08-05 10:09:24 INFO     services.s3: [VERIFY]    S3 clean
2026-08-05 10:09:24 INFO     services.rds: [VERIFY]    RDS FAIL - 2 resources remain
2026-08-05 10:09:24 INFO     services.ecs: [VERIFY]    ECS clean
2026-08-05 10:09:24 INFO     services.eventbridge: [VERIFY]    EventBridge clean
2026-08-05 10:09:24 INFO     services.ec2: [VERIFY]    EC2 clean
2026-08-05 10:09:25 INFO     services.iam: [VERIFY]    IAM FAIL - 3 resources remain
2026-08-05 10:09:25 INFO     orchestrator: [VERIFY]    Verification pass 4/5 found remaining resources in ['eks', 'elb', 'autoscaling', 'apigateway', 'lambda', 'elasticbeanstalk', 'application_autoscaling', 'ecr', 'kms', 'rds', 'iam']; retrying in 15s
2026-08-05 10:09:40 INFO     services.ec2: [VERIFY]    Verifying EC2 is clean ...
2026-08-05 10:09:40 INFO     services.cloudformation: [VERIFY]    Verifying CloudFormation is clean ...
2026-08-05 10:09:40 INFO     services.ecs: [VERIFY]    Verifying ECS is clean ...
2026-08-05 10:09:40 INFO     services.iam: [VERIFY]    Verifying IAM is clean ...
2026-08-05 10:09:40 INFO     services.eventbridge: [VERIFY]    Verifying EventBridge is clean ...
2026-08-05 10:09:40 INFO     services.s3: [VERIFY]    Verifying S3 is clean ...
2026-08-05 10:09:40 INFO     services.rds: [VERIFY]    Verifying RDS is clean ...
2026-08-05 10:09:40 ERROR    orchestrator: [ERROR]     Verification for 'apigateway' raised: Service 'apigateway' is a placeholder and has not been implemented yet.
2026-08-05 10:09:40 ERROR    orchestrator: [ERROR]     Verification for 'elb' raised: Service 'elb' is a placeholder and has not been implemented yet.
2026-08-05 10:09:40 ERROR    orchestrator: [ERROR]     Verification for 'lambda' raised: Service 'lambda' is a placeholder and has not been implemented yet.
2026-08-05 10:09:40 ERROR    orchestrator: [ERROR]     Verification for 'autoscaling' raised: Service 'autoscaling' is a placeholder and has not been implemented yet.
2026-08-05 10:09:40 ERROR    orchestrator: [ERROR]     Verification for 'kms' raised: Service 'kms' is a placeholder and has not been implemented yet.
2026-08-05 10:09:40 ERROR    orchestrator: [ERROR]     Verification for 'eks' raised: Service 'eks' is a placeholder and has not been implemented yet.
2026-08-05 10:09:40 ERROR    orchestrator: [ERROR]     Verification for 'elasticbeanstalk' raised: Service 'elasticbeanstalk' is a placeholder and has not been implemented yet.
2026-08-05 10:09:40 ERROR    orchestrator: [ERROR]     Verification for 'ecr' raised: Service 'ecr' is a placeholder and has not been implemented yet.
2026-08-05 10:09:40 ERROR    orchestrator: [ERROR]     Verification for 'application_autoscaling' raised: Service 'application_autoscaling' is a placeholder and has not been implemented yet.
2026-08-05 10:09:41 INFO     services.cloudformation: [VERIFY]    CloudFormation clean
2026-08-05 10:09:41 INFO     services.s3: [VERIFY]    S3 clean
2026-08-05 10:09:41 INFO     services.rds: [VERIFY]    RDS FAIL - 2 resources remain
2026-08-05 10:09:41 INFO     services.ecs: [VERIFY]    ECS clean
2026-08-05 10:09:41 INFO     services.eventbridge: [VERIFY]    EventBridge clean
2026-08-05 10:09:42 INFO     services.ec2: [VERIFY]    EC2 clean
2026-08-05 10:09:42 INFO     services.iam: [VERIFY]    IAM FAIL - 3 resources remain
2026-08-05 10:09:42 INFO     orchestrator: Verification written to logs/reports/070640552464/ap-south-1/verification.json
2026-08-05 10:09:42 INFO     main: [070640552464/ap-south-1] verification=FAIL discovered=5 deleted=0 remaining=5
2026-08-05 10:09:42 INFO     main: ======================================================================
2026-08-05 10:09:42 INFO     main: Combined summary written to logs/reports/cleanup_report_summary.json
2026-08-05 10:09:42 INFO     main: Overall result across all regions/accounts: FAIL
2026-08-05 10:09:42 INFO     main: ======================================================================
2026-08-05 11:01:36 INFO     main: ======================================================================
2026-08-05 11:01:36 INFO     main: AWS Sandbox Cleanup Engine
2026-08-05 11:01:36 INFO     main: Regions: ap-south-1 | Dry run: False
2026-08-05 11:01:36 INFO     main: Cross-account targets: 070640552464 via OrganizationAccountAccessRole
2026-08-05 11:01:36 INFO     main: ======================================================================
2026-08-05 11:01:42 INFO     main: --- Account 070640552464 / role OrganizationAccountAccessRole / region ap-south-1 ---
2026-08-05 11:01:42 INFO     botocore.credentials: Found credentials in shared credentials file: ~/.aws/credentials
2026-08-05 11:01:44 INFO     orchestrator: Starting cleanup run for account 070640552464 in ap-south-1
2026-08-05 11:01:44 INFO     orchestrator: Discovered 16 service plugins: apigateway, application_autoscaling, autoscaling, cloudformation, ec2, ecr, ecs, eks, elasticbeanstalk, elb, eventbridge, iam, kms, lambda, rds, s3
2026-08-05 11:01:44 INFO     services.cloudformation: [DISCOVER]  Scanning CloudFormation stacks ...
2026-08-05 11:01:44 INFO     services.ec2: [DISCOVER]  Scanning EC2 instances, volumes, snapshots, and networking resources ...
2026-08-05 11:01:44 INFO     services.ecs: [DISCOVER]  Scanning ECS clusters, services, tasks, container instances, and task definitions ...
2026-08-05 11:01:44 INFO     services.eventbridge: [DISCOVER]  Scanning EventBridge buses, rules, archives, and schema registries ...
2026-08-05 11:01:44 INFO     services.rds: [DISCOVER]  Scanning RDS clusters and instances ...
2026-08-05 11:01:44 ERROR    orchestrator: [ERROR]     Inventory scan for 'ecr' raised: Service 'ecr' is a placeholder and has not been implemented yet.
2026-08-05 11:01:44 INFO     services.s3: [DISCOVER]  Scanning S3 buckets ...
2026-08-05 11:01:44 ERROR    orchestrator: [ERROR]     Inventory scan for 'kms' raised: Service 'kms' is a placeholder and has not been implemented yet.
2026-08-05 11:01:44 ERROR    orchestrator: [ERROR]     Inventory scan for 'lambda' raised: Service 'lambda' is a placeholder and has not been implemented yet.
2026-08-05 11:01:44 ERROR    orchestrator: [ERROR]     Inventory scan for 'elasticbeanstalk' raised: Service 'elasticbeanstalk' is a placeholder and has not been implemented yet.
2026-08-05 11:01:44 ERROR    orchestrator: [ERROR]     Inventory scan for 'elb' raised: Service 'elb' is a placeholder and has not been implemented yet.
2026-08-05 11:01:44 ERROR    orchestrator: [ERROR]     Inventory scan for 'application_autoscaling' raised: Service 'application_autoscaling' is a placeholder and has not been implemented yet.
2026-08-05 11:01:44 ERROR    orchestrator: [ERROR]     Inventory scan for 'apigateway' raised: Service 'apigateway' is a placeholder and has not been implemented yet.
2026-08-05 11:01:44 ERROR    orchestrator: [ERROR]     Inventory scan for 'iam' raised: Service 'iam' is a placeholder and has not been implemented yet.
2026-08-05 11:01:44 ERROR    orchestrator: [ERROR]     Inventory scan for 'autoscaling' raised: Service 'autoscaling' is a placeholder and has not been implemented yet.
2026-08-05 11:01:44 ERROR    orchestrator: [ERROR]     Inventory scan for 'eks' raised: Service 'eks' is a placeholder and has not been implemented yet.
2026-08-05 11:01:44 INFO     services.cloudformation: [DISCOVER]  Found 0 stacks
2026-08-05 11:01:44 INFO     services.s3: [DISCOVER]  Found 0 buckets
2026-08-05 11:01:44 INFO     services.ecs: [DISCOVER]  Found 0 clusters, 0 services, 0 standalone tasks, 0 container instances, 0 active task definitions
2026-08-05 11:01:45 INFO     services.eventbridge: [DISCOVER]  Found 0 custom event buses, 0 rules, 0 archives, 0 custom schema registries, 0 schemas
2026-08-05 11:01:45 INFO     services.rds: [DISCOVER]  Found 1 DB clusters and 2 DB instances
2026-08-05 11:01:46 INFO     services.ec2: [DISCOVER]  Found 0 instances, 0 volumes, 0 snapshots, 0 networking resources
2026-08-05 11:01:46 INFO     orchestrator: Inventory written to logs/reports/070640552464/ap-south-1/inventory.json
2026-08-05 11:01:46 WARNING  orchestrator: [WARN]      Skipping cleanup for 'apigateway' because discovery failed: Service 'apigateway' is a placeholder and has not been implemented yet.
2026-08-05 11:01:46 WARNING  orchestrator: [WARN]      Skipping cleanup for 'application_autoscaling' because discovery failed: Service 'application_autoscaling' is a placeholder and has not been implemented yet.
2026-08-05 11:01:46 WARNING  orchestrator: [WARN]      Skipping cleanup for 'autoscaling' because discovery failed: Service 'autoscaling' is a placeholder and has not been implemented yet.
2026-08-05 11:01:46 INFO     orchestrator: Cleaning up service: cloudformation
2026-08-05 11:01:46 INFO     services.cloudformation: [CLEANUP]   No CloudFormation stacks to delete
2026-08-05 11:01:46 INFO     orchestrator: Cleaning up service: ec2
2026-08-05 11:01:46 INFO     services.ec2: [CLEANUP]   No EC2 resources to delete
2026-08-05 11:01:46 WARNING  orchestrator: [WARN]      Skipping cleanup for 'ecr' because discovery failed: Service 'ecr' is a placeholder and has not been implemented yet.
2026-08-05 11:01:46 INFO     orchestrator: Cleaning up service: ecs
2026-08-05 11:01:46 INFO     services.ecs: [CLEANUP]   No ECS resources to delete
2026-08-05 11:01:46 WARNING  orchestrator: [WARN]      Skipping cleanup for 'eks' because discovery failed: Service 'eks' is a placeholder and has not been implemented yet.
2026-08-05 11:01:46 WARNING  orchestrator: [WARN]      Skipping cleanup for 'elasticbeanstalk' because discovery failed: Service 'elasticbeanstalk' is a placeholder and has not been implemented yet.
2026-08-05 11:01:46 WARNING  orchestrator: [WARN]      Skipping cleanup for 'elb' because discovery failed: Service 'elb' is a placeholder and has not been implemented yet.
2026-08-05 11:01:46 INFO     orchestrator: Cleaning up service: eventbridge
2026-08-05 11:01:46 INFO     services.eventbridge: [CLEANUP]   No EventBridge resources to delete
2026-08-05 11:01:46 WARNING  orchestrator: [WARN]      Skipping cleanup for 'iam' because discovery failed: Service 'iam' is a placeholder and has not been implemented yet.
2026-08-05 11:01:46 WARNING  orchestrator: [WARN]      Skipping cleanup for 'kms' because discovery failed: Service 'kms' is a placeholder and has not been implemented yet.
2026-08-05 11:01:46 WARNING  orchestrator: [WARN]      Skipping cleanup for 'lambda' because discovery failed: Service 'lambda' is a placeholder and has not been implemented yet.
2026-08-05 11:01:46 INFO     orchestrator: Cleaning up service: rds
2026-08-05 11:01:46 INFO     services.rds: [CLEANUP]   Deleted DB instance database-1-instance-1
2026-08-05 11:01:46 INFO     services.rds: [WAIT]      Waiting for DB instance deletion: database-1-instance-1
2026-08-05 11:01:46 INFO     services.rds: [CLEANUP]   Deleted DB instance k
2026-08-05 11:01:46 INFO     services.rds: [WAIT]      Waiting for DB instance deletion: k
2026-08-05 11:01:46 INFO     services.rds: [WAIT]      RDS instance 'database-1-instance-1' deletion ... (0s elapsed)
2026-08-05 11:01:46 INFO     services.rds: [WAIT]      RDS instance 'k' deletion ... (0s elapsed)
2026-08-05 11:02:01 INFO     services.rds: [WAIT]      RDS instance 'database-1-instance-1' deletion ... (15s elapsed)
2026-08-05 11:02:02 INFO     services.rds: [WAIT]      RDS instance 'k' deletion ... (15s elapsed)
2026-08-05 11:02:17 INFO     services.rds: [WAIT]      RDS instance 'database-1-instance-1' deletion ... (30s elapsed)
2026-08-05 11:02:17 INFO     services.rds: [WAIT]      RDS instance 'k' deletion ... (30s elapsed)
2026-08-05 11:02:32 INFO     services.rds: [WAIT]      RDS instance 'database-1-instance-1' deletion ... (45s elapsed)
2026-08-05 11:02:32 INFO     services.rds: [WAIT]      RDS instance 'k' deletion ... (45s elapsed)
2026-08-05 11:02:48 INFO     services.rds: [WAIT]      RDS instance 'database-1-instance-1' deletion ... (61s elapsed)
2026-08-05 11:02:48 INFO     services.rds: [WAIT]      RDS instance 'k' deletion ... (61s elapsed)
2026-08-05 11:03:03 INFO     services.rds: [WAIT]      RDS instance 'database-1-instance-1' deletion ... (76s elapsed)
2026-08-05 11:03:03 INFO     services.rds: [WAIT]      RDS instance 'k' deletion ... (76s elapsed)
2026-08-05 11:03:18 INFO     services.rds: [WAIT]      RDS instance 'database-1-instance-1' deletion ... (91s elapsed)
2026-08-05 11:03:19 INFO     services.rds: [WAIT]      RDS instance 'k' deletion ... (91s elapsed)
2026-08-05 11:03:33 INFO     services.rds: [WAIT]      RDS instance 'database-1-instance-1' deletion ... (106s elapsed)
2026-08-05 11:03:34 INFO     services.rds: [WAIT]      RDS instance 'k' deletion ... (107s elapsed)
2026-08-05 11:03:49 INFO     services.rds: [WAIT]      RDS instance 'database-1-instance-1' deletion ... (122s elapsed)
2026-08-05 11:03:49 INFO     services.rds: [WAIT]      RDS instance 'k' deletion ... (122s elapsed)
2026-08-05 11:04:04 INFO     services.rds: [WAIT]      RDS instance 'database-1-instance-1' deletion ... (137s elapsed)
2026-08-05 11:04:04 INFO     services.rds: [WAIT]      RDS instance 'k' deletion ... (137s elapsed)
2026-08-05 11:04:19 INFO     services.rds: [WAIT]      RDS instance 'database-1-instance-1' deletion ... (152s elapsed)
2026-08-05 11:04:20 INFO     services.rds: [WAIT]      RDS instance 'k' deletion ... (152s elapsed)
2026-08-05 11:04:35 INFO     services.rds: [WAIT]      RDS instance 'database-1-instance-1' deletion ... (168s elapsed)
2026-08-05 11:04:35 INFO     services.rds: [WAIT]      RDS instance 'k' deletion ... (168s elapsed)
2026-08-05 11:04:50 INFO     services.rds: [WAIT]      RDS instance 'database-1-instance-1' deletion ... (183s elapsed)
2026-08-05 11:04:50 INFO     services.rds: [WAIT]      RDS instance 'k' deletion ... (183s elapsed)
2026-08-05 11:05:05 INFO     services.rds: [WAIT]      RDS instance 'database-1-instance-1' deletion ... (198s elapsed)
2026-08-05 11:05:05 INFO     services.rds: [WAIT]      RDS instance 'k' deletion ... (198s elapsed)
2026-08-05 11:05:21 INFO     services.rds: [WAIT]      RDS instance 'database-1-instance-1' deletion ... (214s elapsed)
2026-08-05 11:05:21 INFO     services.rds: [WAIT]      RDS instance 'k' deletion ... (214s elapsed)
2026-08-05 11:05:36 INFO     services.rds: [WAIT]      RDS instance 'database-1-instance-1' deletion ... (229s elapsed)
2026-08-05 11:05:36 INFO     services.rds: [WAIT]      RDS instance 'k' deletion ... (229s elapsed)
2026-08-05 11:05:51 INFO     services.rds: [WAIT]      RDS instance 'k' deletion ... (244s elapsed)
2026-08-05 11:05:51 INFO     services.rds: [WAIT]      RDS instance 'database-1-instance-1' deletion ... (244s elapsed)
2026-08-05 11:06:06 INFO     services.rds: [WAIT]      RDS instance 'k' deletion ... (259s elapsed)
2026-08-05 11:06:07 INFO     services.rds: [WAIT]      RDS instance 'database-1-instance-1' deletion ... (260s elapsed)
2026-08-05 11:06:22 INFO     services.rds: [WAIT]      RDS instance 'k' deletion ... (275s elapsed)
2026-08-05 11:06:22 INFO     services.rds: [WAIT]      RDS instance 'database-1-instance-1' deletion ... (275s elapsed)
2026-08-05 11:06:37 INFO     services.rds: [WAIT]      RDS instance 'k' deletion ... (290s elapsed)
2026-08-05 11:06:37 INFO     services.rds: [WAIT]      RDS instance 'database-1-instance-1' deletion ... (290s elapsed)
2026-08-05 11:06:52 INFO     services.rds: [WAIT]      RDS instance 'database-1-instance-1' deletion ... (305s elapsed)
2026-08-05 11:07:08 INFO     services.rds: [WAIT]      RDS instance 'database-1-instance-1' deletion ... (321s elapsed)
2026-08-05 11:07:23 INFO     services.rds: [WAIT]      RDS instance 'database-1-instance-1' deletion ... (336s elapsed)
2026-08-05 11:07:38 INFO     services.rds: [WAIT]      RDS instance 'database-1-instance-1' deletion ... (351s elapsed)
2026-08-05 11:07:53 INFO     services.rds: [WAIT]      RDS instance 'database-1-instance-1' deletion ... (366s elapsed)
2026-08-05 11:08:08 INFO     services.rds: [WAIT]      RDS instance 'database-1-instance-1' deletion ... (381s elapsed)
2026-08-05 11:08:24 INFO     services.rds: [WAIT]      RDS instance 'database-1-instance-1' deletion ... (397s elapsed)
2026-08-05 11:08:39 INFO     services.rds: [WAIT]      RDS instance 'database-1-instance-1' deletion ... (412s elapsed)
2026-08-05 11:08:54 INFO     services.rds: [WAIT]      RDS instance 'database-1-instance-1' deletion ... (427s elapsed)
2026-08-05 11:09:09 INFO     services.rds: [WAIT]      RDS instance 'database-1-instance-1' deletion ... (442s elapsed)
2026-08-05 11:09:25 INFO     services.rds: [WAIT]      RDS instance 'database-1-instance-1' deletion ... (458s elapsed)
2026-08-05 11:09:40 INFO     services.rds: [WAIT]      RDS instance 'database-1-instance-1' deletion ... (473s elapsed)
2026-08-05 11:09:55 INFO     services.rds: [WAIT]      RDS instance 'database-1-instance-1' deletion ... (488s elapsed)
2026-08-05 11:10:11 INFO     services.rds: [WAIT]      RDS instance 'database-1-instance-1' deletion ... (504s elapsed)
2026-08-05 11:10:26 INFO     services.rds: [WAIT]      RDS instance 'database-1-instance-1' deletion ... (519s elapsed)
2026-08-05 11:10:41 INFO     services.rds: [WAIT]      RDS instance 'database-1-instance-1' deletion ... (534s elapsed)
2026-08-05 11:10:57 INFO     services.rds: [WAIT]      RDS instance 'database-1-instance-1' deletion ... (550s elapsed)
2026-08-05 11:11:12 INFO     services.rds: [WAIT]      RDS instance 'database-1-instance-1' deletion ... (565s elapsed)
2026-08-05 11:11:27 INFO     services.rds: [WAIT]      RDS instance 'database-1-instance-1' deletion ... (580s elapsed)
2026-08-05 11:11:43 INFO     services.rds: [WAIT]      RDS instance 'database-1-instance-1' deletion ... (596s elapsed)
2026-08-05 11:11:58 INFO     services.rds: [WAIT]      RDS instance 'database-1-instance-1' deletion ... (611s elapsed)
2026-08-05 11:12:13 INFO     services.rds: [WAIT]      RDS instance 'database-1-instance-1' deletion ... (626s elapsed)
2026-08-05 11:12:29 INFO     services.rds: [WAIT]      RDS instance 'database-1-instance-1' deletion ... (642s elapsed)
2026-08-05 11:12:44 INFO     services.rds: [WAIT]      RDS instance 'database-1-instance-1' deletion ... (657s elapsed)
2026-08-05 11:13:00 INFO     services.rds: [WAIT]      RDS instance 'database-1-instance-1' deletion ... (673s elapsed)
2026-08-05 11:13:15 INFO     services.rds: [WAIT]      RDS instance 'database-1-instance-1' deletion ... (688s elapsed)
2026-08-05 11:13:30 INFO     services.rds: [WAIT]      RDS instance 'database-1-instance-1' deletion ... (703s elapsed)
2026-08-05 11:13:46 INFO     services.rds: [WAIT]      RDS instance 'database-1-instance-1' deletion ... (719s elapsed)
2026-08-05 11:14:01 INFO     services.rds: [WAIT]      RDS instance 'database-1-instance-1' deletion ... (734s elapsed)
2026-08-05 11:14:16 INFO     services.rds: [WAIT]      RDS instance 'database-1-instance-1' deletion ... (749s elapsed)
2026-08-05 11:14:31 INFO     services.rds: [WAIT]      RDS instance 'database-1-instance-1' deletion ... (764s elapsed)
2026-08-05 11:14:47 INFO     services.rds: [WAIT]      RDS instance 'database-1-instance-1' deletion ... (780s elapsed)
2026-08-05 11:15:02 INFO     services.rds: [WAIT]      RDS instance 'database-1-instance-1' deletion ... (795s elapsed)
2026-08-05 11:15:17 INFO     services.rds: [WAIT]      RDS instance 'database-1-instance-1' deletion ... (810s elapsed)
2026-08-05 11:15:33 INFO     services.rds: [WAIT]      RDS instance 'database-1-instance-1' deletion ... (826s elapsed)
2026-08-05 11:15:48 INFO     services.rds: [WAIT]      RDS instance 'database-1-instance-1' deletion ... (841s elapsed)
2026-08-05 11:16:03 INFO     services.rds: [CLEANUP]   Deleted DB cluster database-1
2026-08-05 11:16:03 INFO     services.rds: [WAIT]      Waiting for DB cluster deletion: database-1
2026-08-05 11:16:03 INFO     services.rds: [WAIT]      RDS cluster 'database-1' deletion ... (0s elapsed)
2026-08-05 11:16:19 INFO     services.rds: [WAIT]      RDS cluster 'database-1' deletion ... (15s elapsed)
2026-08-05 11:16:34 INFO     services.rds: [WAIT]      RDS cluster 'database-1' deletion ... (30s elapsed)
2026-08-05 11:16:49 INFO     services.rds: [WAIT]      RDS cluster 'database-1' deletion ... (45s elapsed)
2026-08-05 11:17:04 INFO     orchestrator: Cleaning up service: s3
2026-08-05 11:17:04 INFO     services.s3: [CLEANUP]   No S3 buckets to delete
2026-08-05 11:17:04 INFO     services.cloudformation: [VERIFY]    Verifying CloudFormation is clean ...
2026-08-05 11:17:04 INFO     services.ec2: [VERIFY]    Verifying EC2 is clean ...
2026-08-05 11:17:04 INFO     services.ecs: [VERIFY]    Verifying ECS is clean ...
2026-08-05 11:17:04 INFO     services.eventbridge: [VERIFY]    Verifying EventBridge is clean ...
2026-08-05 11:17:04 ERROR    orchestrator: [ERROR]     Verification for 'kms' raised: Service 'kms' is a placeholder and has not been implemented yet.
2026-08-05 11:17:04 INFO     services.rds: [VERIFY]    Verifying RDS is clean ...
2026-08-05 11:17:04 INFO     services.s3: [VERIFY]    Verifying S3 is clean ...
2026-08-05 11:17:04 ERROR    orchestrator: [ERROR]     Verification for 'application_autoscaling' raised: Service 'application_autoscaling' is a placeholder and has not been implemented yet.
2026-08-05 11:17:04 ERROR    orchestrator: [ERROR]     Verification for 'eks' raised: Service 'eks' is a placeholder and has not been implemented yet.
2026-08-05 11:17:04 ERROR    orchestrator: [ERROR]     Verification for 'elb' raised: Service 'elb' is a placeholder and has not been implemented yet.
2026-08-05 11:17:04 ERROR    orchestrator: [ERROR]     Verification for 'elasticbeanstalk' raised: Service 'elasticbeanstalk' is a placeholder and has not been implemented yet.
2026-08-05 11:17:04 ERROR    orchestrator: [ERROR]     Verification for 'autoscaling' raised: Service 'autoscaling' is a placeholder and has not been implemented yet.
2026-08-05 11:17:04 ERROR    orchestrator: [ERROR]     Verification for 'lambda' raised: Service 'lambda' is a placeholder and has not been implemented yet.
2026-08-05 11:17:04 ERROR    orchestrator: [ERROR]     Verification for 'apigateway' raised: Service 'apigateway' is a placeholder and has not been implemented yet.
2026-08-05 11:17:04 ERROR    orchestrator: [ERROR]     Verification for 'ecr' raised: Service 'ecr' is a placeholder and has not been implemented yet.
2026-08-05 11:17:04 ERROR    orchestrator: [ERROR]     Verification for 'iam' raised: Service 'iam' is a placeholder and has not been implemented yet.
2026-08-05 11:17:04 INFO     services.cloudformation: [VERIFY]    CloudFormation clean
2026-08-05 11:17:04 INFO     services.rds: [VERIFY]    RDS clean
2026-08-05 11:17:05 INFO     services.s3: [VERIFY]    S3 clean
2026-08-05 11:17:05 INFO     services.ecs: [VERIFY]    ECS clean
2026-08-05 11:17:05 INFO     services.eventbridge: [VERIFY]    EventBridge clean
2026-08-05 11:17:06 INFO     services.ec2: [VERIFY]    EC2 clean
2026-08-05 11:17:06 INFO     orchestrator: [VERIFY]    Verification pass 1/5 found remaining resources in ['kms', 'application_autoscaling', 'eks', 'elb', 'elasticbeanstalk', 'autoscaling', 'lambda', 'apigateway', 'ecr', 'iam']; retrying in 15s
2026-08-05 11:17:21 INFO     services.ecs: [VERIFY]    Verifying ECS is clean ...
2026-08-05 11:17:21 INFO     services.cloudformation: [VERIFY]    Verifying CloudFormation is clean ...
2026-08-05 11:17:21 INFO     services.ec2: [VERIFY]    Verifying EC2 is clean ...
2026-08-05 11:17:21 INFO     services.eventbridge: [VERIFY]    Verifying EventBridge is clean ...
2026-08-05 11:17:21 INFO     services.s3: [VERIFY]    Verifying S3 is clean ...
2026-08-05 11:17:21 INFO     services.rds: [VERIFY]    Verifying RDS is clean ...
2026-08-05 11:17:21 ERROR    orchestrator: [ERROR]     Verification for 'apigateway' raised: Service 'apigateway' is a placeholder and has not been implemented yet.
2026-08-05 11:17:21 ERROR    orchestrator: [ERROR]     Verification for 'elb' raised: Service 'elb' is a placeholder and has not been implemented yet.
2026-08-05 11:17:21 ERROR    orchestrator: [ERROR]     Verification for 'ecr' raised: Service 'ecr' is a placeholder and has not been implemented yet.
2026-08-05 11:17:21 ERROR    orchestrator: [ERROR]     Verification for 'eks' raised: Service 'eks' is a placeholder and has not been implemented yet.
2026-08-05 11:17:21 ERROR    orchestrator: [ERROR]     Verification for 'iam' raised: Service 'iam' is a placeholder and has not been implemented yet.
2026-08-05 11:17:21 ERROR    orchestrator: [ERROR]     Verification for 'kms' raised: Service 'kms' is a placeholder and has not been implemented yet.
2026-08-05 11:17:21 ERROR    orchestrator: [ERROR]     Verification for 'application_autoscaling' raised: Service 'application_autoscaling' is a placeholder and has not been implemented yet.
2026-08-05 11:17:21 ERROR    orchestrator: [ERROR]     Verification for 'autoscaling' raised: Service 'autoscaling' is a placeholder and has not been implemented yet.
2026-08-05 11:17:21 ERROR    orchestrator: [ERROR]     Verification for 'elasticbeanstalk' raised: Service 'elasticbeanstalk' is a placeholder and has not been implemented yet.
2026-08-05 11:17:21 ERROR    orchestrator: [ERROR]     Verification for 'lambda' raised: Service 'lambda' is a placeholder and has not been implemented yet.
2026-08-05 11:17:22 INFO     services.rds: [VERIFY]    RDS clean
2026-08-05 11:17:22 INFO     services.cloudformation: [VERIFY]    CloudFormation clean
2026-08-05 11:17:22 INFO     services.s3: [VERIFY]    S3 clean
2026-08-05 11:17:23 INFO     services.ecs: [VERIFY]    ECS clean
2026-08-05 11:17:23 INFO     services.eventbridge: [VERIFY]    EventBridge clean
2026-08-05 11:17:24 INFO     services.ec2: [VERIFY]    EC2 clean
2026-08-05 11:17:24 INFO     orchestrator: [VERIFY]    Verification pass 2/5 found remaining resources in ['apigateway', 'elb', 'ecr', 'eks', 'iam', 'kms', 'application_autoscaling', 'autoscaling', 'elasticbeanstalk', 'lambda']; retrying in 15s
2026-08-05 11:17:39 INFO     services.cloudformation: [VERIFY]    Verifying CloudFormation is clean ...
2026-08-05 11:17:39 INFO     services.ec2: [VERIFY]    Verifying EC2 is clean ...
2026-08-05 11:17:39 INFO     services.ecs: [VERIFY]    Verifying ECS is clean ...
2026-08-05 11:17:39 INFO     services.rds: [VERIFY]    Verifying RDS is clean ...
2026-08-05 11:17:39 INFO     services.eventbridge: [VERIFY]    Verifying EventBridge is clean ...
2026-08-05 11:17:39 ERROR    orchestrator: [ERROR]     Verification for 'autoscaling' raised: Service 'autoscaling' is a placeholder and has not been implemented yet.
2026-08-05 11:17:39 INFO     services.s3: [VERIFY]    Verifying S3 is clean ...
2026-08-05 11:17:39 ERROR    orchestrator: [ERROR]     Verification for 'application_autoscaling' raised: Service 'application_autoscaling' is a placeholder and has not been implemented yet.
2026-08-05 11:17:39 ERROR    orchestrator: [ERROR]     Verification for 'lambda' raised: Service 'lambda' is a placeholder and has not been implemented yet.
2026-08-05 11:17:39 ERROR    orchestrator: [ERROR]     Verification for 'kms' raised: Service 'kms' is a placeholder and has not been implemented yet.
2026-08-05 11:17:39 ERROR    orchestrator: [ERROR]     Verification for 'elb' raised: Service 'elb' is a placeholder and has not been implemented yet.
2026-08-05 11:17:39 ERROR    orchestrator: [ERROR]     Verification for 'elasticbeanstalk' raised: Service 'elasticbeanstalk' is a placeholder and has not been implemented yet.
2026-08-05 11:17:39 ERROR    orchestrator: [ERROR]     Verification for 'ecr' raised: Service 'ecr' is a placeholder and has not been implemented yet.
2026-08-05 11:17:39 ERROR    orchestrator: [ERROR]     Verification for 'apigateway' raised: Service 'apigateway' is a placeholder and has not been implemented yet.
2026-08-05 11:17:39 ERROR    orchestrator: [ERROR]     Verification for 'iam' raised: Service 'iam' is a placeholder and has not been implemented yet.
2026-08-05 11:17:39 ERROR    orchestrator: [ERROR]     Verification for 'eks' raised: Service 'eks' is a placeholder and has not been implemented yet.
2026-08-05 11:17:39 INFO     services.rds: [VERIFY]    RDS clean
2026-08-05 11:17:39 INFO     services.cloudformation: [VERIFY]    CloudFormation clean
2026-08-05 11:17:39 INFO     services.s3: [VERIFY]    S3 clean
2026-08-05 11:17:40 INFO     services.ecs: [VERIFY]    ECS clean
2026-08-05 11:17:40 INFO     services.eventbridge: [VERIFY]    EventBridge clean
2026-08-05 11:17:41 INFO     services.ec2: [VERIFY]    EC2 clean
2026-08-05 11:17:41 INFO     orchestrator: [VERIFY]    Verification pass 3/5 found remaining resources in ['autoscaling', 'application_autoscaling', 'lambda', 'kms', 'elb', 'elasticbeanstalk', 'ecr', 'apigateway', 'iam', 'eks']; retrying in 15s
2026-08-05 11:17:56 INFO     services.cloudformation: [VERIFY]    Verifying CloudFormation is clean ...
2026-08-05 11:17:56 INFO     services.ecs: [VERIFY]    Verifying ECS is clean ...
2026-08-05 11:17:56 INFO     services.eventbridge: [VERIFY]    Verifying EventBridge is clean ...
2026-08-05 11:17:56 INFO     services.ec2: [VERIFY]    Verifying EC2 is clean ...
2026-08-05 11:17:56 INFO     services.s3: [VERIFY]    Verifying S3 is clean ...
2026-08-05 11:17:56 INFO     services.rds: [VERIFY]    Verifying RDS is clean ...
2026-08-05 11:17:56 ERROR    orchestrator: [ERROR]     Verification for 'kms' raised: Service 'kms' is a placeholder and has not been implemented yet.
2026-08-05 11:17:56 ERROR    orchestrator: [ERROR]     Verification for 'ecr' raised: Service 'ecr' is a placeholder and has not been implemented yet.
2026-08-05 11:17:56 ERROR    orchestrator: [ERROR]     Verification for 'lambda' raised: Service 'lambda' is a placeholder and has not been implemented yet.
2026-08-05 11:17:56 ERROR    orchestrator: [ERROR]     Verification for 'elb' raised: Service 'elb' is a placeholder and has not been implemented yet.
2026-08-05 11:17:56 ERROR    orchestrator: [ERROR]     Verification for 'eks' raised: Service 'eks' is a placeholder and has not been implemented yet.
2026-08-05 11:17:56 ERROR    orchestrator: [ERROR]     Verification for 'autoscaling' raised: Service 'autoscaling' is a placeholder and has not been implemented yet.
2026-08-05 11:17:56 ERROR    orchestrator: [ERROR]     Verification for 'iam' raised: Service 'iam' is a placeholder and has not been implemented yet.
2026-08-05 11:17:56 ERROR    orchestrator: [ERROR]     Verification for 'elasticbeanstalk' raised: Service 'elasticbeanstalk' is a placeholder and has not been implemented yet.
2026-08-05 11:17:56 ERROR    orchestrator: [ERROR]     Verification for 'application_autoscaling' raised: Service 'application_autoscaling' is a placeholder and has not been implemented yet.
2026-08-05 11:17:56 ERROR    orchestrator: [ERROR]     Verification for 'apigateway' raised: Service 'apigateway' is a placeholder and has not been implemented yet.
2026-08-05 11:17:56 INFO     services.rds: [VERIFY]    RDS clean
2026-08-05 11:17:56 INFO     services.cloudformation: [VERIFY]    CloudFormation clean
2026-08-05 11:17:56 INFO     services.ecs: [VERIFY]    ECS clean
2026-08-05 11:17:56 INFO     services.s3: [VERIFY]    S3 clean
2026-08-05 11:17:57 INFO     services.eventbridge: [VERIFY]    EventBridge clean
2026-08-05 11:17:57 INFO     services.ec2: [VERIFY]    EC2 clean
2026-08-05 11:17:57 INFO     orchestrator: [VERIFY]    Verification pass 4/5 found remaining resources in ['kms', 'ecr', 'lambda', 'elb', 'eks', 'autoscaling', 'iam', 'elasticbeanstalk', 'application_autoscaling', 'apigateway']; retrying in 15s
2026-08-05 11:18:12 INFO     services.ec2: [VERIFY]    Verifying EC2 is clean ...
2026-08-05 11:18:12 INFO     services.cloudformation: [VERIFY]    Verifying CloudFormation is clean ...
2026-08-05 11:18:12 INFO     services.ecs: [VERIFY]    Verifying ECS is clean ...
2026-08-05 11:18:12 INFO     services.eventbridge: [VERIFY]    Verifying EventBridge is clean ...
2026-08-05 11:18:12 INFO     services.s3: [VERIFY]    Verifying S3 is clean ...
2026-08-05 11:18:12 INFO     services.rds: [VERIFY]    Verifying RDS is clean ...
2026-08-05 11:18:12 ERROR    orchestrator: [ERROR]     Verification for 'kms' raised: Service 'kms' is a placeholder and has not been implemented yet.
2026-08-05 11:18:12 ERROR    orchestrator: [ERROR]     Verification for 'eks' raised: Service 'eks' is a placeholder and has not been implemented yet.
2026-08-05 11:18:12 ERROR    orchestrator: [ERROR]     Verification for 'ecr' raised: Service 'ecr' is a placeholder and has not been implemented yet.
2026-08-05 11:18:12 ERROR    orchestrator: [ERROR]     Verification for 'application_autoscaling' raised: Service 'application_autoscaling' is a placeholder and has not been implemented yet.
2026-08-05 11:18:12 ERROR    orchestrator: [ERROR]     Verification for 'elasticbeanstalk' raised: Service 'elasticbeanstalk' is a placeholder and has not been implemented yet.
2026-08-05 11:18:12 ERROR    orchestrator: [ERROR]     Verification for 'lambda' raised: Service 'lambda' is a placeholder and has not been implemented yet.
2026-08-05 11:18:12 ERROR    orchestrator: [ERROR]     Verification for 'iam' raised: Service 'iam' is a placeholder and has not been implemented yet.
2026-08-05 11:18:12 ERROR    orchestrator: [ERROR]     Verification for 'autoscaling' raised: Service 'autoscaling' is a placeholder and has not been implemented yet.
2026-08-05 11:18:12 ERROR    orchestrator: [ERROR]     Verification for 'apigateway' raised: Service 'apigateway' is a placeholder and has not been implemented yet.
2026-08-05 11:18:12 ERROR    orchestrator: [ERROR]     Verification for 'elb' raised: Service 'elb' is a placeholder and has not been implemented yet.
2026-08-05 11:18:13 INFO     services.rds: [VERIFY]    RDS clean
2026-08-05 11:18:13 INFO     services.cloudformation: [VERIFY]    CloudFormation clean
2026-08-05 11:18:13 INFO     services.ecs: [VERIFY]    ECS clean
2026-08-05 11:18:13 INFO     services.s3: [VERIFY]    S3 clean
2026-08-05 11:18:13 INFO     services.eventbridge: [VERIFY]    EventBridge clean
2026-08-05 11:18:14 INFO     services.ec2: [VERIFY]    EC2 clean
2026-08-05 11:18:14 INFO     orchestrator: Verification written to logs/reports/070640552464/ap-south-1/verification.json
2026-08-05 11:18:14 INFO     main: [070640552464/ap-south-1] verification=FAIL discovered=3 deleted=3 remaining=0
2026-08-05 11:18:14 INFO     main: ======================================================================
2026-08-05 11:18:14 INFO     main: Combined summary written to logs/reports/cleanup_report_summary.json
2026-08-05 11:18:14 INFO     main: Overall result across all regions/accounts: FAIL
2026-08-05 11:18:14 INFO     main: ======================================================================
2026-08-05 11:55:29 INFO     main: ======================================================================
2026-08-05 11:55:29 INFO     main: AWS Sandbox Cleanup Engine
2026-08-05 11:55:29 INFO     main: Regions: ap-south-1 | Dry run: True
2026-08-05 11:55:29 INFO     main: Cross-account targets: 070640552464 via OrganizationAccountAccessRole
2026-08-05 11:55:29 INFO     main: ======================================================================
2026-08-05 11:55:29 INFO     main: --- Account 070640552464 / role OrganizationAccountAccessRole / region ap-south-1 ---
2026-08-05 11:55:29 INFO     botocore.credentials: Found credentials in shared credentials file: ~/.aws/credentials
2026-08-05 11:55:31 INFO     orchestrator: Starting cleanup run for account 070640552464 in ap-south-1
2026-08-05 11:55:31 INFO     orchestrator: Discovered 16 service plugins: apigateway, application_autoscaling, autoscaling, cloudformation, ec2, ecr, ecs, eks, elasticbeanstalk, elb, eventbridge, iam, kms, lambda, rds, s3
2026-08-05 11:55:31 INFO     services.ec2: [DISCOVER]  Scanning EC2 instances, volumes, snapshots, and networking resources ...
2026-08-05 11:55:31 INFO     services.cloudformation: [DISCOVER]  Scanning CloudFormation stacks ...
2026-08-05 11:55:31 INFO     services.ecs: [DISCOVER]  Scanning ECS clusters, services, tasks, container instances, and task definitions ...
2026-08-05 11:55:31 INFO     services.eventbridge: [DISCOVER]  Scanning EventBridge buses, rules, archives, and schema registries ...
2026-08-05 11:55:31 INFO     services.iam: [DISCOVER]  Scanning IAM roles, policies, instance profiles, users, and groups ...
2026-08-05 11:55:31 INFO     services.rds: [DISCOVER]  Scanning RDS clusters and instances ...
2026-08-05 11:55:31 ERROR    orchestrator: [ERROR]     Inventory scan for 'lambda' raised: Service 'lambda' is a placeholder and has not been implemented yet.
2026-08-05 11:55:31 INFO     services.s3: [DISCOVER]  Scanning S3 buckets ...
2026-08-05 11:55:31 ERROR    orchestrator: [ERROR]     Inventory scan for 'apigateway' raised: Service 'apigateway' is a placeholder and has not been implemented yet.
2026-08-05 11:55:31 ERROR    orchestrator: [ERROR]     Inventory scan for 'elb' raised: Service 'elb' is a placeholder and has not been implemented yet.
2026-08-05 11:55:31 ERROR    orchestrator: [ERROR]     Inventory scan for 'elasticbeanstalk' raised: Service 'elasticbeanstalk' is a placeholder and has not been implemented yet.
2026-08-05 11:55:31 ERROR    orchestrator: [ERROR]     Inventory scan for 'kms' raised: Service 'kms' is a placeholder and has not been implemented yet.
2026-08-05 11:55:31 ERROR    orchestrator: [ERROR]     Inventory scan for 'eks' raised: Service 'eks' is a placeholder and has not been implemented yet.
2026-08-05 11:55:31 ERROR    orchestrator: [ERROR]     Inventory scan for 'application_autoscaling' raised: Service 'application_autoscaling' is a placeholder and has not been implemented yet.
2026-08-05 11:55:31 ERROR    orchestrator: [ERROR]     Inventory scan for 'ecr' raised: Service 'ecr' is a placeholder and has not been implemented yet.
2026-08-05 11:55:31 ERROR    orchestrator: [ERROR]     Inventory scan for 'autoscaling' raised: Service 'autoscaling' is a placeholder and has not been implemented yet.
2026-08-05 11:55:32 INFO     services.s3: [DISCOVER]  Found 0 buckets
2026-08-05 11:55:32 INFO     services.cloudformation: [DISCOVER]  Found 0 stacks
2026-08-05 11:55:33 INFO     services.ecs: [DISCOVER]  Found 0 clusters, 0 services, 0 standalone tasks, 0 container instances, 0 active task definitions
2026-08-05 11:55:33 INFO     services.eventbridge: [DISCOVER]  Found 0 custom event buses, 0 rules, 0 archives, 0 custom schema registries, 0 schemas
2026-08-05 11:55:34 INFO     services.rds: [DISCOVER]  Found 1 DB clusters and 2 DB instances
2026-08-05 11:55:34 INFO     services.ec2: [DISCOVER]  Found 0 instances, 0 volumes, 0 snapshots, 0 networking resources
2026-08-05 11:55:39 INFO     services.iam: [DISCOVER]  Protecting currently-assumed role 'OrganizationAccountAccessRole' from deletion
2026-08-05 11:55:39 INFO     services.iam: [DISCOVER]  Found 0 deletable roles, 2 customer-managed policies, 0 instance profiles, 1 users, 0 groups
2026-08-05 11:55:39 INFO     orchestrator: Inventory written to logs/reports/070640552464/ap-south-1/inventory.json
2026-08-05 11:55:39 WARNING  orchestrator: [WARN]      Skipping cleanup for 'apigateway' because discovery failed: Service 'apigateway' is a placeholder and has not been implemented yet.
2026-08-05 11:55:39 WARNING  orchestrator: [WARN]      Skipping cleanup for 'application_autoscaling' because discovery failed: Service 'application_autoscaling' is a placeholder and has not been implemented yet.
2026-08-05 11:55:39 WARNING  orchestrator: [WARN]      Skipping cleanup for 'autoscaling' because discovery failed: Service 'autoscaling' is a placeholder and has not been implemented yet.
2026-08-05 11:55:39 INFO     orchestrator: Cleaning up service: cloudformation
2026-08-05 11:55:39 INFO     services.cloudformation: [CLEANUP]   No CloudFormation stacks to delete
2026-08-05 11:55:39 INFO     orchestrator: Cleaning up service: ec2
2026-08-05 11:55:39 INFO     services.ec2: [CLEANUP]   No EC2 resources to delete
2026-08-05 11:55:39 WARNING  orchestrator: [WARN]      Skipping cleanup for 'ecr' because discovery failed: Service 'ecr' is a placeholder and has not been implemented yet.
2026-08-05 11:55:39 INFO     orchestrator: Cleaning up service: ecs
2026-08-05 11:55:39 INFO     services.ecs: [CLEANUP]   No ECS resources to delete
2026-08-05 11:55:39 WARNING  orchestrator: [WARN]      Skipping cleanup for 'eks' because discovery failed: Service 'eks' is a placeholder and has not been implemented yet.
2026-08-05 11:55:39 WARNING  orchestrator: [WARN]      Skipping cleanup for 'elasticbeanstalk' because discovery failed: Service 'elasticbeanstalk' is a placeholder and has not been implemented yet.
2026-08-05 11:55:39 WARNING  orchestrator: [WARN]      Skipping cleanup for 'elb' because discovery failed: Service 'elb' is a placeholder and has not been implemented yet.
2026-08-05 11:55:39 INFO     orchestrator: Cleaning up service: eventbridge
2026-08-05 11:55:39 INFO     services.eventbridge: [CLEANUP]   No EventBridge resources to delete
2026-08-05 11:55:39 INFO     orchestrator: Cleaning up service: iam
2026-08-05 11:55:39 INFO     services.iam: [CLEANUP]   [DRY-RUN] Would delete IAM policy DefaultIamPolicy
2026-08-05 11:55:39 INFO     services.iam: [CLEANUP]   [DRY-RUN] Would delete IAM policy CoderCreatedIdentityBoundary
2026-08-05 11:55:39 INFO     services.iam: [CLEANUP]   [DRY-RUN] Would delete IAM user Coder
2026-08-05 11:55:39 WARNING  orchestrator: [WARN]      Skipping cleanup for 'kms' because discovery failed: Service 'kms' is a placeholder and has not been implemented yet.
2026-08-05 11:55:39 WARNING  orchestrator: [WARN]      Skipping cleanup for 'lambda' because discovery failed: Service 'lambda' is a placeholder and has not been implemented yet.
2026-08-05 11:55:39 INFO     orchestrator: Cleaning up service: rds
2026-08-05 11:55:39 INFO     services.rds: [CLEANUP]   [DRY-RUN] Would delete RDS resource database-1
2026-08-05 11:55:39 INFO     services.rds: [CLEANUP]   [DRY-RUN] Would delete RDS resource database-2-instance-1
2026-08-05 11:55:39 INFO     services.rds: [CLEANUP]   [DRY-RUN] Would delete RDS resource database-2
2026-08-05 11:55:39 INFO     orchestrator: Cleaning up service: s3
2026-08-05 11:55:39 INFO     services.s3: [CLEANUP]   No S3 buckets to delete
2026-08-05 11:55:39 INFO     services.cloudformation: [VERIFY]    Verifying CloudFormation is clean ...
2026-08-05 11:55:39 INFO     services.ec2: [VERIFY]    Verifying EC2 is clean ...
2026-08-05 11:55:39 INFO     services.ecs: [VERIFY]    Verifying ECS is clean ...
2026-08-05 11:55:39 INFO     services.eventbridge: [VERIFY]    Verifying EventBridge is clean ...
2026-08-05 11:55:39 INFO     services.iam: [VERIFY]    Verifying IAM is clean ...
2026-08-05 11:55:39 INFO     services.rds: [VERIFY]    Verifying RDS is clean ...
2026-08-05 11:55:39 INFO     services.s3: [VERIFY]    Verifying S3 is clean ...
2026-08-05 11:55:39 ERROR    orchestrator: [ERROR]     Verification for 'elasticbeanstalk' raised: Service 'elasticbeanstalk' is a placeholder and has not been implemented yet.
2026-08-05 11:55:39 ERROR    orchestrator: [ERROR]     Verification for 'application_autoscaling' raised: Service 'application_autoscaling' is a placeholder and has not been implemented yet.
2026-08-05 11:55:39 ERROR    orchestrator: [ERROR]     Verification for 'kms' raised: Service 'kms' is a placeholder and has not been implemented yet.
2026-08-05 11:55:39 ERROR    orchestrator: [ERROR]     Verification for 'autoscaling' raised: Service 'autoscaling' is a placeholder and has not been implemented yet.
2026-08-05 11:55:39 ERROR    orchestrator: [ERROR]     Verification for 'ecr' raised: Service 'ecr' is a placeholder and has not been implemented yet.
2026-08-05 11:55:39 ERROR    orchestrator: [ERROR]     Verification for 'apigateway' raised: Service 'apigateway' is a placeholder and has not been implemented yet.
2026-08-05 11:55:39 ERROR    orchestrator: [ERROR]     Verification for 'eks' raised: Service 'eks' is a placeholder and has not been implemented yet.
2026-08-05 11:55:39 ERROR    orchestrator: [ERROR]     Verification for 'elb' raised: Service 'elb' is a placeholder and has not been implemented yet.
2026-08-05 11:55:39 ERROR    orchestrator: [ERROR]     Verification for 'lambda' raised: Service 'lambda' is a placeholder and has not been implemented yet.
2026-08-05 11:55:40 INFO     services.cloudformation: [VERIFY]    CloudFormation clean
2026-08-05 11:55:40 INFO     services.s3: [VERIFY]    S3 clean
2026-08-05 11:55:40 INFO     services.ecs: [VERIFY]    ECS clean
2026-08-05 11:55:40 INFO     services.rds: [VERIFY]    RDS FAIL - 3 resources remain
2026-08-05 11:55:41 INFO     services.eventbridge: [VERIFY]    EventBridge clean
2026-08-05 11:55:42 INFO     services.ec2: [VERIFY]    EC2 clean
2026-08-05 11:55:43 INFO     services.iam: [VERIFY]    IAM FAIL - 3 resources remain
2026-08-05 11:55:43 INFO     orchestrator: [VERIFY]    Verification pass 1/5 found remaining resources in ['elasticbeanstalk', 'application_autoscaling', 'kms', 'autoscaling', 'ecr', 'apigateway', 'eks', 'elb', 'lambda', 'rds', 'iam']; retrying in 15s
2026-08-05 11:55:58 INFO     services.cloudformation: [VERIFY]    Verifying CloudFormation is clean ...
2026-08-05 11:55:58 INFO     services.ec2: [VERIFY]    Verifying EC2 is clean ...
2026-08-05 11:55:58 INFO     services.ecs: [VERIFY]    Verifying ECS is clean ...
2026-08-05 11:55:58 INFO     services.iam: [VERIFY]    Verifying IAM is clean ...
2026-08-05 11:55:58 INFO     services.rds: [VERIFY]    Verifying RDS is clean ...
2026-08-05 11:55:58 INFO     services.s3: [VERIFY]    Verifying S3 is clean ...
2026-08-05 11:55:58 INFO     services.eventbridge: [VERIFY]    Verifying EventBridge is clean ...
2026-08-05 11:55:58 ERROR    orchestrator: [ERROR]     Verification for 'autoscaling' raised: Service 'autoscaling' is a placeholder and has not been implemented yet.
2026-08-05 11:55:58 ERROR    orchestrator: [ERROR]     Verification for 'application_autoscaling' raised: Service 'application_autoscaling' is a placeholder and has not been implemented yet.
2026-08-05 11:55:58 ERROR    orchestrator: [ERROR]     Verification for 'apigateway' raised: Service 'apigateway' is a placeholder and has not been implemented yet.
2026-08-05 11:55:58 ERROR    orchestrator: [ERROR]     Verification for 'eks' raised: Service 'eks' is a placeholder and has not been implemented yet.
2026-08-05 11:55:58 ERROR    orchestrator: [ERROR]     Verification for 'kms' raised: Service 'kms' is a placeholder and has not been implemented yet.
2026-08-05 11:55:58 ERROR    orchestrator: [ERROR]     Verification for 'ecr' raised: Service 'ecr' is a placeholder and has not been implemented yet.
2026-08-05 11:55:58 ERROR    orchestrator: [ERROR]     Verification for 'elb' raised: Service 'elb' is a placeholder and has not been implemented yet.
2026-08-05 11:55:58 ERROR    orchestrator: [ERROR]     Verification for 'elasticbeanstalk' raised: Service 'elasticbeanstalk' is a placeholder and has not been implemented yet.
2026-08-05 11:55:58 ERROR    orchestrator: [ERROR]     Verification for 'lambda' raised: Service 'lambda' is a placeholder and has not been implemented yet.
2026-08-05 11:55:59 INFO     services.cloudformation: [VERIFY]    CloudFormation clean
2026-08-05 11:55:59 INFO     services.rds: [VERIFY]    RDS FAIL - 3 resources remain
2026-08-05 11:55:59 INFO     services.ecs: [VERIFY]    ECS clean
2026-08-05 11:56:00 INFO     services.eventbridge: [VERIFY]    EventBridge clean
2026-08-05 11:56:01 INFO     services.s3: [VERIFY]    S3 clean
2026-08-05 11:56:01 INFO     services.ec2: [VERIFY]    EC2 clean
2026-08-05 11:56:02 INFO     services.iam: [VERIFY]    IAM FAIL - 3 resources remain
2026-08-05 11:56:02 INFO     orchestrator: [VERIFY]    Verification pass 2/5 found remaining resources in ['autoscaling', 'application_autoscaling', 'apigateway', 'eks', 'kms', 'ecr', 'elb', 'elasticbeanstalk', 'lambda', 'rds', 'iam']; retrying in 15s
2026-08-05 11:56:17 INFO     services.ec2: [VERIFY]    Verifying EC2 is clean ...
2026-08-05 11:56:17 INFO     services.ecs: [VERIFY]    Verifying ECS is clean ...
2026-08-05 11:56:17 INFO     services.cloudformation: [VERIFY]    Verifying CloudFormation is clean ...
2026-08-05 11:56:17 INFO     services.eventbridge: [VERIFY]    Verifying EventBridge is clean ...
2026-08-05 11:56:17 INFO     services.iam: [VERIFY]    Verifying IAM is clean ...
2026-08-05 11:56:17 INFO     services.rds: [VERIFY]    Verifying RDS is clean ...
2026-08-05 11:56:17 INFO     services.s3: [VERIFY]    Verifying S3 is clean ...
2026-08-05 11:56:17 ERROR    orchestrator: [ERROR]     Verification for 'kms' raised: Service 'kms' is a placeholder and has not been implemented yet.
2026-08-05 11:56:17 ERROR    orchestrator: [ERROR]     Verification for 'apigateway' raised: Service 'apigateway' is a placeholder and has not been implemented yet.
2026-08-05 11:56:17 ERROR    orchestrator: [ERROR]     Verification for 'elb' raised: Service 'elb' is a placeholder and has not been implemented yet.
2026-08-05 11:56:17 ERROR    orchestrator: [ERROR]     Verification for 'application_autoscaling' raised: Service 'application_autoscaling' is a placeholder and has not been implemented yet.
2026-08-05 11:56:17 ERROR    orchestrator: [ERROR]     Verification for 'elasticbeanstalk' raised: Service 'elasticbeanstalk' is a placeholder and has not been implemented yet.
2026-08-05 11:56:17 ERROR    orchestrator: [ERROR]     Verification for 'autoscaling' raised: Service 'autoscaling' is a placeholder and has not been implemented yet.
2026-08-05 11:56:17 ERROR    orchestrator: [ERROR]     Verification for 'lambda' raised: Service 'lambda' is a placeholder and has not been implemented yet.
2026-08-05 11:56:17 ERROR    orchestrator: [ERROR]     Verification for 'eks' raised: Service 'eks' is a placeholder and has not been implemented yet.
2026-08-05 11:56:17 ERROR    orchestrator: [ERROR]     Verification for 'ecr' raised: Service 'ecr' is a placeholder and has not been implemented yet.
2026-08-05 11:56:17 INFO     services.cloudformation: [VERIFY]    CloudFormation clean
2026-08-05 11:56:18 INFO     services.s3: [VERIFY]    S3 clean
2026-08-05 11:56:18 INFO     services.ecs: [VERIFY]    ECS clean
2026-08-05 11:56:18 INFO     services.rds: [VERIFY]    RDS FAIL - 3 resources remain
2026-08-05 11:56:19 INFO     services.eventbridge: [VERIFY]    EventBridge clean
2026-08-05 11:56:20 INFO     services.ec2: [VERIFY]    EC2 clean
2026-08-05 11:56:21 INFO     services.iam: [VERIFY]    IAM FAIL - 3 resources remain
2026-08-05 11:56:21 INFO     orchestrator: [VERIFY]    Verification pass 3/5 found remaining resources in ['kms', 'apigateway', 'elb', 'application_autoscaling', 'elasticbeanstalk', 'autoscaling', 'lambda', 'eks', 'ecr', 'rds', 'iam']; retrying in 15s
2026-08-05 11:56:36 INFO     services.ec2: [VERIFY]    Verifying EC2 is clean ...
2026-08-05 11:56:36 INFO     services.cloudformation: [VERIFY]    Verifying CloudFormation is clean ...
2026-08-05 11:56:36 INFO     services.ecs: [VERIFY]    Verifying ECS is clean ...
2026-08-05 11:56:36 INFO     services.eventbridge: [VERIFY]    Verifying EventBridge is clean ...
2026-08-05 11:56:36 INFO     services.iam: [VERIFY]    Verifying IAM is clean ...
2026-08-05 11:56:36 INFO     services.s3: [VERIFY]    Verifying S3 is clean ...
2026-08-05 11:56:36 INFO     services.rds: [VERIFY]    Verifying RDS is clean ...
2026-08-05 11:56:36 ERROR    orchestrator: [ERROR]     Verification for 'apigateway' raised: Service 'apigateway' is a placeholder and has not been implemented yet.
2026-08-05 11:56:36 ERROR    orchestrator: [ERROR]     Verification for 'elb' raised: Service 'elb' is a placeholder and has not been implemented yet.
2026-08-05 11:56:36 ERROR    orchestrator: [ERROR]     Verification for 'elasticbeanstalk' raised: Service 'elasticbeanstalk' is a placeholder and has not been implemented yet.
2026-08-05 11:56:36 ERROR    orchestrator: [ERROR]     Verification for 'eks' raised: Service 'eks' is a placeholder and has not been implemented yet.
2026-08-05 11:56:36 ERROR    orchestrator: [ERROR]     Verification for 'autoscaling' raised: Service 'autoscaling' is a placeholder and has not been implemented yet.
2026-08-05 11:56:36 ERROR    orchestrator: [ERROR]     Verification for 'application_autoscaling' raised: Service 'application_autoscaling' is a placeholder and has not been implemented yet.
2026-08-05 11:56:36 ERROR    orchestrator: [ERROR]     Verification for 'lambda' raised: Service 'lambda' is a placeholder and has not been implemented yet.
2026-08-05 11:56:36 ERROR    orchestrator: [ERROR]     Verification for 'kms' raised: Service 'kms' is a placeholder and has not been implemented yet.
2026-08-05 11:56:36 ERROR    orchestrator: [ERROR]     Verification for 'ecr' raised: Service 'ecr' is a placeholder and has not been implemented yet.
2026-08-05 11:56:37 INFO     services.cloudformation: [VERIFY]    CloudFormation clean
2026-08-05 11:56:37 INFO     services.rds: [VERIFY]    RDS FAIL - 3 resources remain
2026-08-05 11:56:37 INFO     services.s3: [VERIFY]    S3 clean
2026-08-05 11:56:38 INFO     services.eventbridge: [VERIFY]    EventBridge clean
2026-08-05 11:56:38 INFO     services.ecs: [VERIFY]    ECS clean
2026-08-05 11:56:40 INFO     services.iam: [VERIFY]    IAM FAIL - 3 resources remain
2026-08-05 11:56:40 INFO     services.ec2: [VERIFY]    EC2 clean
2026-08-05 11:56:40 INFO     orchestrator: [VERIFY]    Verification pass 4/5 found remaining resources in ['apigateway', 'elb', 'elasticbeanstalk', 'eks', 'autoscaling', 'application_autoscaling', 'lambda', 'kms', 'ecr', 'rds', 'iam']; retrying in 15s
2026-08-05 11:56:55 INFO     services.ec2: [VERIFY]    Verifying EC2 is clean ...
2026-08-05 11:56:55 INFO     services.cloudformation: [VERIFY]    Verifying CloudFormation is clean ...
2026-08-05 11:56:55 INFO     services.ecs: [VERIFY]    Verifying ECS is clean ...
2026-08-05 11:56:55 INFO     services.iam: [VERIFY]    Verifying IAM is clean ...
2026-08-05 11:56:55 INFO     services.eventbridge: [VERIFY]    Verifying EventBridge is clean ...
2026-08-05 11:56:55 ERROR    orchestrator: [ERROR]     Verification for 'autoscaling' raised: Service 'autoscaling' is a placeholder and has not been implemented yet.
2026-08-05 11:56:55 INFO     services.s3: [VERIFY]    Verifying S3 is clean ...
2026-08-05 11:56:55 INFO     services.rds: [VERIFY]    Verifying RDS is clean ...
2026-08-05 11:56:55 ERROR    orchestrator: [ERROR]     Verification for 'apigateway' raised: Service 'apigateway' is a placeholder and has not been implemented yet.
2026-08-05 11:56:55 ERROR    orchestrator: [ERROR]     Verification for 'elb' raised: Service 'elb' is a placeholder and has not been implemented yet.
2026-08-05 11:56:55 ERROR    orchestrator: [ERROR]     Verification for 'eks' raised: Service 'eks' is a placeholder and has not been implemented yet.
2026-08-05 11:56:55 ERROR    orchestrator: [ERROR]     Verification for 'elasticbeanstalk' raised: Service 'elasticbeanstalk' is a placeholder and has not been implemented yet.
2026-08-05 11:56:55 ERROR    orchestrator: [ERROR]     Verification for 'application_autoscaling' raised: Service 'application_autoscaling' is a placeholder and has not been implemented yet.
2026-08-05 11:56:55 ERROR    orchestrator: [ERROR]     Verification for 'kms' raised: Service 'kms' is a placeholder and has not been implemented yet.
2026-08-05 11:56:55 ERROR    orchestrator: [ERROR]     Verification for 'lambda' raised: Service 'lambda' is a placeholder and has not been implemented yet.
2026-08-05 11:56:55 ERROR    orchestrator: [ERROR]     Verification for 'ecr' raised: Service 'ecr' is a placeholder and has not been implemented yet.
2026-08-05 11:56:56 INFO     services.rds: [VERIFY]    RDS FAIL - 3 resources remain
2026-08-05 11:56:56 INFO     services.cloudformation: [VERIFY]    CloudFormation clean
2026-08-05 11:56:56 INFO     services.s3: [VERIFY]    S3 clean
2026-08-05 11:56:57 INFO     services.ecs: [VERIFY]    ECS clean
2026-08-05 11:56:57 INFO     services.eventbridge: [VERIFY]    EventBridge clean
2026-08-05 11:56:59 INFO     services.ec2: [VERIFY]    EC2 clean
2026-08-05 11:57:00 INFO     services.iam: [VERIFY]    IAM FAIL - 3 resources remain
2026-08-05 11:57:00 INFO     orchestrator: Verification written to logs/reports/070640552464/ap-south-1/verification.json
2026-08-05 11:57:00 INFO     main: [070640552464/ap-south-1] verification=FAIL discovered=6 deleted=0 remaining=6
2026-08-05 11:57:00 INFO     main: ======================================================================
2026-08-05 11:57:00 INFO     main: Combined summary written to logs/reports/cleanup_report_summary.json
2026-08-05 11:57:00 INFO     main: Overall result across all regions/accounts: FAIL
2026-08-05 11:57:00 INFO     main: ======================================================================
2026-08-05 12:24:25 INFO     main: ======================================================================
2026-08-05 12:24:25 INFO     main: AWS Sandbox Cleanup Engine
2026-08-05 12:24:25 INFO     main: Regions: ap-south-1 | Dry run: True
2026-08-05 12:24:25 INFO     main: Cross-account targets: 070640552464 via OrganizationAccountAccessRole
2026-08-05 12:24:25 INFO     main: ======================================================================
2026-08-05 12:24:25 INFO     main: --- Account 070640552464 / role OrganizationAccountAccessRole / region ap-south-1 ---
2026-08-05 12:24:25 INFO     botocore.credentials: Found credentials in shared credentials file: ~/.aws/credentials
2026-08-05 12:24:27 INFO     orchestrator: Starting cleanup run for account 070640552464 in ap-south-1
2026-08-05 12:24:27 INFO     orchestrator: Discovered 16 service plugins: apigateway, application_autoscaling, autoscaling, cloudformation, ec2, ecr, ecs, eks, elasticbeanstalk, elb, eventbridge, iam, kms, lambda, rds, s3
2026-08-05 12:24:27 INFO     services.cloudformation: [DISCOVER]  Scanning CloudFormation stacks ...
2026-08-05 12:24:27 INFO     services.ec2: [DISCOVER]  Scanning EC2 instances, volumes, snapshots, and networking resources ...
2026-08-05 12:24:27 INFO     services.ecs: [DISCOVER]  Scanning ECS clusters, services, tasks, container instances, and task definitions ...
2026-08-05 12:24:27 INFO     services.iam: [DISCOVER]  Scanning IAM roles, policies, instance profiles, users, and groups ...
2026-08-05 12:24:27 INFO     services.eventbridge: [DISCOVER]  Scanning EventBridge buses, rules, archives, and schema registries ...
2026-08-05 12:24:27 INFO     services.s3: [DISCOVER]  Scanning S3 buckets ...
2026-08-05 12:24:27 INFO     services.rds: [DISCOVER]  Scanning RDS clusters and instances ...
2026-08-05 12:24:27 ERROR    orchestrator: [ERROR]     Inventory scan for 'eks' raised: Service 'eks' is a placeholder and has not been implemented yet.
2026-08-05 12:24:27 ERROR    orchestrator: [ERROR]     Inventory scan for 'elb' raised: Service 'elb' is a placeholder and has not been implemented yet.
2026-08-05 12:24:27 ERROR    orchestrator: [ERROR]     Inventory scan for 'application_autoscaling' raised: Service 'application_autoscaling' is a placeholder and has not been implemented yet.
2026-08-05 12:24:27 ERROR    orchestrator: [ERROR]     Inventory scan for 'elasticbeanstalk' raised: Service 'elasticbeanstalk' is a placeholder and has not been implemented yet.
2026-08-05 12:24:27 ERROR    orchestrator: [ERROR]     Inventory scan for 'autoscaling' raised: Service 'autoscaling' is a placeholder and has not been implemented yet.
2026-08-05 12:24:27 ERROR    orchestrator: [ERROR]     Inventory scan for 'kms' raised: Service 'kms' is a placeholder and has not been implemented yet.
2026-08-05 12:24:27 ERROR    orchestrator: [ERROR]     Inventory scan for 'ecr' raised: Service 'ecr' is a placeholder and has not been implemented yet.
2026-08-05 12:24:27 ERROR    orchestrator: [ERROR]     Inventory scan for 'lambda' raised: Service 'lambda' is a placeholder and has not been implemented yet.
2026-08-05 12:24:27 ERROR    orchestrator: [ERROR]     Inventory scan for 'apigateway' raised: Service 'apigateway' is a placeholder and has not been implemented yet.
2026-08-05 12:24:27 INFO     services.cloudformation: [DISCOVER]  Found 0 stacks
2026-08-05 12:24:27 INFO     services.s3: [DISCOVER]  Found 0 buckets
2026-08-05 12:24:27 INFO     services.ecs: [DISCOVER]  Found 0 clusters, 0 services, 0 standalone tasks, 0 container instances, 0 active task definitions
2026-08-05 12:24:28 INFO     services.eventbridge: [DISCOVER]  Found 0 custom event buses, 0 rules, 0 archives, 0 custom schema registries, 0 schemas
2026-08-05 12:24:28 INFO     services.rds: [DISCOVER]  Found 1 DB clusters and 2 DB instances
2026-08-05 12:24:29 INFO     services.ec2: [DISCOVER]  Found 0 instances, 0 volumes, 0 snapshots, 0 networking resources
2026-08-05 12:24:31 INFO     services.iam: [DISCOVER]  Protecting currently-assumed role 'OrganizationAccountAccessRole' from deletion
2026-08-05 12:24:31 INFO     services.iam: [DISCOVER]  Found 0 deletable roles, 2 customer-managed policies, 0 instance profiles, 1 users, 0 groups
2026-08-05 12:24:41 INFO     main: ======================================================================
2026-08-05 12:24:41 INFO     main: AWS Sandbox Cleanup Engine
2026-08-05 12:24:41 INFO     main: Regions: ap-south-1 | Dry run: False
2026-08-05 12:24:41 INFO     main: Cross-account targets: 070640552464 via OrganizationAccountAccessRole
2026-08-05 12:24:41 INFO     main: ======================================================================
2026-08-05 12:24:46 INFO     main: --- Account 070640552464 / role OrganizationAccountAccessRole / region ap-south-1 ---
2026-08-05 12:24:46 INFO     botocore.credentials: Found credentials in shared credentials file: ~/.aws/credentials
2026-08-05 12:24:47 INFO     orchestrator: Starting cleanup run for account 070640552464 in ap-south-1
2026-08-05 12:24:47 INFO     orchestrator: Discovered 16 service plugins: apigateway, application_autoscaling, autoscaling, cloudformation, ec2, ecr, ecs, eks, elasticbeanstalk, elb, eventbridge, iam, kms, lambda, rds, s3
2026-08-05 12:24:47 INFO     services.ec2: [DISCOVER]  Scanning EC2 instances, volumes, snapshots, and networking resources ...
2026-08-05 12:24:47 INFO     services.cloudformation: [DISCOVER]  Scanning CloudFormation stacks ...
2026-08-05 12:24:47 INFO     services.ecs: [DISCOVER]  Scanning ECS clusters, services, tasks, container instances, and task definitions ...
2026-08-05 12:24:47 INFO     services.eventbridge: [DISCOVER]  Scanning EventBridge buses, rules, archives, and schema registries ...
2026-08-05 12:24:47 INFO     services.iam: [DISCOVER]  Scanning IAM roles, policies, instance profiles, users, and groups ...
2026-08-05 12:24:47 INFO     services.rds: [DISCOVER]  Scanning RDS clusters and instances ...
2026-08-05 12:24:47 ERROR    orchestrator: [ERROR]     Inventory scan for 'ecr' raised: Service 'ecr' is a placeholder and has not been implemented yet.
2026-08-05 12:24:47 INFO     services.s3: [DISCOVER]  Scanning S3 buckets ...
2026-08-05 12:24:47 ERROR    orchestrator: [ERROR]     Inventory scan for 'lambda' raised: Service 'lambda' is a placeholder and has not been implemented yet.
2026-08-05 12:24:47 ERROR    orchestrator: [ERROR]     Inventory scan for 'application_autoscaling' raised: Service 'application_autoscaling' is a placeholder and has not been implemented yet.
2026-08-05 12:24:47 ERROR    orchestrator: [ERROR]     Inventory scan for 'autoscaling' raised: Service 'autoscaling' is a placeholder and has not been implemented yet.
2026-08-05 12:24:47 ERROR    orchestrator: [ERROR]     Inventory scan for 'eks' raised: Service 'eks' is a placeholder and has not been implemented yet.
2026-08-05 12:24:47 ERROR    orchestrator: [ERROR]     Inventory scan for 'kms' raised: Service 'kms' is a placeholder and has not been implemented yet.
2026-08-05 12:24:47 ERROR    orchestrator: [ERROR]     Inventory scan for 'apigateway' raised: Service 'apigateway' is a placeholder and has not been implemented yet.
2026-08-05 12:24:47 ERROR    orchestrator: [ERROR]     Inventory scan for 'elb' raised: Service 'elb' is a placeholder and has not been implemented yet.
2026-08-05 12:24:47 ERROR    orchestrator: [ERROR]     Inventory scan for 'elasticbeanstalk' raised: Service 'elasticbeanstalk' is a placeholder and has not been implemented yet.
2026-08-05 12:24:48 INFO     services.cloudformation: [DISCOVER]  Found 0 stacks
2026-08-05 12:24:48 INFO     services.s3: [DISCOVER]  Found 0 buckets
2026-08-05 12:24:48 INFO     services.ecs: [DISCOVER]  Found 0 clusters, 0 services, 0 standalone tasks, 0 container instances, 0 active task definitions
2026-08-05 12:24:49 INFO     services.rds: [DISCOVER]  Found 1 DB clusters and 2 DB instances
2026-08-05 12:24:49 INFO     services.ec2: [DISCOVER]  Found 0 instances, 0 volumes, 0 snapshots, 0 networking resources
2026-08-05 12:24:50 INFO     services.eventbridge: [DISCOVER]  Found 0 custom event buses, 0 rules, 0 archives, 0 custom schema registries, 0 schemas
2026-08-05 12:24:52 INFO     services.iam: [DISCOVER]  Protecting currently-assumed role 'OrganizationAccountAccessRole' from deletion
2026-08-05 12:24:52 INFO     services.iam: [DISCOVER]  Found 0 deletable roles, 2 customer-managed policies, 0 instance profiles, 1 users, 0 groups
2026-08-05 12:24:52 INFO     orchestrator: Inventory written to logs/reports/070640552464/ap-south-1/inventory.json
2026-08-05 12:24:52 WARNING  orchestrator: [WARN]      Skipping cleanup for 'apigateway' because discovery failed: Service 'apigateway' is a placeholder and has not been implemented yet.
2026-08-05 12:24:52 WARNING  orchestrator: [WARN]      Skipping cleanup for 'application_autoscaling' because discovery failed: Service 'application_autoscaling' is a placeholder and has not been implemented yet.
2026-08-05 12:24:52 WARNING  orchestrator: [WARN]      Skipping cleanup for 'autoscaling' because discovery failed: Service 'autoscaling' is a placeholder and has not been implemented yet.
2026-08-05 12:24:52 INFO     orchestrator: Cleaning up service: cloudformation
2026-08-05 12:24:52 INFO     services.cloudformation: [CLEANUP]   No CloudFormation stacks to delete
2026-08-05 12:24:52 INFO     orchestrator: Cleaning up service: ec2
2026-08-05 12:24:52 INFO     services.ec2: [CLEANUP]   No EC2 resources to delete
2026-08-05 12:24:52 WARNING  orchestrator: [WARN]      Skipping cleanup for 'ecr' because discovery failed: Service 'ecr' is a placeholder and has not been implemented yet.
2026-08-05 12:24:52 INFO     orchestrator: Cleaning up service: ecs
2026-08-05 12:24:52 INFO     services.ecs: [CLEANUP]   No ECS resources to delete
2026-08-05 12:24:52 WARNING  orchestrator: [WARN]      Skipping cleanup for 'eks' because discovery failed: Service 'eks' is a placeholder and has not been implemented yet.
2026-08-05 12:24:52 WARNING  orchestrator: [WARN]      Skipping cleanup for 'elasticbeanstalk' because discovery failed: Service 'elasticbeanstalk' is a placeholder and has not been implemented yet.
2026-08-05 12:24:52 WARNING  orchestrator: [WARN]      Skipping cleanup for 'elb' because discovery failed: Service 'elb' is a placeholder and has not been implemented yet.
2026-08-05 12:24:52 INFO     orchestrator: Cleaning up service: eventbridge
2026-08-05 12:24:52 INFO     services.eventbridge: [CLEANUP]   No EventBridge resources to delete
2026-08-05 12:24:52 INFO     orchestrator: Cleaning up service: iam
2026-08-05 12:24:52 INFO     services.iam: [CLEANUP]   Skipping IAM resource DefaultIamPolicy: protected_resource_arn
2026-08-05 12:24:52 INFO     services.iam: [CLEANUP]   Skipping IAM resource CoderCreatedIdentityBoundary: protected_resource_arn
2026-08-05 12:24:57 INFO     services.iam: [CLEANUP]   Deleted user Coder
2026-08-05 12:24:57 WARNING  orchestrator: [WARN]      Skipping cleanup for 'kms' because discovery failed: Service 'kms' is a placeholder and has not been implemented yet.
2026-08-05 12:24:57 WARNING  orchestrator: [WARN]      Skipping cleanup for 'lambda' because discovery failed: Service 'lambda' is a placeholder and has not been implemented yet.
2026-08-05 12:24:57 INFO     orchestrator: Cleaning up service: rds
2026-08-05 12:24:57 INFO     services.rds: [CLEANUP]   Disabled deletion protection on instance database-1
2026-08-05 12:24:58 INFO     services.rds: [CLEANUP]   Deleted DB instance database-1
2026-08-05 12:24:58 INFO     services.rds: [WAIT]      Waiting for DB instance deletion: database-1
2026-08-05 12:24:58 INFO     services.rds: [WAIT]      RDS instance 'database-1' deletion ... (0s elapsed)
2026-08-05 12:24:58 INFO     services.rds: [CLEANUP]   Deleted DB instance database-2-instance-1
2026-08-05 12:24:58 INFO     services.rds: [WAIT]      Waiting for DB instance deletion: database-2-instance-1
2026-08-05 12:24:58 INFO     services.rds: [WAIT]      RDS instance 'database-2-instance-1' deletion ... (0s elapsed)
2026-08-05 12:25:13 INFO     services.rds: [WAIT]      RDS instance 'database-1' deletion ... (15s elapsed)
2026-08-05 12:25:13 INFO     services.rds: [WAIT]      RDS instance 'database-2-instance-1' deletion ... (15s elapsed)
2026-08-05 12:25:29 INFO     services.rds: [WAIT]      RDS instance 'database-1' deletion ... (30s elapsed)
2026-08-05 12:25:29 INFO     services.rds: [WAIT]      RDS instance 'database-2-instance-1' deletion ... (30s elapsed)
2026-08-05 12:25:44 INFO     services.rds: [WAIT]      RDS instance 'database-2-instance-1' deletion ... (46s elapsed)
2026-08-05 12:25:44 INFO     services.rds: [WAIT]      RDS instance 'database-1' deletion ... (46s elapsed)
2026-08-05 12:25:59 INFO     services.rds: [WAIT]      RDS instance 'database-2-instance-1' deletion ... (61s elapsed)
2026-08-05 12:26:00 INFO     services.rds: [WAIT]      RDS instance 'database-1' deletion ... (61s elapsed)
2026-08-05 12:26:15 INFO     services.rds: [WAIT]      RDS instance 'database-2-instance-1' deletion ... (76s elapsed)
2026-08-05 12:26:15 INFO     services.rds: [WAIT]      RDS instance 'database-1' deletion ... (77s elapsed)
2026-08-05 12:26:30 INFO     services.rds: [WAIT]      RDS instance 'database-2-instance-1' deletion ... (92s elapsed)
2026-08-05 12:26:30 INFO     services.rds: [WAIT]      RDS instance 'database-1' deletion ... (92s elapsed)
2026-08-05 12:26:45 INFO     services.rds: [WAIT]      RDS instance 'database-2-instance-1' deletion ... (107s elapsed)
2026-08-05 12:26:45 INFO     services.rds: [WAIT]      RDS instance 'database-1' deletion ... (107s elapsed)
2026-08-05 12:27:00 INFO     services.rds: [WAIT]      RDS instance 'database-2-instance-1' deletion ... (122s elapsed)
2026-08-05 12:27:01 INFO     services.rds: [WAIT]      RDS instance 'database-1' deletion ... (123s elapsed)
2026-08-05 12:27:17 INFO     services.rds: [WAIT]      RDS instance 'database-2-instance-1' deletion ... (138s elapsed)
2026-08-05 12:27:17 INFO     services.rds: [WAIT]      RDS instance 'database-1' deletion ... (139s elapsed)
2026-08-05 12:27:32 INFO     services.rds: [WAIT]      RDS instance 'database-2-instance-1' deletion ... (153s elapsed)
2026-08-05 12:27:32 INFO     services.rds: [WAIT]      RDS instance 'database-1' deletion ... (154s elapsed)
2026-08-05 12:27:48 INFO     services.rds: [WAIT]      RDS instance 'database-2-instance-1' deletion ... (170s elapsed)
2026-08-05 12:27:48 INFO     services.rds: [WAIT]      RDS instance 'database-1' deletion ... (170s elapsed)
2026-08-05 12:28:04 INFO     services.rds: [WAIT]      RDS instance 'database-2-instance-1' deletion ... (186s elapsed)
2026-08-05 12:28:04 INFO     services.rds: [WAIT]      RDS instance 'database-1' deletion ... (186s elapsed)
2026-08-05 12:28:20 INFO     services.rds: [WAIT]      RDS instance 'database-2-instance-1' deletion ... (202s elapsed)
2026-08-05 12:28:20 INFO     services.rds: [WAIT]      RDS instance 'database-1' deletion ... (202s elapsed)
2026-08-05 12:28:35 INFO     services.rds: [WAIT]      RDS instance 'database-1' deletion ... (217s elapsed)
2026-08-05 12:28:35 INFO     services.rds: [WAIT]      RDS instance 'database-2-instance-1' deletion ... (217s elapsed)
2026-08-05 12:28:50 INFO     services.rds: [WAIT]      RDS instance 'database-1' deletion ... (232s elapsed)
2026-08-05 12:28:50 INFO     services.rds: [WAIT]      RDS instance 'database-2-instance-1' deletion ... (232s elapsed)
2026-08-05 12:29:06 INFO     services.rds: [WAIT]      RDS instance 'database-2-instance-1' deletion ... (248s elapsed)
2026-08-05 12:29:06 INFO     services.rds: [WAIT]      RDS instance 'database-1' deletion ... (248s elapsed)
2026-08-05 12:29:22 INFO     services.rds: [WAIT]      RDS instance 'database-1' deletion ... (264s elapsed)
2026-08-05 12:29:22 INFO     services.rds: [WAIT]      RDS instance 'database-2-instance-1' deletion ... (263s elapsed)
2026-08-05 12:29:37 INFO     services.rds: [WAIT]      RDS instance 'database-1' deletion ... (279s elapsed)
2026-08-05 12:29:37 INFO     services.rds: [WAIT]      RDS instance 'database-2-instance-1' deletion ... (279s elapsed)
2026-08-05 12:29:52 INFO     services.rds: [WAIT]      RDS instance 'database-1' deletion ... (294s elapsed)
2026-08-05 12:29:52 INFO     services.rds: [WAIT]      RDS instance 'database-2-instance-1' deletion ... (294s elapsed)
2026-08-05 12:30:07 INFO     services.rds: [WAIT]      RDS instance 'database-2-instance-1' deletion ... (309s elapsed)
2026-08-05 12:30:23 INFO     services.rds: [WAIT]      RDS instance 'database-2-instance-1' deletion ... (324s elapsed)
2026-08-05 12:30:38 INFO     services.rds: [WAIT]      RDS instance 'database-2-instance-1' deletion ... (340s elapsed)
2026-08-05 12:30:53 INFO     services.rds: [WAIT]      RDS instance 'database-2-instance-1' deletion ... (355s elapsed)
2026-08-05 12:31:08 INFO     services.rds: [WAIT]      RDS instance 'database-2-instance-1' deletion ... (370s elapsed)
2026-08-05 12:31:24 INFO     services.rds: [WAIT]      RDS instance 'database-2-instance-1' deletion ... (385s elapsed)
2026-08-05 12:31:39 INFO     services.rds: [WAIT]      RDS instance 'database-2-instance-1' deletion ... (401s elapsed)
2026-08-05 12:31:54 INFO     services.rds: [WAIT]      RDS instance 'database-2-instance-1' deletion ... (416s elapsed)
2026-08-05 12:32:10 INFO     services.rds: [WAIT]      RDS instance 'database-2-instance-1' deletion ... (431s elapsed)
2026-08-05 12:32:25 INFO     services.rds: [WAIT]      RDS instance 'database-2-instance-1' deletion ... (447s elapsed)
2026-08-05 12:32:40 INFO     services.rds: [WAIT]      RDS instance 'database-2-instance-1' deletion ... (462s elapsed)
2026-08-05 12:32:56 INFO     services.rds: [WAIT]      RDS instance 'database-2-instance-1' deletion ... (477s elapsed)
2026-08-05 12:33:11 INFO     services.rds: [WAIT]      RDS instance 'database-2-instance-1' deletion ... (493s elapsed)
2026-08-05 12:33:27 INFO     services.rds: [WAIT]      RDS instance 'database-2-instance-1' deletion ... (509s elapsed)
2026-08-05 12:33:42 INFO     services.rds: [WAIT]      RDS instance 'database-2-instance-1' deletion ... (524s elapsed)
2026-08-05 12:33:58 INFO     services.rds: [WAIT]      RDS instance 'database-2-instance-1' deletion ... (539s elapsed)
2026-08-05 12:34:13 INFO     services.rds: [WAIT]      RDS instance 'database-2-instance-1' deletion ... (555s elapsed)
2026-08-05 12:34:28 INFO     services.rds: [WAIT]      RDS instance 'database-2-instance-1' deletion ... (570s elapsed)
2026-08-05 12:34:44 INFO     services.rds: [WAIT]      RDS instance 'database-2-instance-1' deletion ... (585s elapsed)
2026-08-05 12:34:59 INFO     services.rds: [WAIT]      RDS instance 'database-2-instance-1' deletion ... (600s elapsed)
2026-08-05 12:35:14 INFO     services.rds: [WAIT]      RDS instance 'database-2-instance-1' deletion ... (616s elapsed)
2026-08-05 12:35:44 INFO     services.rds: [WAIT]      RDS instance 'database-2-instance-1' deletion ... (646s elapsed)
2026-08-05 12:35:59 INFO     services.rds: [WAIT]      RDS instance 'database-2-instance-1' deletion ... (661s elapsed)
2026-08-05 12:36:14 INFO     services.rds: [WAIT]      RDS instance 'database-2-instance-1' deletion ... (676s elapsed)
2026-08-05 12:36:30 INFO     services.rds: [WAIT]      RDS instance 'database-2-instance-1' deletion ... (691s elapsed)
2026-08-05 12:36:45 INFO     services.rds: [WAIT]      RDS instance 'database-2-instance-1' deletion ... (707s elapsed)
2026-08-05 12:37:00 INFO     services.rds: [WAIT]      RDS instance 'database-2-instance-1' deletion ... (722s elapsed)
2026-08-05 12:37:16 INFO     services.rds: [CLEANUP]   Deleted DB cluster database-2
2026-08-05 12:37:16 INFO     services.rds: [WAIT]      Waiting for DB cluster deletion: database-2
2026-08-05 12:37:16 INFO     services.rds: [WAIT]      RDS cluster 'database-2' deletion ... (0s elapsed)
2026-08-05 12:37:31 INFO     services.rds: [WAIT]      RDS cluster 'database-2' deletion ... (15s elapsed)
2026-08-05 12:37:47 INFO     services.rds: [WAIT]      RDS cluster 'database-2' deletion ... (31s elapsed)
2026-08-05 12:38:02 INFO     orchestrator: Cleaning up service: s3
2026-08-05 12:38:02 INFO     services.s3: [CLEANUP]   No S3 buckets to delete
2026-08-05 12:38:02 INFO     services.ec2: [VERIFY]    Verifying EC2 is clean ...
2026-08-05 12:38:02 INFO     services.ecs: [VERIFY]    Verifying ECS is clean ...
2026-08-05 12:38:02 INFO     services.eventbridge: [VERIFY]    Verifying EventBridge is clean ...
2026-08-05 12:38:02 INFO     services.iam: [VERIFY]    Verifying IAM is clean ...
2026-08-05 12:38:02 INFO     services.cloudformation: [VERIFY]    Verifying CloudFormation is clean ...
2026-08-05 12:38:02 ERROR    orchestrator: [ERROR]     Verification for 'autoscaling' raised: Service 'autoscaling' is a placeholder and has not been implemented yet.
2026-08-05 12:38:02 ERROR    orchestrator: [ERROR]     Verification for 'ecr' raised: Service 'ecr' is a placeholder and has not been implemented yet.
2026-08-05 12:38:02 INFO     services.s3: [VERIFY]    Verifying S3 is clean ...
2026-08-05 12:38:02 INFO     services.rds: [VERIFY]    Verifying RDS is clean ...
2026-08-05 12:38:02 ERROR    orchestrator: [ERROR]     Verification for 'lambda' raised: Service 'lambda' is a placeholder and has not been implemented yet.
2026-08-05 12:38:02 ERROR    orchestrator: [ERROR]     Verification for 'kms' raised: Service 'kms' is a placeholder and has not been implemented yet.
2026-08-05 12:38:02 ERROR    orchestrator: [ERROR]     Verification for 'elb' raised: Service 'elb' is a placeholder and has not been implemented yet.
2026-08-05 12:38:02 ERROR    orchestrator: [ERROR]     Verification for 'apigateway' raised: Service 'apigateway' is a placeholder and has not been implemented yet.
2026-08-05 12:38:02 ERROR    orchestrator: [ERROR]     Verification for 'elasticbeanstalk' raised: Service 'elasticbeanstalk' is a placeholder and has not been implemented yet.
2026-08-05 12:38:02 ERROR    orchestrator: [ERROR]     Verification for 'eks' raised: Service 'eks' is a placeholder and has not been implemented yet.
2026-08-05 12:38:02 ERROR    orchestrator: [ERROR]     Verification for 'application_autoscaling' raised: Service 'application_autoscaling' is a placeholder and has not been implemented yet.
2026-08-05 12:38:02 INFO     services.rds: [VERIFY]    RDS clean
2026-08-05 12:38:03 INFO     services.cloudformation: [VERIFY]    CloudFormation clean
2026-08-05 12:38:03 INFO     services.ecs: [VERIFY]    ECS clean
2026-08-05 12:38:03 INFO     services.s3: [VERIFY]    S3 clean
2026-08-05 12:38:03 INFO     services.eventbridge: [VERIFY]    EventBridge clean
2026-08-05 12:38:04 INFO     services.ec2: [VERIFY]    EC2 clean
2026-08-05 12:38:06 INFO     services.iam: [VERIFY]    IAM FAIL - 2 resources remain
2026-08-05 12:38:06 INFO     orchestrator: [VERIFY]    Verification pass 1/5 found remaining resources in ['autoscaling', 'ecr', 'lambda', 'kms', 'elb', 'apigateway', 'elasticbeanstalk', 'eks', 'application_autoscaling', 'iam']; retrying in 15s
2026-08-05 12:38:21 INFO     services.ec2: [VERIFY]    Verifying EC2 is clean ...
2026-08-05 12:38:21 INFO     services.cloudformation: [VERIFY]    Verifying CloudFormation is clean ...
2026-08-05 12:38:21 INFO     services.ecs: [VERIFY]    Verifying ECS is clean ...
2026-08-05 12:38:21 INFO     services.rds: [VERIFY]    Verifying RDS is clean ...
2026-08-05 12:38:21 INFO     services.eventbridge: [VERIFY]    Verifying EventBridge is clean ...
2026-08-05 12:38:21 INFO     services.iam: [VERIFY]    Verifying IAM is clean ...
2026-08-05 12:38:21 INFO     services.s3: [VERIFY]    Verifying S3 is clean ...
2026-08-05 12:38:21 ERROR    orchestrator: [ERROR]     Verification for 'eks' raised: Service 'eks' is a placeholder and has not been implemented yet.
2026-08-05 12:38:21 ERROR    orchestrator: [ERROR]     Verification for 'elb' raised: Service 'elb' is a placeholder and has not been implemented yet.
2026-08-05 12:38:21 ERROR    orchestrator: [ERROR]     Verification for 'autoscaling' raised: Service 'autoscaling' is a placeholder and has not been implemented yet.
2026-08-05 12:38:21 ERROR    orchestrator: [ERROR]     Verification for 'apigateway' raised: Service 'apigateway' is a placeholder and has not been implemented yet.
2026-08-05 12:38:21 ERROR    orchestrator: [ERROR]     Verification for 'ecr' raised: Service 'ecr' is a placeholder and has not been implemented yet.
2026-08-05 12:38:21 ERROR    orchestrator: [ERROR]     Verification for 'kms' raised: Service 'kms' is a placeholder and has not been implemented yet.
2026-08-05 12:38:21 ERROR    orchestrator: [ERROR]     Verification for 'elasticbeanstalk' raised: Service 'elasticbeanstalk' is a placeholder and has not been implemented yet.
2026-08-05 12:38:21 ERROR    orchestrator: [ERROR]     Verification for 'application_autoscaling' raised: Service 'application_autoscaling' is a placeholder and has not been implemented yet.
2026-08-05 12:38:21 ERROR    orchestrator: [ERROR]     Verification for 'lambda' raised: Service 'lambda' is a placeholder and has not been implemented yet.
2026-08-05 12:38:22 INFO     services.cloudformation: [VERIFY]    CloudFormation clean
2026-08-05 12:38:22 INFO     services.rds: [VERIFY]    RDS clean
2026-08-05 12:38:22 INFO     services.s3: [VERIFY]    S3 clean
2026-08-05 12:38:22 INFO     services.ecs: [VERIFY]    ECS clean
2026-08-05 12:38:22 INFO     services.eventbridge: [VERIFY]    EventBridge clean
2026-08-05 12:38:23 INFO     services.ec2: [VERIFY]    EC2 clean
2026-08-05 12:38:25 INFO     services.iam: [VERIFY]    IAM FAIL - 2 resources remain
2026-08-05 12:38:25 INFO     orchestrator: [VERIFY]    Verification pass 2/5 found remaining resources in ['eks', 'elb', 'autoscaling', 'apigateway', 'ecr', 'kms', 'elasticbeanstalk', 'application_autoscaling', 'lambda', 'iam']; retrying in 15s
2026-08-05 12:38:40 INFO     services.ec2: [VERIFY]    Verifying EC2 is clean ...
2026-08-05 12:38:40 INFO     services.cloudformation: [VERIFY]    Verifying CloudFormation is clean ...
2026-08-05 12:38:40 INFO     services.ecs: [VERIFY]    Verifying ECS is clean ...
2026-08-05 12:38:40 INFO     services.iam: [VERIFY]    Verifying IAM is clean ...
2026-08-05 12:38:40 INFO     services.eventbridge: [VERIFY]    Verifying EventBridge is clean ...
2026-08-05 12:38:40 INFO     services.rds: [VERIFY]    Verifying RDS is clean ...
2026-08-05 12:38:40 INFO     services.s3: [VERIFY]    Verifying S3 is clean ...
2026-08-05 12:38:40 ERROR    orchestrator: [ERROR]     Verification for 'kms' raised: Service 'kms' is a placeholder and has not been implemented yet.
2026-08-05 12:38:40 ERROR    orchestrator: [ERROR]     Verification for 'autoscaling' raised: Service 'autoscaling' is a placeholder and has not been implemented yet.
2026-08-05 12:38:40 ERROR    orchestrator: [ERROR]     Verification for 'application_autoscaling' raised: Service 'application_autoscaling' is a placeholder and has not been implemented yet.
2026-08-05 12:38:40 ERROR    orchestrator: [ERROR]     Verification for 'lambda' raised: Service 'lambda' is a placeholder and has not been implemented yet.
2026-08-05 12:38:40 ERROR    orchestrator: [ERROR]     Verification for 'eks' raised: Service 'eks' is a placeholder and has not been implemented yet.
2026-08-05 12:38:40 ERROR    orchestrator: [ERROR]     Verification for 'ecr' raised: Service 'ecr' is a placeholder and has not been implemented yet.
2026-08-05 12:38:40 ERROR    orchestrator: [ERROR]     Verification for 'elasticbeanstalk' raised: Service 'elasticbeanstalk' is a placeholder and has not been implemented yet.
2026-08-05 12:38:40 ERROR    orchestrator: [ERROR]     Verification for 'apigateway' raised: Service 'apigateway' is a placeholder and has not been implemented yet.
2026-08-05 12:38:40 ERROR    orchestrator: [ERROR]     Verification for 'elb' raised: Service 'elb' is a placeholder and has not been implemented yet.
2026-08-05 12:38:41 INFO     services.cloudformation: [VERIFY]    CloudFormation clean
2026-08-05 12:38:41 INFO     services.rds: [VERIFY]    RDS clean
2026-08-05 12:38:41 INFO     services.s3: [VERIFY]    S3 clean
2026-08-05 12:38:41 INFO     services.ecs: [VERIFY]    ECS clean
2026-08-05 12:38:41 INFO     services.eventbridge: [VERIFY]    EventBridge clean
2026-08-05 12:38:42 INFO     services.ec2: [VERIFY]    EC2 clean
2026-08-05 12:38:44 INFO     services.iam: [VERIFY]    IAM FAIL - 2 resources remain
2026-08-05 12:38:44 INFO     orchestrator: [VERIFY]    Verification pass 3/5 found remaining resources in ['kms', 'autoscaling', 'application_autoscaling', 'lambda', 'eks', 'ecr', 'elasticbeanstalk', 'apigateway', 'elb', 'iam']; retrying in 15s
2026-08-05 12:38:59 INFO     services.ec2: [VERIFY]    Verifying EC2 is clean ...
2026-08-05 12:38:59 INFO     services.ecs: [VERIFY]    Verifying ECS is clean ...
2026-08-05 12:38:59 INFO     services.eventbridge: [VERIFY]    Verifying EventBridge is clean ...
2026-08-05 12:38:59 INFO     services.rds: [VERIFY]    Verifying RDS is clean ...
2026-08-05 12:38:59 INFO     services.cloudformation: [VERIFY]    Verifying CloudFormation is clean ...
2026-08-05 12:38:59 ERROR    orchestrator: [ERROR]     Verification for 'eks' raised: Service 'eks' is a placeholder and has not been implemented yet.
2026-08-05 12:38:59 INFO     services.iam: [VERIFY]    Verifying IAM is clean ...
2026-08-05 12:38:59 INFO     services.s3: [VERIFY]    Verifying S3 is clean ...
2026-08-05 12:38:59 ERROR    orchestrator: [ERROR]     Verification for 'elb' raised: Service 'elb' is a placeholder and has not been implemented yet.
2026-08-05 12:38:59 ERROR    orchestrator: [ERROR]     Verification for 'apigateway' raised: Service 'apigateway' is a placeholder and has not been implemented yet.
2026-08-05 12:38:59 ERROR    orchestrator: [ERROR]     Verification for 'ecr' raised: Service 'ecr' is a placeholder and has not been implemented yet.
2026-08-05 12:38:59 ERROR    orchestrator: [ERROR]     Verification for 'autoscaling' raised: Service 'autoscaling' is a placeholder and has not been implemented yet.
2026-08-05 12:38:59 ERROR    orchestrator: [ERROR]     Verification for 'lambda' raised: Service 'lambda' is a placeholder and has not been implemented yet.
2026-08-05 12:38:59 ERROR    orchestrator: [ERROR]     Verification for 'application_autoscaling' raised: Service 'application_autoscaling' is a placeholder and has not been implemented yet.
2026-08-05 12:38:59 ERROR    orchestrator: [ERROR]     Verification for 'elasticbeanstalk' raised: Service 'elasticbeanstalk' is a placeholder and has not been implemented yet.
2026-08-05 12:38:59 ERROR    orchestrator: [ERROR]     Verification for 'kms' raised: Service 'kms' is a placeholder and has not been implemented yet.
2026-08-05 12:38:59 INFO     services.rds: [VERIFY]    RDS clean
2026-08-05 12:38:59 INFO     services.cloudformation: [VERIFY]    CloudFormation clean
2026-08-05 12:38:59 INFO     services.s3: [VERIFY]    S3 clean
2026-08-05 12:39:00 INFO     services.eventbridge: [VERIFY]    EventBridge clean
2026-08-05 12:39:00 INFO     services.ec2: [VERIFY]    EC2 clean
2026-08-05 12:39:00 INFO     services.ecs: [VERIFY]    ECS clean
2026-08-05 12:39:02 INFO     services.iam: [VERIFY]    IAM FAIL - 2 resources remain
2026-08-05 12:39:02 INFO     orchestrator: [VERIFY]    Verification pass 4/5 found remaining resources in ['eks', 'elb', 'apigateway', 'ecr', 'autoscaling', 'lambda', 'application_autoscaling', 'elasticbeanstalk', 'kms', 'iam']; retrying in 15s
2026-08-05 12:39:17 INFO     services.ec2: [VERIFY]    Verifying EC2 is clean ...
2026-08-05 12:39:17 INFO     services.ecs: [VERIFY]    Verifying ECS is clean ...
2026-08-05 12:39:17 INFO     services.cloudformation: [VERIFY]    Verifying CloudFormation is clean ...
2026-08-05 12:39:17 INFO     services.eventbridge: [VERIFY]    Verifying EventBridge is clean ...
2026-08-05 12:39:17 INFO     services.iam: [VERIFY]    Verifying IAM is clean ...
2026-08-05 12:39:17 INFO     services.rds: [VERIFY]    Verifying RDS is clean ...
2026-08-05 12:39:17 ERROR    orchestrator: [ERROR]     Verification for 'kms' raised: Service 'kms' is a placeholder and has not been implemented yet.
2026-08-05 12:39:17 INFO     services.s3: [VERIFY]    Verifying S3 is clean ...
2026-08-05 12:39:17 ERROR    orchestrator: [ERROR]     Verification for 'application_autoscaling' raised: Service 'application_autoscaling' is a placeholder and has not been implemented yet.
2026-08-05 12:39:17 ERROR    orchestrator: [ERROR]     Verification for 'elb' raised: Service 'elb' is a placeholder and has not been implemented yet.
2026-08-05 12:39:17 ERROR    orchestrator: [ERROR]     Verification for 'eks' raised: Service 'eks' is a placeholder and has not been implemented yet.
2026-08-05 12:39:17 ERROR    orchestrator: [ERROR]     Verification for 'elasticbeanstalk' raised: Service 'elasticbeanstalk' is a placeholder and has not been implemented yet.
2026-08-05 12:39:17 ERROR    orchestrator: [ERROR]     Verification for 'autoscaling' raised: Service 'autoscaling' is a placeholder and has not been implemented yet.
2026-08-05 12:39:17 ERROR    orchestrator: [ERROR]     Verification for 'ecr' raised: Service 'ecr' is a placeholder and has not been implemented yet.
2026-08-05 12:39:17 ERROR    orchestrator: [ERROR]     Verification for 'apigateway' raised: Service 'apigateway' is a placeholder and has not been implemented yet.
2026-08-05 12:39:17 ERROR    orchestrator: [ERROR]     Verification for 'lambda' raised: Service 'lambda' is a placeholder and has not been implemented yet.
2026-08-05 12:39:18 INFO     services.rds: [VERIFY]    RDS clean
2026-08-05 12:39:18 INFO     services.cloudformation: [VERIFY]    CloudFormation clean
2026-08-05 12:39:18 INFO     services.s3: [VERIFY]    S3 clean
2026-08-05 12:39:18 INFO     services.ecs: [VERIFY]    ECS clean
2026-08-05 12:39:19 INFO     services.eventbridge: [VERIFY]    EventBridge clean
2026-08-05 12:39:20 INFO     services.ec2: [VERIFY]    EC2 clean
2026-08-05 12:39:21 INFO     services.iam: [VERIFY]    IAM FAIL - 2 resources remain
2026-08-05 12:39:21 INFO     orchestrator: Verification written to logs/reports/070640552464/ap-south-1/verification.json
2026-08-05 12:39:21 INFO     main: [070640552464/ap-south-1] verification=FAIL discovered=6 deleted=4 remaining=2
2026-08-05 12:39:21 INFO     main: ======================================================================
2026-08-05 12:39:21 INFO     main: Combined summary written to logs/reports/cleanup_report_summary.json
2026-08-05 12:39:21 INFO     main: Overall result across all regions/accounts: FAIL
2026-08-05 12:39:21 INFO     main: ======================================================================
2026-08-05 18:37:47 INFO     main: ======================================================================
2026-08-05 18:37:47 INFO     main: AWS Sandbox Cleanup Engine
2026-08-05 18:37:47 INFO     main: Regions: ap-south-1 | Dry run: False
2026-08-05 18:37:47 INFO     main: Cross-account targets: 070640552464 via OrganizationAccountAccessRole
2026-08-05 18:37:47 INFO     main: ======================================================================
2026-08-05 18:37:54 INFO     main: --- Account 070640552464 / role OrganizationAccountAccessRole / region ap-south-1 ---
2026-08-05 18:37:54 INFO     botocore.credentials: Found credentials in shared credentials file: ~/.aws/credentials
2026-08-05 18:38:02 INFO     orchestrator: Starting cleanup run for account 070640552464 in ap-south-1
2026-08-05 18:38:02 INFO     orchestrator: Discovered 16 service plugins: apigateway, application_autoscaling, autoscaling, cloudformation, ec2, ecr, ecs, eks, elasticbeanstalk, elb, eventbridge, iam, kms, lambda, rds, s3
2026-08-05 18:38:02 INFO     services.cloudformation: [DISCOVER]  Scanning CloudFormation stacks ...
2026-08-05 18:38:02 INFO     services.ec2: [DISCOVER]  Scanning EC2 instances, volumes, snapshots, and networking resources ...
2026-08-05 18:38:02 INFO     services.ecs: [DISCOVER]  Scanning ECS clusters, services, tasks, container instances, and task definitions ...
2026-08-05 18:38:02 INFO     services.eventbridge: [DISCOVER]  Scanning EventBridge buses, rules, archives, and schema registries ...
2026-08-05 18:38:02 INFO     services.iam: [DISCOVER]  Scanning IAM roles, policies, instance profiles, users, and groups ...
2026-08-05 18:38:02 INFO     services.rds: [DISCOVER]  Scanning RDS clusters and instances ...
2026-08-05 18:38:02 ERROR    orchestrator: [ERROR]     Inventory scan for 'ecr' raised: Service 'ecr' is a placeholder and has not been implemented yet.
2026-08-05 18:38:02 INFO     services.s3: [DISCOVER]  Scanning S3 buckets ...
2026-08-05 18:38:02 ERROR    orchestrator: [ERROR]     Inventory scan for 'lambda' raised: Service 'lambda' is a placeholder and has not been implemented yet.
2026-08-05 18:38:02 ERROR    orchestrator: [ERROR]     Inventory scan for 'application_autoscaling' raised: Service 'application_autoscaling' is a placeholder and has not been implemented yet.
2026-08-05 18:38:02 ERROR    orchestrator: [ERROR]     Inventory scan for 'autoscaling' raised: Service 'autoscaling' is a placeholder and has not been implemented yet.
2026-08-05 18:38:02 ERROR    orchestrator: [ERROR]     Inventory scan for 'kms' raised: Service 'kms' is a placeholder and has not been implemented yet.
2026-08-05 18:38:02 ERROR    orchestrator: [ERROR]     Inventory scan for 'eks' raised: Service 'eks' is a placeholder and has not been implemented yet.
2026-08-05 18:38:02 ERROR    orchestrator: [ERROR]     Inventory scan for 'apigateway' raised: Service 'apigateway' is a placeholder and has not been implemented yet.
2026-08-05 18:38:02 ERROR    orchestrator: [ERROR]     Inventory scan for 'elb' raised: Service 'elb' is a placeholder and has not been implemented yet.
2026-08-05 18:38:02 ERROR    orchestrator: [ERROR]     Inventory scan for 'elasticbeanstalk' raised: Service 'elasticbeanstalk' is a placeholder and has not been implemented yet.
2026-08-05 18:38:03 INFO     services.cloudformation: [DISCOVER]  Found 0 stacks
2026-08-05 18:38:04 INFO     services.ecs: [DISCOVER]  Found 0 clusters, 0 services, 0 standalone tasks, 0 container instances, 0 active task definitions
2026-08-05 18:38:04 INFO     services.rds: [DISCOVER]  Found 0 DB clusters and 0 DB instances
2026-08-05 18:38:04 INFO     services.s3: [DISCOVER]  Found 0 buckets
2026-08-05 18:38:05 INFO     services.ec2: [DISCOVER]  Found 0 instances, 0 volumes, 0 snapshots, 0 networking resources
2026-08-05 18:38:06 INFO     services.eventbridge: [DISCOVER]  Found 0 custom event buses, 1 rules, 0 archives, 0 custom schema registries, 0 schemas
2026-08-05 18:38:09 INFO     services.iam: [DISCOVER]  Protecting currently-assumed role 'OrganizationAccountAccessRole' from deletion
2026-08-05 18:38:09 INFO     services.iam: [DISCOVER]  Found 0 deletable roles, 2 customer-managed policies, 0 instance profiles, 0 users, 0 groups
2026-08-05 18:38:09 INFO     orchestrator: Inventory written to logs/reports/070640552464/ap-south-1/inventory.json
2026-08-05 18:38:09 WARNING  orchestrator: [WARN]      Skipping cleanup for 'apigateway' because discovery failed: Service 'apigateway' is a placeholder and has not been implemented yet.
2026-08-05 18:38:09 WARNING  orchestrator: [WARN]      Skipping cleanup for 'application_autoscaling' because discovery failed: Service 'application_autoscaling' is a placeholder and has not been implemented yet.
2026-08-05 18:38:09 WARNING  orchestrator: [WARN]      Skipping cleanup for 'autoscaling' because discovery failed: Service 'autoscaling' is a placeholder and has not been implemented yet.
2026-08-05 18:38:09 INFO     orchestrator: Cleaning up service: cloudformation
2026-08-05 18:38:09 INFO     services.cloudformation: [CLEANUP]   No CloudFormation stacks to delete
2026-08-05 18:38:09 INFO     orchestrator: Cleaning up service: ec2
2026-08-05 18:38:09 INFO     services.ec2: [CLEANUP]   No EC2 resources to delete
2026-08-05 18:38:09 WARNING  orchestrator: [WARN]      Skipping cleanup for 'ecr' because discovery failed: Service 'ecr' is a placeholder and has not been implemented yet.
2026-08-05 18:38:09 INFO     orchestrator: Cleaning up service: ecs
2026-08-05 18:38:09 INFO     services.ecs: [CLEANUP]   No ECS resources to delete
2026-08-05 18:38:09 WARNING  orchestrator: [WARN]      Skipping cleanup for 'eks' because discovery failed: Service 'eks' is a placeholder and has not been implemented yet.
2026-08-05 18:38:09 WARNING  orchestrator: [WARN]      Skipping cleanup for 'elasticbeanstalk' because discovery failed: Service 'elasticbeanstalk' is a placeholder and has not been implemented yet.
2026-08-05 18:38:09 WARNING  orchestrator: [WARN]      Skipping cleanup for 'elb' because discovery failed: Service 'elb' is a placeholder and has not been implemented yet.
2026-08-05 18:38:09 INFO     orchestrator: Cleaning up service: eventbridge
2026-08-05 18:38:09 INFO     services.eventbridge: [CLEANUP]   Skipping rule EKSComputeManagedRule on bus default: managed by eks.amazonaws.com
2026-08-05 18:38:09 INFO     orchestrator: Cleaning up service: iam
2026-08-05 18:38:09 INFO     services.iam: [CLEANUP]   Skipping IAM resource DefaultIamPolicy: protected_resource_arn
2026-08-05 18:38:09 INFO     services.iam: [CLEANUP]   Skipping IAM resource CoderCreatedIdentityBoundary: protected_resource_arn
2026-08-05 18:38:09 WARNING  orchestrator: [WARN]      Skipping cleanup for 'kms' because discovery failed: Service 'kms' is a placeholder and has not been implemented yet.
2026-08-05 18:38:09 WARNING  orchestrator: [WARN]      Skipping cleanup for 'lambda' because discovery failed: Service 'lambda' is a placeholder and has not been implemented yet.
2026-08-05 18:38:09 INFO     orchestrator: Cleaning up service: rds
2026-08-05 18:38:09 INFO     services.rds: [CLEANUP]   No RDS clusters or instances to delete
2026-08-05 18:38:09 INFO     orchestrator: Cleaning up service: s3
2026-08-05 18:38:09 INFO     services.s3: [CLEANUP]   No S3 buckets to delete
2026-08-05 18:38:09 INFO     services.ec2: [VERIFY]    Verifying EC2 is clean ...
2026-08-05 18:38:09 INFO     services.cloudformation: [VERIFY]    Verifying CloudFormation is clean ...
2026-08-05 18:38:09 INFO     services.ecs: [VERIFY]    Verifying ECS is clean ...
2026-08-05 18:38:09 INFO     services.iam: [VERIFY]    Verifying IAM is clean ...
2026-08-05 18:38:09 INFO     services.eventbridge: [VERIFY]    Verifying EventBridge is clean ...
2026-08-05 18:38:09 ERROR    orchestrator: [ERROR]     Verification for 'elasticbeanstalk' raised: Service 'elasticbeanstalk' is a placeholder and has not been implemented yet.
2026-08-05 18:38:09 INFO     services.rds: [VERIFY]    Verifying RDS is clean ...
2026-08-05 18:38:09 INFO     services.s3: [VERIFY]    Verifying S3 is clean ...
2026-08-05 18:38:09 ERROR    orchestrator: [ERROR]     Verification for 'kms' raised: Service 'kms' is a placeholder and has not been implemented yet.
2026-08-05 18:38:09 ERROR    orchestrator: [ERROR]     Verification for 'autoscaling' raised: Service 'autoscaling' is a placeholder and has not been implemented yet.
2026-08-05 18:38:09 ERROR    orchestrator: [ERROR]     Verification for 'application_autoscaling' raised: Service 'application_autoscaling' is a placeholder and has not been implemented yet.
2026-08-05 18:38:09 ERROR    orchestrator: [ERROR]     Verification for 'apigateway' raised: Service 'apigateway' is a placeholder and has not been implemented yet.
2026-08-05 18:38:09 ERROR    orchestrator: [ERROR]     Verification for 'lambda' raised: Service 'lambda' is a placeholder and has not been implemented yet.
2026-08-05 18:38:09 ERROR    orchestrator: [ERROR]     Verification for 'elb' raised: Service 'elb' is a placeholder and has not been implemented yet.
2026-08-05 18:38:09 ERROR    orchestrator: [ERROR]     Verification for 'eks' raised: Service 'eks' is a placeholder and has not been implemented yet.
2026-08-05 18:38:09 ERROR    orchestrator: [ERROR]     Verification for 'ecr' raised: Service 'ecr' is a placeholder and has not been implemented yet.
2026-08-05 18:38:09 INFO     services.ecs: [VERIFY]    ECS clean
2026-08-05 18:38:09 INFO     services.s3: [VERIFY]    S3 clean
2026-08-05 18:38:09 INFO     services.cloudformation: [VERIFY]    CloudFormation clean
2026-08-05 18:38:09 INFO     services.rds: [VERIFY]    RDS clean
2026-08-05 18:38:10 INFO     services.eventbridge: [VERIFY]    EventBridge clean
2026-08-05 18:38:11 INFO     services.ec2: [VERIFY]    EC2 clean
2026-08-05 18:38:12 INFO     services.iam: [VERIFY]    IAM FAIL - 2 resources remain
2026-08-05 18:38:12 INFO     orchestrator: [VERIFY]    Verification pass 1/5 found remaining resources in ['elasticbeanstalk', 'kms', 'autoscaling', 'application_autoscaling', 'apigateway', 'lambda', 'elb', 'eks', 'ecr', 'iam']; retrying in 15s
2026-08-05 18:38:27 INFO     services.ec2: [VERIFY]    Verifying EC2 is clean ...
2026-08-05 18:38:27 INFO     services.cloudformation: [VERIFY]    Verifying CloudFormation is clean ...
2026-08-05 18:38:27 INFO     services.ecs: [VERIFY]    Verifying ECS is clean ...
2026-08-05 18:38:27 INFO     services.iam: [VERIFY]    Verifying IAM is clean ...
2026-08-05 18:38:27 INFO     services.eventbridge: [VERIFY]    Verifying EventBridge is clean ...
2026-08-05 18:38:27 ERROR    orchestrator: [ERROR]     Verification for 'lambda' raised: Service 'lambda' is a placeholder and has not been implemented yet.
2026-08-05 18:38:27 ERROR    orchestrator: [ERROR]     Verification for 'autoscaling' raised: Service 'autoscaling' is a placeholder and has not been implemented yet.
2026-08-05 18:38:27 INFO     services.s3: [VERIFY]    Verifying S3 is clean ...
2026-08-05 18:38:27 INFO     services.rds: [VERIFY]    Verifying RDS is clean ...
2026-08-05 18:38:27 ERROR    orchestrator: [ERROR]     Verification for 'elb' raised: Service 'elb' is a placeholder and has not been implemented yet.
2026-08-05 18:38:27 ERROR    orchestrator: [ERROR]     Verification for 'apigateway' raised: Service 'apigateway' is a placeholder and has not been implemented yet.
2026-08-05 18:38:27 ERROR    orchestrator: [ERROR]     Verification for 'kms' raised: Service 'kms' is a placeholder and has not been implemented yet.
2026-08-05 18:38:27 ERROR    orchestrator: [ERROR]     Verification for 'elasticbeanstalk' raised: Service 'elasticbeanstalk' is a placeholder and has not been implemented yet.
2026-08-05 18:38:27 ERROR    orchestrator: [ERROR]     Verification for 'eks' raised: Service 'eks' is a placeholder and has not been implemented yet.
2026-08-05 18:38:27 ERROR    orchestrator: [ERROR]     Verification for 'application_autoscaling' raised: Service 'application_autoscaling' is a placeholder and has not been implemented yet.
2026-08-05 18:38:27 ERROR    orchestrator: [ERROR]     Verification for 'ecr' raised: Service 'ecr' is a placeholder and has not been implemented yet.
2026-08-05 18:38:27 INFO     services.rds: [VERIFY]    RDS clean
2026-08-05 18:38:27 INFO     services.cloudformation: [VERIFY]    CloudFormation clean
2026-08-05 18:38:27 INFO     services.s3: [VERIFY]    S3 clean
2026-08-05 18:38:27 INFO     services.ecs: [VERIFY]    ECS clean
2026-08-05 18:38:27 INFO     services.eventbridge: [VERIFY]    EventBridge clean
2026-08-05 18:38:28 INFO     services.ec2: [VERIFY]    EC2 clean
2026-08-05 18:38:30 INFO     services.iam: [VERIFY]    IAM FAIL - 2 resources remain
2026-08-05 18:38:30 INFO     orchestrator: [VERIFY]    Verification pass 2/5 found remaining resources in ['lambda', 'autoscaling', 'elb', 'apigateway', 'kms', 'elasticbeanstalk', 'eks', 'application_autoscaling', 'ecr', 'iam']; retrying in 15s
2026-08-05 18:38:45 INFO     services.cloudformation: [VERIFY]    Verifying CloudFormation is clean ...
2026-08-05 18:38:45 INFO     services.ec2: [VERIFY]    Verifying EC2 is clean ...
2026-08-05 18:38:45 INFO     services.ecs: [VERIFY]    Verifying ECS is clean ...
2026-08-05 18:38:45 INFO     services.rds: [VERIFY]    Verifying RDS is clean ...
2026-08-05 18:38:45 INFO     services.eventbridge: [VERIFY]    Verifying EventBridge is clean ...
2026-08-05 18:38:45 ERROR    orchestrator: [ERROR]     Verification for 'application_autoscaling' raised: Service 'application_autoscaling' is a placeholder and has not been implemented yet.
2026-08-05 18:38:45 INFO     services.s3: [VERIFY]    Verifying S3 is clean ...
2026-08-05 18:38:45 INFO     services.iam: [VERIFY]    Verifying IAM is clean ...
2026-08-05 18:38:45 ERROR    orchestrator: [ERROR]     Verification for 'elasticbeanstalk' raised: Service 'elasticbeanstalk' is a placeholder and has not been implemented yet.
2026-08-05 18:38:45 ERROR    orchestrator: [ERROR]     Verification for 'kms' raised: Service 'kms' is a placeholder and has not been implemented yet.
2026-08-05 18:38:45 ERROR    orchestrator: [ERROR]     Verification for 'eks' raised: Service 'eks' is a placeholder and has not been implemented yet.
2026-08-05 18:38:45 ERROR    orchestrator: [ERROR]     Verification for 'autoscaling' raised: Service 'autoscaling' is a placeholder and has not been implemented yet.
2026-08-05 18:38:45 ERROR    orchestrator: [ERROR]     Verification for 'ecr' raised: Service 'ecr' is a placeholder and has not been implemented yet.
2026-08-05 18:38:45 ERROR    orchestrator: [ERROR]     Verification for 'apigateway' raised: Service 'apigateway' is a placeholder and has not been implemented yet.
2026-08-05 18:38:45 ERROR    orchestrator: [ERROR]     Verification for 'elb' raised: Service 'elb' is a placeholder and has not been implemented yet.
2026-08-05 18:38:45 ERROR    orchestrator: [ERROR]     Verification for 'lambda' raised: Service 'lambda' is a placeholder and has not been implemented yet.
2026-08-05 18:38:45 INFO     services.rds: [VERIFY]    RDS clean
2026-08-05 18:38:46 INFO     services.cloudformation: [VERIFY]    CloudFormation clean
2026-08-05 18:38:46 INFO     services.s3: [VERIFY]    S3 clean
2026-08-05 18:38:46 INFO     services.ecs: [VERIFY]    ECS clean
2026-08-05 18:38:46 INFO     services.eventbridge: [VERIFY]    EventBridge clean
2026-08-05 18:38:48 INFO     services.ec2: [VERIFY]    EC2 clean
2026-08-05 18:38:49 INFO     services.iam: [VERIFY]    IAM FAIL - 2 resources remain
2026-08-05 18:38:49 INFO     orchestrator: [VERIFY]    Verification pass 3/5 found remaining resources in ['application_autoscaling', 'elasticbeanstalk', 'kms', 'eks', 'autoscaling', 'ecr', 'apigateway', 'elb', 'lambda', 'iam']; retrying in 15s
2026-08-05 18:39:04 INFO     services.ec2: [VERIFY]    Verifying EC2 is clean ...
2026-08-05 18:39:04 INFO     services.ecs: [VERIFY]    Verifying ECS is clean ...
2026-08-05 18:39:04 INFO     services.cloudformation: [VERIFY]    Verifying CloudFormation is clean ...
2026-08-05 18:39:04 INFO     services.eventbridge: [VERIFY]    Verifying EventBridge is clean ...
2026-08-05 18:39:04 INFO     services.iam: [VERIFY]    Verifying IAM is clean ...
2026-08-05 18:39:04 ERROR    orchestrator: [ERROR]     Verification for 'apigateway' raised: Service 'apigateway' is a placeholder and has not been implemented yet.
2026-08-05 18:39:04 INFO     services.s3: [VERIFY]    Verifying S3 is clean ...
2026-08-05 18:39:04 INFO     services.rds: [VERIFY]    Verifying RDS is clean ...
2026-08-05 18:39:04 ERROR    orchestrator: [ERROR]     Verification for 'elasticbeanstalk' raised: Service 'elasticbeanstalk' is a placeholder and has not been implemented yet.
2026-08-05 18:39:04 ERROR    orchestrator: [ERROR]     Verification for 'ecr' raised: Service 'ecr' is a placeholder and has not been implemented yet.
2026-08-05 18:39:04 ERROR    orchestrator: [ERROR]     Verification for 'eks' raised: Service 'eks' is a placeholder and has not been implemented yet.
2026-08-05 18:39:04 ERROR    orchestrator: [ERROR]     Verification for 'application_autoscaling' raised: Service 'application_autoscaling' is a placeholder and has not been implemented yet.
2026-08-05 18:39:04 ERROR    orchestrator: [ERROR]     Verification for 'elb' raised: Service 'elb' is a placeholder and has not been implemented yet.
2026-08-05 18:39:04 ERROR    orchestrator: [ERROR]     Verification for 'lambda' raised: Service 'lambda' is a placeholder and has not been implemented yet.
2026-08-05 18:39:04 ERROR    orchestrator: [ERROR]     Verification for 'autoscaling' raised: Service 'autoscaling' is a placeholder and has not been implemented yet.
2026-08-05 18:39:04 ERROR    orchestrator: [ERROR]     Verification for 'kms' raised: Service 'kms' is a placeholder and has not been implemented yet.
2026-08-05 18:39:04 INFO     services.rds: [VERIFY]    RDS clean
2026-08-05 18:39:04 INFO     services.cloudformation: [VERIFY]    CloudFormation clean
2026-08-05 18:39:04 INFO     services.s3: [VERIFY]    S3 clean
2026-08-05 18:39:06 INFO     services.eventbridge: [VERIFY]    EventBridge clean
2026-08-05 18:39:06 INFO     services.ecs: [VERIFY]    ECS clean
2026-08-05 18:39:06 INFO     services.ec2: [VERIFY]    EC2 clean
2026-08-05 18:39:07 INFO     services.iam: [VERIFY]    IAM FAIL - 2 resources remain
2026-08-05 18:39:07 INFO     orchestrator: [VERIFY]    Verification pass 4/5 found remaining resources in ['apigateway', 'elasticbeanstalk', 'ecr', 'eks', 'application_autoscaling', 'elb', 'lambda', 'autoscaling', 'kms', 'iam']; retrying in 15s
2026-08-05 18:39:22 INFO     services.cloudformation: [VERIFY]    Verifying CloudFormation is clean ...
2026-08-05 18:39:22 INFO     services.ec2: [VERIFY]    Verifying EC2 is clean ...
2026-08-05 18:39:22 INFO     services.ecs: [VERIFY]    Verifying ECS is clean ...
2026-08-05 18:39:22 INFO     services.eventbridge: [VERIFY]    Verifying EventBridge is clean ...
2026-08-05 18:39:22 INFO     services.iam: [VERIFY]    Verifying IAM is clean ...
2026-08-05 18:39:22 INFO     services.rds: [VERIFY]    Verifying RDS is clean ...
2026-08-05 18:39:22 ERROR    orchestrator: [ERROR]     Verification for 'eks' raised: Service 'eks' is a placeholder and has not been implemented yet.
2026-08-05 18:39:22 INFO     services.s3: [VERIFY]    Verifying S3 is clean ...
2026-08-05 18:39:22 ERROR    orchestrator: [ERROR]     Verification for 'application_autoscaling' raised: Service 'application_autoscaling' is a placeholder and has not been implemented yet.
2026-08-05 18:39:22 ERROR    orchestrator: [ERROR]     Verification for 'apigateway' raised: Service 'apigateway' is a placeholder and has not been implemented yet.
2026-08-05 18:39:22 ERROR    orchestrator: [ERROR]     Verification for 'elb' raised: Service 'elb' is a placeholder and has not been implemented yet.
2026-08-05 18:39:22 ERROR    orchestrator: [ERROR]     Verification for 'lambda' raised: Service 'lambda' is a placeholder and has not been implemented yet.
2026-08-05 18:39:22 ERROR    orchestrator: [ERROR]     Verification for 'kms' raised: Service 'kms' is a placeholder and has not been implemented yet.
2026-08-05 18:39:22 ERROR    orchestrator: [ERROR]     Verification for 'elasticbeanstalk' raised: Service 'elasticbeanstalk' is a placeholder and has not been implemented yet.
2026-08-05 18:39:22 ERROR    orchestrator: [ERROR]     Verification for 'ecr' raised: Service 'ecr' is a placeholder and has not been implemented yet.
2026-08-05 18:39:22 ERROR    orchestrator: [ERROR]     Verification for 'autoscaling' raised: Service 'autoscaling' is a placeholder and has not been implemented yet.
2026-08-05 18:39:22 INFO     services.rds: [VERIFY]    RDS clean
2026-08-05 18:39:22 INFO     services.cloudformation: [VERIFY]    CloudFormation clean
2026-08-05 18:39:22 INFO     services.s3: [VERIFY]    S3 clean
2026-08-05 18:39:22 INFO     services.ecs: [VERIFY]    ECS clean
2026-08-05 18:39:23 INFO     services.eventbridge: [VERIFY]    EventBridge clean
2026-08-05 18:39:23 INFO     services.ec2: [VERIFY]    EC2 clean
2026-08-05 18:39:24 INFO     services.iam: [VERIFY]    IAM FAIL - 2 resources remain
2026-08-05 18:39:24 INFO     orchestrator: Verification written to logs/reports/070640552464/ap-south-1/verification.json
2026-08-05 18:39:24 INFO     main: [070640552464/ap-south-1] verification=FAIL discovered=3 deleted=0 remaining=2
2026-08-05 18:39:24 INFO     main: ======================================================================
2026-08-05 18:39:24 INFO     main: Combined summary written to logs/reports/cleanup_report_summary.json
2026-08-05 18:39:24 INFO     main: Overall result across all regions/accounts: FAIL
2026-08-05 18:39:24 INFO     main: ======================================================================
2026-08-05 23:36:27 INFO     main: ======================================================================
2026-08-05 23:36:27 INFO     main: AWS Sandbox Cleanup Engine
2026-08-05 23:36:27 INFO     main: Regions: ap-south-1 | Dry run: True
2026-08-05 23:36:27 INFO     main: Cross-account targets: 070640552464 via OrganizationAccountAccessRole
2026-08-05 23:36:27 INFO     main: ======================================================================
2026-08-05 23:36:27 INFO     main: --- Account 070640552464 / role OrganizationAccountAccessRole / region ap-south-1 ---
2026-08-05 23:36:27 INFO     botocore.credentials: Found credentials in shared credentials file: ~/.aws/credentials
2026-08-05 23:36:28 INFO     orchestrator: Starting cleanup run for account 070640552464 in ap-south-1
2026-08-05 23:36:28 INFO     orchestrator: Discovered 16 service plugins: apigateway, application_autoscaling, autoscaling, cloudformation, ec2, ecr, ecs, eks, elasticbeanstalk, elb, eventbridge, iam, kms, lambda, rds, s3
2026-08-05 23:36:28 INFO     services.ec2: [DISCOVER]  Scanning EC2 instances, volumes, snapshots, and networking resources ...
2026-08-05 23:36:28 INFO     services.cloudformation: [DISCOVER]  Scanning CloudFormation stacks ...
2026-08-05 23:36:28 INFO     services.ecs: [DISCOVER]  Scanning ECS clusters, services, tasks, container instances, and task definitions ...
2026-08-05 23:36:28 INFO     services.iam: [DISCOVER]  Scanning IAM roles, policies, instance profiles, users, and groups ...
2026-08-05 23:36:28 INFO     services.eventbridge: [DISCOVER]  Scanning EventBridge buses, rules, archives, and schema registries ...
2026-08-05 23:36:28 INFO     services.s3: [DISCOVER]  Scanning S3 buckets ...
2026-08-05 23:36:28 INFO     services.rds: [DISCOVER]  Scanning RDS clusters and instances ...
2026-08-05 23:36:28 ERROR    orchestrator: [ERROR]     Inventory scan for 'ecr' raised: Service 'ecr' is a placeholder and has not been implemented yet.
2026-08-05 23:36:28 ERROR    orchestrator: [ERROR]     Inventory scan for 'kms' raised: Service 'kms' is a placeholder and has not been implemented yet.
2026-08-05 23:36:28 ERROR    orchestrator: [ERROR]     Inventory scan for 'elb' raised: Service 'elb' is a placeholder and has not been implemented yet.
2026-08-05 23:36:28 ERROR    orchestrator: [ERROR]     Inventory scan for 'application_autoscaling' raised: Service 'application_autoscaling' is a placeholder and has not been implemented yet.
2026-08-05 23:36:28 ERROR    orchestrator: [ERROR]     Inventory scan for 'elasticbeanstalk' raised: Service 'elasticbeanstalk' is a placeholder and has not been implemented yet.
2026-08-05 23:36:28 ERROR    orchestrator: [ERROR]     Inventory scan for 'autoscaling' raised: Service 'autoscaling' is a placeholder and has not been implemented yet.
2026-08-05 23:36:28 ERROR    orchestrator: [ERROR]     Inventory scan for 'eks' raised: Service 'eks' is a placeholder and has not been implemented yet.
2026-08-05 23:36:28 ERROR    orchestrator: [ERROR]     Inventory scan for 'lambda' raised: Service 'lambda' is a placeholder and has not been implemented yet.
2026-08-05 23:36:28 ERROR    orchestrator: [ERROR]     Inventory scan for 'apigateway' raised: Service 'apigateway' is a placeholder and has not been implemented yet.
2026-08-05 23:36:28 INFO     services.cloudformation: [DISCOVER]  Found 0 stacks
2026-08-05 23:36:28 INFO     services.ecs: [DISCOVER]  Found 0 clusters, 0 services, 0 standalone tasks, 0 container instances, 0 active task definitions
2026-08-05 23:36:28 INFO     services.rds: [DISCOVER]  Found 0 DB clusters and 0 DB instances
2026-08-05 23:36:29 INFO     services.s3: [DISCOVER]  Found 1 buckets
2026-08-05 23:36:29 INFO     services.eventbridge: [DISCOVER]  Found 0 custom event buses, 2 rules, 0 archives, 0 custom schema registries, 0 schemas
2026-08-05 23:36:30 INFO     services.ec2: [DISCOVER]  Found 2 instances, 2 volumes, 0 snapshots, 1 networking resources
2026-08-05 23:36:37 INFO     services.iam: [DISCOVER]  Protecting currently-assumed role 'OrganizationAccountAccessRole' from deletion
2026-08-05 23:36:37 INFO     services.iam: [DISCOVER]  Found 4 deletable roles, 2 customer-managed policies, 2 instance profiles, 0 users, 0 groups
2026-08-05 23:36:37 INFO     orchestrator: Inventory written to logs/reports/070640552464/ap-south-1/inventory.json
2026-08-05 23:36:37 WARNING  orchestrator: [WARN]      Skipping cleanup for 'apigateway' because discovery failed: Service 'apigateway' is a placeholder and has not been implemented yet.
2026-08-05 23:36:37 WARNING  orchestrator: [WARN]      Skipping cleanup for 'application_autoscaling' because discovery failed: Service 'application_autoscaling' is a placeholder and has not been implemented yet.
2026-08-05 23:36:37 WARNING  orchestrator: [WARN]      Skipping cleanup for 'autoscaling' because discovery failed: Service 'autoscaling' is a placeholder and has not been implemented yet.
2026-08-05 23:36:37 INFO     orchestrator: Cleaning up service: cloudformation
2026-08-05 23:36:37 INFO     services.cloudformation: [CLEANUP]   No CloudFormation stacks to delete
2026-08-05 23:36:37 INFO     orchestrator: Cleaning up service: ec2
2026-08-05 23:36:37 INFO     services.ec2: [CLEANUP]   [DRY-RUN] Would delete EC2 instance i-01de5d32e08332873
2026-08-05 23:36:37 INFO     services.ec2: [CLEANUP]   [DRY-RUN] Would delete EC2 instance i-0ac9c536d88027781
2026-08-05 23:36:37 INFO     services.ec2: [CLEANUP]   [DRY-RUN] Would delete EC2 volume vol-0d225a9a5d2019609
2026-08-05 23:36:37 INFO     services.ec2: [CLEANUP]   [DRY-RUN] Would delete EC2 volume vol-02632c88b107bbe87
2026-08-05 23:36:37 INFO     services.ec2: [CLEANUP]   [DRY-RUN] Would delete EC2 security_group eks-cluster-sg-wonderful-indie-mushroom-37421579
2026-08-05 23:36:37 WARNING  orchestrator: [WARN]      Skipping cleanup for 'ecr' because discovery failed: Service 'ecr' is a placeholder and has not been implemented yet.
2026-08-05 23:36:37 INFO     orchestrator: Cleaning up service: ecs
2026-08-05 23:36:37 INFO     services.ecs: [CLEANUP]   No ECS resources to delete
2026-08-05 23:36:37 WARNING  orchestrator: [WARN]      Skipping cleanup for 'eks' because discovery failed: Service 'eks' is a placeholder and has not been implemented yet.
2026-08-05 23:36:37 WARNING  orchestrator: [WARN]      Skipping cleanup for 'elasticbeanstalk' because discovery failed: Service 'elasticbeanstalk' is a placeholder and has not been implemented yet.
2026-08-05 23:36:37 WARNING  orchestrator: [WARN]      Skipping cleanup for 'elb' because discovery failed: Service 'elb' is a placeholder and has not been implemented yet.
2026-08-05 23:36:37 INFO     orchestrator: Cleaning up service: eventbridge
2026-08-05 23:36:37 INFO     services.eventbridge: [CLEANUP]   [DRY-RUN] Would delete EventBridge rule AutoScalingManagedRule
2026-08-05 23:36:37 INFO     services.eventbridge: [CLEANUP]   [DRY-RUN] Would delete EventBridge rule EKSComputeManagedRule
2026-08-05 23:36:37 INFO     orchestrator: Cleaning up service: iam
2026-08-05 23:36:37 INFO     services.iam: [CLEANUP]   [DRY-RUN] Would delete IAM role AmazonEKSAutoClusterRole
2026-08-05 23:36:37 INFO     services.iam: [CLEANUP]   [DRY-RUN] Would delete IAM role AmazonEKSAutoNodeRole
2026-08-05 23:36:37 INFO     services.iam: [CLEANUP]   [DRY-RUN] Would delete IAM role AmazonEKSNodeRole
2026-08-05 23:36:37 INFO     services.iam: [CLEANUP]   [DRY-RUN] Would delete IAM role aws-elasticbeanstalk-service-role
2026-08-05 23:36:37 INFO     services.iam: [CLEANUP]   [DRY-RUN] Would delete IAM policy DefaultIamPolicy
2026-08-05 23:36:37 INFO     services.iam: [CLEANUP]   [DRY-RUN] Would delete IAM policy CoderCreatedIdentityBoundary
2026-08-05 23:36:37 INFO     services.iam: [CLEANUP]   [DRY-RUN] Would delete IAM instance_profile eks-10cfe984-86e2-df8b-d39c-643f82bec3be
2026-08-05 23:36:37 INFO     services.iam: [CLEANUP]   [DRY-RUN] Would delete IAM instance_profile eks-ap-south-1-wonderful-indie-mushroom-13800630074561924469
2026-08-05 23:36:37 WARNING  orchestrator: [WARN]      Skipping cleanup for 'kms' because discovery failed: Service 'kms' is a placeholder and has not been implemented yet.
2026-08-05 23:36:37 WARNING  orchestrator: [WARN]      Skipping cleanup for 'lambda' because discovery failed: Service 'lambda' is a placeholder and has not been implemented yet.
2026-08-05 23:36:37 INFO     orchestrator: Cleaning up service: rds
2026-08-05 23:36:37 INFO     services.rds: [CLEANUP]   No RDS clusters or instances to delete
2026-08-05 23:36:37 INFO     orchestrator: Cleaning up service: s3
2026-08-05 23:36:37 INFO     services.s3: [CLEANUP]   [DRY-RUN] Would empty and delete bucket elasticbeanstalk-ap-south-1-070640552464
2026-08-05 23:36:37 INFO     services.ec2: [VERIFY]    Verifying EC2 is clean ...
2026-08-05 23:36:37 INFO     services.cloudformation: [VERIFY]    Verifying CloudFormation is clean ...
2026-08-05 23:36:37 INFO     services.ecs: [VERIFY]    Verifying ECS is clean ...
2026-08-05 23:36:37 INFO     services.iam: [VERIFY]    Verifying IAM is clean ...
2026-08-05 23:36:37 INFO     services.eventbridge: [VERIFY]    Verifying EventBridge is clean ...
2026-08-05 23:36:37 ERROR    orchestrator: [ERROR]     Verification for 'kms' raised: Service 'kms' is a placeholder and has not been implemented yet.
2026-08-05 23:36:37 ERROR    orchestrator: [ERROR]     Verification for 'apigateway' raised: Service 'apigateway' is a placeholder and has not been implemented yet.
2026-08-05 23:36:37 ERROR    orchestrator: [ERROR]     Verification for 'eks' raised: Service 'eks' is a placeholder and has not been implemented yet.
2026-08-05 23:36:37 ERROR    orchestrator: [ERROR]     Verification for 'elb' raised: Service 'elb' is a placeholder and has not been implemented yet.
2026-08-05 23:36:37 ERROR    orchestrator: [ERROR]     Verification for 'application_autoscaling' raised: Service 'application_autoscaling' is a placeholder and has not been implemented yet.
2026-08-05 23:36:37 ERROR    orchestrator: [ERROR]     Verification for 'ecr' raised: Service 'ecr' is a placeholder and has not been implemented yet.
2026-08-05 23:36:37 ERROR    orchestrator: [ERROR]     Verification for 'lambda' raised: Service 'lambda' is a placeholder and has not been implemented yet.
2026-08-05 23:36:37 ERROR    orchestrator: [ERROR]     Verification for 'elasticbeanstalk' raised: Service 'elasticbeanstalk' is a placeholder and has not been implemented yet.
2026-08-05 23:36:37 ERROR    orchestrator: [ERROR]     Verification for 'autoscaling' raised: Service 'autoscaling' is a placeholder and has not been implemented yet.
2026-08-05 23:36:37 INFO     services.rds: [VERIFY]    Verifying RDS is clean ...
2026-08-05 23:36:37 INFO     services.s3: [VERIFY]    Verifying S3 is clean ...
2026-08-05 23:36:37 INFO     services.rds: [VERIFY]    RDS clean
2026-08-05 23:36:37 INFO     services.cloudformation: [VERIFY]    CloudFormation clean
2026-08-05 23:36:38 INFO     services.ecs: [VERIFY]    ECS clean
2026-08-05 23:36:38 INFO     services.eventbridge: [VERIFY]    EventBridge clean
2026-08-05 23:36:38 INFO     services.s3: [VERIFY]    S3 FAIL - 1 buckets remain
2026-08-05 23:36:38 INFO     services.ec2: [VERIFY]    EC2 FAIL - 5 resources remain
2026-08-05 23:36:40 INFO     services.iam: [VERIFY]    IAM FAIL - 8 resources remain
2026-08-05 23:36:40 INFO     orchestrator: [VERIFY]    Verification pass 1/5 found remaining resources in ['kms', 'apigateway', 'eks', 'elb', 'application_autoscaling', 'ecr', 'lambda', 'elasticbeanstalk', 'autoscaling', 's3', 'ec2', 'iam']; retrying in 15s
2026-08-05 23:36:55 INFO     services.ec2: [VERIFY]    Verifying EC2 is clean ...
2026-08-05 23:36:55 INFO     services.cloudformation: [VERIFY]    Verifying CloudFormation is clean ...
2026-08-05 23:36:55 INFO     services.ecs: [VERIFY]    Verifying ECS is clean ...
2026-08-05 23:36:55 INFO     services.eventbridge: [VERIFY]    Verifying EventBridge is clean ...
2026-08-05 23:36:55 INFO     services.iam: [VERIFY]    Verifying IAM is clean ...
2026-08-05 23:36:55 INFO     services.rds: [VERIFY]    Verifying RDS is clean ...
2026-08-05 23:36:55 INFO     services.s3: [VERIFY]    Verifying S3 is clean ...
2026-08-05 23:36:55 ERROR    orchestrator: [ERROR]     Verification for 'ecr' raised: Service 'ecr' is a placeholder and has not been implemented yet.
2026-08-05 23:36:55 ERROR    orchestrator: [ERROR]     Verification for 'lambda' raised: Service 'lambda' is a placeholder and has not been implemented yet.
2026-08-05 23:36:55 ERROR    orchestrator: [ERROR]     Verification for 'application_autoscaling' raised: Service 'application_autoscaling' is a placeholder and has not been implemented yet.
2026-08-05 23:36:55 ERROR    orchestrator: [ERROR]     Verification for 'eks' raised: Service 'eks' is a placeholder and has not been implemented yet.
2026-08-05 23:36:55 ERROR    orchestrator: [ERROR]     Verification for 'kms' raised: Service 'kms' is a placeholder and has not been implemented yet.
2026-08-05 23:36:55 ERROR    orchestrator: [ERROR]     Verification for 'apigateway' raised: Service 'apigateway' is a placeholder and has not been implemented yet.
2026-08-05 23:36:55 ERROR    orchestrator: [ERROR]     Verification for 'elasticbeanstalk' raised: Service 'elasticbeanstalk' is a placeholder and has not been implemented yet.
2026-08-05 23:36:55 ERROR    orchestrator: [ERROR]     Verification for 'elb' raised: Service 'elb' is a placeholder and has not been implemented yet.
2026-08-05 23:36:55 ERROR    orchestrator: [ERROR]     Verification for 'autoscaling' raised: Service 'autoscaling' is a placeholder and has not been implemented yet.
2026-08-05 23:36:55 INFO     services.rds: [VERIFY]    RDS clean
2026-08-05 23:36:55 INFO     services.cloudformation: [VERIFY]    CloudFormation clean
2026-08-05 23:36:55 INFO     services.s3: [VERIFY]    S3 FAIL - 1 buckets remain
2026-08-05 23:36:55 INFO     services.ecs: [VERIFY]    ECS clean
2026-08-05 23:36:56 INFO     services.eventbridge: [VERIFY]    EventBridge clean
2026-08-05 23:36:56 INFO     services.ec2: [VERIFY]    EC2 FAIL - 5 resources remain
2026-08-05 23:36:58 INFO     services.iam: [VERIFY]    IAM FAIL - 8 resources remain
2026-08-05 23:36:58 INFO     orchestrator: [VERIFY]    Verification pass 2/5 found remaining resources in ['ecr', 'lambda', 'application_autoscaling', 'eks', 'kms', 'apigateway', 'elasticbeanstalk', 'elb', 'autoscaling', 's3', 'ec2', 'iam']; retrying in 15s
2026-08-05 23:37:13 INFO     services.cloudformation: [VERIFY]    Verifying CloudFormation is clean ...
2026-08-05 23:37:13 INFO     services.ec2: [VERIFY]    Verifying EC2 is clean ...
2026-08-05 23:37:13 INFO     services.ecs: [VERIFY]    Verifying ECS is clean ...
2026-08-05 23:37:13 INFO     services.iam: [VERIFY]    Verifying IAM is clean ...
2026-08-05 23:37:13 INFO     services.eventbridge: [VERIFY]    Verifying EventBridge is clean ...
2026-08-05 23:37:13 INFO     services.rds: [VERIFY]    Verifying RDS is clean ...
2026-08-05 23:37:13 ERROR    orchestrator: [ERROR]     Verification for 'application_autoscaling' raised: Service 'application_autoscaling' is a placeholder and has not been implemented yet.
2026-08-05 23:37:13 INFO     services.s3: [VERIFY]    Verifying S3 is clean ...
2026-08-05 23:37:13 ERROR    orchestrator: [ERROR]     Verification for 'elb' raised: Service 'elb' is a placeholder and has not been implemented yet.
2026-08-05 23:37:13 ERROR    orchestrator: [ERROR]     Verification for 'eks' raised: Service 'eks' is a placeholder and has not been implemented yet.
2026-08-05 23:37:13 ERROR    orchestrator: [ERROR]     Verification for 'ecr' raised: Service 'ecr' is a placeholder and has not been implemented yet.
2026-08-05 23:37:13 ERROR    orchestrator: [ERROR]     Verification for 'lambda' raised: Service 'lambda' is a placeholder and has not been implemented yet.
2026-08-05 23:37:13 ERROR    orchestrator: [ERROR]     Verification for 'kms' raised: Service 'kms' is a placeholder and has not been implemented yet.
2026-08-05 23:37:13 ERROR    orchestrator: [ERROR]     Verification for 'apigateway' raised: Service 'apigateway' is a placeholder and has not been implemented yet.
2026-08-05 23:37:13 ERROR    orchestrator: [ERROR]     Verification for 'autoscaling' raised: Service 'autoscaling' is a placeholder and has not been implemented yet.
2026-08-05 23:37:13 ERROR    orchestrator: [ERROR]     Verification for 'elasticbeanstalk' raised: Service 'elasticbeanstalk' is a placeholder and has not been implemented yet.
2026-08-05 23:37:13 INFO     services.rds: [VERIFY]    RDS clean
2026-08-05 23:37:13 INFO     services.cloudformation: [VERIFY]    CloudFormation clean
2026-08-05 23:37:14 INFO     services.ecs: [VERIFY]    ECS clean
2026-08-05 23:37:14 INFO     services.s3: [VERIFY]    S3 FAIL - 1 buckets remain
2026-08-05 23:37:14 INFO     services.eventbridge: [VERIFY]    EventBridge clean
2026-08-05 23:37:15 INFO     services.ec2: [VERIFY]    EC2 FAIL - 5 resources remain
2026-08-05 23:37:16 INFO     services.iam: [VERIFY]    IAM FAIL - 8 resources remain
2026-08-05 23:37:16 INFO     orchestrator: [VERIFY]    Verification pass 3/5 found remaining resources in ['application_autoscaling', 'elb', 'eks', 'ecr', 'lambda', 'kms', 'apigateway', 'autoscaling', 'elasticbeanstalk', 's3', 'ec2', 'iam']; retrying in 15s
2026-08-05 23:37:31 INFO     services.ec2: [VERIFY]    Verifying EC2 is clean ...
2026-08-05 23:37:31 INFO     services.cloudformation: [VERIFY]    Verifying CloudFormation is clean ...
2026-08-05 23:37:31 INFO     services.ecs: [VERIFY]    Verifying ECS is clean ...
2026-08-05 23:37:31 INFO     services.eventbridge: [VERIFY]    Verifying EventBridge is clean ...
2026-08-05 23:37:31 INFO     services.iam: [VERIFY]    Verifying IAM is clean ...
2026-08-05 23:37:31 INFO     services.rds: [VERIFY]    Verifying RDS is clean ...
2026-08-05 23:37:31 ERROR    orchestrator: [ERROR]     Verification for 'kms' raised: Service 'kms' is a placeholder and has not been implemented yet.
2026-08-05 23:37:31 INFO     services.s3: [VERIFY]    Verifying S3 is clean ...
2026-08-05 23:37:31 ERROR    orchestrator: [ERROR]     Verification for 'autoscaling' raised: Service 'autoscaling' is a placeholder and has not been implemented yet.
2026-08-05 23:37:31 ERROR    orchestrator: [ERROR]     Verification for 'apigateway' raised: Service 'apigateway' is a placeholder and has not been implemented yet.
2026-08-05 23:37:31 ERROR    orchestrator: [ERROR]     Verification for 'lambda' raised: Service 'lambda' is a placeholder and has not been implemented yet.
2026-08-05 23:37:31 ERROR    orchestrator: [ERROR]     Verification for 'elasticbeanstalk' raised: Service 'elasticbeanstalk' is a placeholder and has not been implemented yet.
2026-08-05 23:37:31 ERROR    orchestrator: [ERROR]     Verification for 'application_autoscaling' raised: Service 'application_autoscaling' is a placeholder and has not been implemented yet.
2026-08-05 23:37:31 ERROR    orchestrator: [ERROR]     Verification for 'ecr' raised: Service 'ecr' is a placeholder and has not been implemented yet.
2026-08-05 23:37:31 ERROR    orchestrator: [ERROR]     Verification for 'elb' raised: Service 'elb' is a placeholder and has not been implemented yet.
2026-08-05 23:37:31 ERROR    orchestrator: [ERROR]     Verification for 'eks' raised: Service 'eks' is a placeholder and has not been implemented yet.
2026-08-05 23:37:31 INFO     services.rds: [VERIFY]    RDS clean
2026-08-05 23:37:31 INFO     services.cloudformation: [VERIFY]    CloudFormation clean
2026-08-05 23:37:31 INFO     services.ecs: [VERIFY]    ECS clean
2026-08-05 23:37:31 INFO     services.s3: [VERIFY]    S3 FAIL - 1 buckets remain
2026-08-05 23:37:32 INFO     services.eventbridge: [VERIFY]    EventBridge clean
2026-08-05 23:37:32 INFO     services.ec2: [VERIFY]    EC2 FAIL - 5 resources remain
2026-08-05 23:37:34 INFO     services.iam: [VERIFY]    IAM FAIL - 8 resources remain
2026-08-05 23:37:34 INFO     orchestrator: [VERIFY]    Verification pass 4/5 found remaining resources in ['kms', 'autoscaling', 'apigateway', 'lambda', 'elasticbeanstalk', 'application_autoscaling', 'ecr', 'elb', 'eks', 's3', 'ec2', 'iam']; retrying in 15s
2026-08-05 23:37:49 INFO     services.ec2: [VERIFY]    Verifying EC2 is clean ...
2026-08-05 23:37:49 INFO     services.cloudformation: [VERIFY]    Verifying CloudFormation is clean ...
2026-08-05 23:37:49 INFO     services.ecs: [VERIFY]    Verifying ECS is clean ...
2026-08-05 23:37:49 INFO     services.eventbridge: [VERIFY]    Verifying EventBridge is clean ...
2026-08-05 23:37:49 INFO     services.iam: [VERIFY]    Verifying IAM is clean ...
2026-08-05 23:37:49 INFO     services.rds: [VERIFY]    Verifying RDS is clean ...
2026-08-05 23:37:49 ERROR    orchestrator: [ERROR]     Verification for 'elasticbeanstalk' raised: Service 'elasticbeanstalk' is a placeholder and has not been implemented yet.
2026-08-05 23:37:49 INFO     services.s3: [VERIFY]    Verifying S3 is clean ...
2026-08-05 23:37:49 ERROR    orchestrator: [ERROR]     Verification for 'ecr' raised: Service 'ecr' is a placeholder and has not been implemented yet.
2026-08-05 23:37:49 ERROR    orchestrator: [ERROR]     Verification for 'apigateway' raised: Service 'apigateway' is a placeholder and has not been implemented yet.
2026-08-05 23:37:49 ERROR    orchestrator: [ERROR]     Verification for 'autoscaling' raised: Service 'autoscaling' is a placeholder and has not been implemented yet.
2026-08-05 23:37:49 ERROR    orchestrator: [ERROR]     Verification for 'eks' raised: Service 'eks' is a placeholder and has not been implemented yet.
2026-08-05 23:37:49 ERROR    orchestrator: [ERROR]     Verification for 'lambda' raised: Service 'lambda' is a placeholder and has not been implemented yet.
2026-08-05 23:37:49 ERROR    orchestrator: [ERROR]     Verification for 'kms' raised: Service 'kms' is a placeholder and has not been implemented yet.
2026-08-05 23:37:49 ERROR    orchestrator: [ERROR]     Verification for 'application_autoscaling' raised: Service 'application_autoscaling' is a placeholder and has not been implemented yet.
2026-08-05 23:37:49 ERROR    orchestrator: [ERROR]     Verification for 'elb' raised: Service 'elb' is a placeholder and has not been implemented yet.
2026-08-05 23:37:49 INFO     services.rds: [VERIFY]    RDS clean
2026-08-05 23:37:49 INFO     services.cloudformation: [VERIFY]    CloudFormation clean
2026-08-05 23:37:49 INFO     services.ecs: [VERIFY]    ECS clean
2026-08-05 23:37:49 INFO     services.s3: [VERIFY]    S3 FAIL - 1 buckets remain
2026-08-05 23:37:49 INFO     services.eventbridge: [VERIFY]    EventBridge clean
2026-08-05 23:37:50 INFO     services.ec2: [VERIFY]    EC2 FAIL - 5 resources remain
2026-08-05 23:37:52 INFO     services.iam: [VERIFY]    IAM FAIL - 8 resources remain
2026-08-05 23:37:52 INFO     orchestrator: Verification written to logs/reports/070640552464/ap-south-1/verification.json
2026-08-05 23:37:52 INFO     main: [070640552464/ap-south-1] verification=FAIL discovered=16 deleted=0 remaining=14
2026-08-05 23:37:52 INFO     main: ======================================================================
2026-08-05 23:37:52 INFO     main: Combined summary written to logs/reports/cleanup_report_summary.json
2026-08-05 23:37:52 INFO     main: Overall result across all regions/accounts: FAIL
2026-08-05 23:37:52 INFO     main: ======================================================================
2026-08-05 23:53:47 INFO     main: ======================================================================
2026-08-05 23:53:47 INFO     main: AWS Sandbox Cleanup Engine
2026-08-05 23:53:47 INFO     main: Regions: ap-south-1 | Dry run: True
2026-08-05 23:53:47 INFO     main: Cross-account targets: 070640552464 via OrganizationAccountAccessRole
2026-08-05 23:53:47 INFO     main: ======================================================================
2026-08-05 23:53:47 INFO     main: --- Account 070640552464 / role OrganizationAccountAccessRole / region ap-south-1 ---
2026-08-05 23:53:47 INFO     botocore.credentials: Found credentials in shared credentials file: ~/.aws/credentials
2026-08-05 23:53:48 INFO     orchestrator: Starting cleanup run for account 070640552464 in ap-south-1
2026-08-05 23:53:48 INFO     orchestrator: Discovered 16 service plugins: apigateway, application_autoscaling, autoscaling, cloudformation, ec2, ecr, ecs, eks, elasticbeanstalk, elb, eventbridge, iam, kms, lambda, rds, s3
2026-08-05 23:53:48 INFO     services.ec2: [DISCOVER]  Scanning EC2 instances, volumes, snapshots, and networking resources ...
2026-08-05 23:53:48 INFO     services.cloudformation: [DISCOVER]  Scanning CloudFormation stacks ...
2026-08-05 23:53:48 INFO     services.ecs: [DISCOVER]  Scanning ECS clusters, services, tasks, container instances, and task definitions ...
2026-08-05 23:53:48 INFO     services.iam: [DISCOVER]  Scanning IAM roles, policies, instance profiles, users, and groups ...
2026-08-05 23:53:48 INFO     services.eventbridge: [DISCOVER]  Scanning EventBridge buses, rules, archives, and schema registries ...
2026-08-05 23:53:48 ERROR    orchestrator: [ERROR]     Inventory scan for 'ecr' raised: Service 'ecr' is a placeholder and has not been implemented yet.
2026-08-05 23:53:48 INFO     services.rds: [DISCOVER]  Scanning RDS clusters and instances ...
2026-08-05 23:53:48 INFO     services.s3: [DISCOVER]  Scanning S3 buckets ...
2026-08-05 23:53:48 ERROR    orchestrator: [ERROR]     Inventory scan for 'application_autoscaling' raised: Service 'application_autoscaling' is a placeholder and has not been implemented yet.
2026-08-05 23:53:48 ERROR    orchestrator: [ERROR]     Inventory scan for 'elb' raised: Service 'elb' is a placeholder and has not been implemented yet.
2026-08-05 23:53:48 ERROR    orchestrator: [ERROR]     Inventory scan for 'autoscaling' raised: Service 'autoscaling' is a placeholder and has not been implemented yet.
2026-08-05 23:53:48 ERROR    orchestrator: [ERROR]     Inventory scan for 'eks' raised: Service 'eks' is a placeholder and has not been implemented yet.
2026-08-05 23:53:48 ERROR    orchestrator: [ERROR]     Inventory scan for 'kms' raised: Service 'kms' is a placeholder and has not been implemented yet.
2026-08-05 23:53:48 ERROR    orchestrator: [ERROR]     Inventory scan for 'lambda' raised: Service 'lambda' is a placeholder and has not been implemented yet.
2026-08-05 23:53:48 ERROR    orchestrator: [ERROR]     Inventory scan for 'apigateway' raised: Service 'apigateway' is a placeholder and has not been implemented yet.
2026-08-05 23:53:48 ERROR    orchestrator: [ERROR]     Inventory scan for 'elasticbeanstalk' raised: Service 'elasticbeanstalk' is a placeholder and has not been implemented yet.
2026-08-05 23:53:49 INFO     services.cloudformation: [DISCOVER]  Found 0 stacks
2026-08-05 23:53:49 INFO     services.s3: [DISCOVER]  Found 1 buckets
2026-08-05 23:53:50 INFO     services.eventbridge: [DISCOVER]  Found 0 custom event buses, 2 rules, 0 archives, 0 custom schema registries, 0 schemas
2026-08-05 23:53:50 INFO     services.ec2: [DISCOVER]  Found 2 instances, 2 volumes, 0 snapshots, 1 networking resources
2026-08-05 23:53:50 INFO     services.ecs: [DISCOVER]  Found 0 clusters, 0 services, 0 standalone tasks, 0 container instances, 0 active task definitions
2026-08-05 23:53:50 INFO     services.rds: [DISCOVER]  Found 0 DB clusters and 0 DB instances
2026-08-05 23:54:06 INFO     main: ======================================================================
2026-08-05 23:54:06 INFO     main: AWS Sandbox Cleanup Engine
2026-08-05 23:54:06 INFO     main: Regions: ap-south-1 | Dry run: False
2026-08-05 23:54:06 INFO     main: Cross-account targets: 070640552464 via OrganizationAccountAccessRole
2026-08-05 23:54:06 INFO     main: ======================================================================
2026-08-05 23:54:12 INFO     main: --- Account 070640552464 / role OrganizationAccountAccessRole / region ap-south-1 ---
2026-08-05 23:54:12 INFO     botocore.credentials: Found credentials in shared credentials file: ~/.aws/credentials
2026-08-05 23:54:13 INFO     orchestrator: Starting cleanup run for account 070640552464 in ap-south-1
2026-08-05 23:54:13 INFO     orchestrator: Discovered 16 service plugins: apigateway, application_autoscaling, autoscaling, cloudformation, ec2, ecr, ecs, eks, elasticbeanstalk, elb, eventbridge, iam, kms, lambda, rds, s3
2026-08-05 23:54:13 INFO     services.ec2: [DISCOVER]  Scanning EC2 instances, volumes, snapshots, and networking resources ...
2026-08-05 23:54:13 INFO     services.cloudformation: [DISCOVER]  Scanning CloudFormation stacks ...
2026-08-05 23:54:13 INFO     services.ecs: [DISCOVER]  Scanning ECS clusters, services, tasks, container instances, and task definitions ...
2026-08-05 23:54:13 INFO     services.iam: [DISCOVER]  Scanning IAM roles, policies, instance profiles, users, and groups ...
2026-08-05 23:54:13 INFO     services.eventbridge: [DISCOVER]  Scanning EventBridge buses, rules, archives, and schema registries ...
2026-08-05 23:54:13 ERROR    orchestrator: [ERROR]     Inventory scan for 'ecr' raised: Service 'ecr' is a placeholder and has not been implemented yet.
2026-08-05 23:54:13 INFO     services.s3: [DISCOVER]  Scanning S3 buckets ...
2026-08-05 23:54:13 INFO     services.rds: [DISCOVER]  Scanning RDS clusters and instances ...
2026-08-05 23:54:13 ERROR    orchestrator: [ERROR]     Inventory scan for 'elasticbeanstalk' raised: Service 'elasticbeanstalk' is a placeholder and has not been implemented yet.
2026-08-05 23:54:13 ERROR    orchestrator: [ERROR]     Inventory scan for 'application_autoscaling' raised: Service 'application_autoscaling' is a placeholder and has not been implemented yet.
2026-08-05 23:54:13 ERROR    orchestrator: [ERROR]     Inventory scan for 'autoscaling' raised: Service 'autoscaling' is a placeholder and has not been implemented yet.
2026-08-05 23:54:13 ERROR    orchestrator: [ERROR]     Inventory scan for 'eks' raised: Service 'eks' is a placeholder and has not been implemented yet.
2026-08-05 23:54:13 ERROR    orchestrator: [ERROR]     Inventory scan for 'kms' raised: Service 'kms' is a placeholder and has not been implemented yet.
2026-08-05 23:54:13 ERROR    orchestrator: [ERROR]     Inventory scan for 'lambda' raised: Service 'lambda' is a placeholder and has not been implemented yet.
2026-08-05 23:54:13 ERROR    orchestrator: [ERROR]     Inventory scan for 'apigateway' raised: Service 'apigateway' is a placeholder and has not been implemented yet.
2026-08-05 23:54:13 ERROR    orchestrator: [ERROR]     Inventory scan for 'elb' raised: Service 'elb' is a placeholder and has not been implemented yet.
2026-08-05 23:54:14 INFO     services.cloudformation: [DISCOVER]  Found 0 stacks
2026-08-05 23:54:14 INFO     services.rds: [DISCOVER]  Found 0 DB clusters and 0 DB instances
2026-08-05 23:54:14 INFO     services.ecs: [DISCOVER]  Found 0 clusters, 0 services, 0 standalone tasks, 0 container instances, 0 active task definitions
2026-08-05 23:54:15 INFO     services.s3: [DISCOVER]  Found 1 buckets
2026-08-05 23:54:15 INFO     services.ec2: [DISCOVER]  Found 2 instances, 2 volumes, 0 snapshots, 1 networking resources
2026-08-05 23:54:15 INFO     services.eventbridge: [DISCOVER]  Found 0 custom event buses, 2 rules, 0 archives, 0 custom schema registries, 0 schemas
2026-08-05 23:54:22 INFO     services.iam: [DISCOVER]  Protecting currently-assumed role 'OrganizationAccountAccessRole' from deletion
2026-08-05 23:54:22 INFO     services.iam: [DISCOVER]  Found 4 deletable roles, 2 customer-managed policies, 2 instance profiles, 0 users, 0 groups
2026-08-05 23:54:22 INFO     orchestrator: Inventory written to logs/reports/070640552464/ap-south-1/inventory.json
2026-08-05 23:54:22 WARNING  orchestrator: [WARN]      Skipping cleanup for 'apigateway' because discovery failed: Service 'apigateway' is a placeholder and has not been implemented yet.
2026-08-05 23:54:22 WARNING  orchestrator: [WARN]      Skipping cleanup for 'application_autoscaling' because discovery failed: Service 'application_autoscaling' is a placeholder and has not been implemented yet.
2026-08-05 23:54:22 WARNING  orchestrator: [WARN]      Skipping cleanup for 'autoscaling' because discovery failed: Service 'autoscaling' is a placeholder and has not been implemented yet.
2026-08-05 23:54:22 INFO     orchestrator: Cleaning up service: cloudformation
2026-08-05 23:54:22 INFO     services.cloudformation: [CLEANUP]   No CloudFormation stacks to delete
2026-08-05 23:54:22 INFO     orchestrator: Cleaning up service: ec2
2026-08-05 23:54:23 INFO     services.ec2: [WAIT]      Waiting for instance termination: i-01de5d32e08332873
2026-08-05 23:54:23 INFO     services.ec2: [WAIT]      Waiting for instance termination: i-0ac9c536d88027781
2026-08-05 23:54:23 INFO     services.ec2: [WAIT]      EC2 instance 'i-01de5d32e08332873' termination ... (0s elapsed)
2026-08-05 23:54:24 INFO     services.ec2: [WAIT]      EC2 instance 'i-0ac9c536d88027781' termination ... (1s elapsed)
2026-08-05 23:54:38 INFO     services.ec2: [WAIT]      EC2 instance 'i-01de5d32e08332873' termination ... (15s elapsed)
2026-08-05 23:54:39 INFO     services.ec2: [WAIT]      EC2 instance 'i-0ac9c536d88027781' termination ... (16s elapsed)
2026-08-05 23:54:53 INFO     services.ec2: [WAIT]      EC2 instance 'i-01de5d32e08332873' termination ... (30s elapsed)
2026-08-05 23:54:55 INFO     services.ec2: [WAIT]      EC2 instance 'i-0ac9c536d88027781' termination ... (31s elapsed)
2026-08-05 23:55:08 INFO     services.ec2: [CLEANUP]   Terminated instance i-01de5d32e08332873
2026-08-05 23:55:10 INFO     services.ec2: [WAIT]      EC2 instance 'i-0ac9c536d88027781' termination ... (46s elapsed)
2026-08-05 23:55:25 INFO     services.ec2: [CLEANUP]   Terminated instance i-0ac9c536d88027781
2026-08-05 23:55:58 ERROR    services.ec2: [ERROR]     Failed to delete security group eks-cluster-sg-wonderful-indie-mushroom-37421579: An error occurred (DependencyViolation) when calling the DeleteSecurityGroup operation: resource sg-0d68c2b7dc309af22 has a dependent object
2026-08-05 23:55:58 ERROR    services.ec2: [ERROR]     Failed to delete volume vol-0d225a9a5d2019609: An error occurred (InvalidVolume.NotFound) when calling the DeleteVolume operation: The volume 'vol-0d225a9a5d2019609' does not exist.
2026-08-05 23:55:58 ERROR    services.ec2: [ERROR]     Failed to delete volume vol-02632c88b107bbe87: An error occurred (InvalidVolume.NotFound) when calling the DeleteVolume operation: The volume 'vol-02632c88b107bbe87' does not exist.
2026-08-05 23:55:58 WARNING  orchestrator: [WARN]      Skipping cleanup for 'ecr' because discovery failed: Service 'ecr' is a placeholder and has not been implemented yet.
2026-08-05 23:55:58 INFO     orchestrator: Cleaning up service: ecs
2026-08-05 23:55:58 INFO     services.ecs: [CLEANUP]   No ECS resources to delete
2026-08-05 23:55:58 WARNING  orchestrator: [WARN]      Skipping cleanup for 'eks' because discovery failed: Service 'eks' is a placeholder and has not been implemented yet.
2026-08-05 23:55:58 WARNING  orchestrator: [WARN]      Skipping cleanup for 'elasticbeanstalk' because discovery failed: Service 'elasticbeanstalk' is a placeholder and has not been implemented yet.
2026-08-05 23:55:58 WARNING  orchestrator: [WARN]      Skipping cleanup for 'elb' because discovery failed: Service 'elb' is a placeholder and has not been implemented yet.
2026-08-05 23:55:58 INFO     orchestrator: Cleaning up service: eventbridge
2026-08-05 23:55:58 INFO     services.eventbridge: [CLEANUP]   Skipping rule AutoScalingManagedRule on bus default: managed by autoscaling.amazonaws.com
2026-08-05 23:55:58 INFO     services.eventbridge: [CLEANUP]   Skipping rule EKSComputeManagedRule on bus default: managed by eks.amazonaws.com
2026-08-05 23:55:58 INFO     orchestrator: Cleaning up service: iam
2026-08-05 23:55:58 INFO     services.iam: [CLEANUP]   Skipping IAM resource DefaultIamPolicy: protected_resource_arn
2026-08-05 23:55:58 INFO     services.iam: [CLEANUP]   Skipping IAM resource CoderCreatedIdentityBoundary: protected_resource_arn
2026-08-05 23:56:03 INFO     services.iam: [CLEANUP]   Deleted role aws-elasticbeanstalk-service-role
2026-08-05 23:56:04 INFO     services.iam: [CLEANUP]   Deleted role AmazonEKSAutoNodeRole
2026-08-05 23:56:05 INFO     services.iam: [CLEANUP]   Deleted role AmazonEKSAutoClusterRole
2026-08-05 23:56:05 INFO     services.iam: [CLEANUP]   Deleted role AmazonEKSNodeRole
2026-08-05 23:56:05 INFO     services.iam: [CLEANUP]   Deleted instance profile eks-ap-south-1-wonderful-indie-mushroom-13800630074561924469
2026-08-05 23:56:06 INFO     services.iam: [CLEANUP]   Deleted instance profile eks-10cfe984-86e2-df8b-d39c-643f82bec3be
2026-08-05 23:56:06 WARNING  orchestrator: [WARN]      Skipping cleanup for 'kms' because discovery failed: Service 'kms' is a placeholder and has not been implemented yet.
2026-08-05 23:56:06 WARNING  orchestrator: [WARN]      Skipping cleanup for 'lambda' because discovery failed: Service 'lambda' is a placeholder and has not been implemented yet.
2026-08-05 23:56:06 INFO     orchestrator: Cleaning up service: rds
2026-08-05 23:56:06 INFO     services.rds: [CLEANUP]   No RDS clusters or instances to delete
2026-08-05 23:56:06 INFO     orchestrator: Cleaning up service: s3
2026-08-05 23:56:07 INFO     services.s3: [CLEANUP]   Deleted 1 object versions/markers from elasticbeanstalk-ap-south-1-070640552464
2026-08-05 23:56:07 INFO     services.s3: [CLEANUP]   Deleted bucket elasticbeanstalk-ap-south-1-070640552464
2026-08-05 23:56:07 INFO     services.s3: [WAIT]      Waiting for bucket deletion: elasticbeanstalk-ap-south-1-070640552464
2026-08-05 23:56:08 INFO     services.ecs: [VERIFY]    Verifying ECS is clean ...
2026-08-05 23:56:08 INFO     services.cloudformation: [VERIFY]    Verifying CloudFormation is clean ...
2026-08-05 23:56:08 INFO     services.ec2: [VERIFY]    Verifying EC2 is clean ...
2026-08-05 23:56:08 INFO     services.iam: [VERIFY]    Verifying IAM is clean ...
2026-08-05 23:56:08 INFO     services.eventbridge: [VERIFY]    Verifying EventBridge is clean ...
2026-08-05 23:56:08 INFO     services.rds: [VERIFY]    Verifying RDS is clean ...
2026-08-05 23:56:08 ERROR    orchestrator: [ERROR]     Verification for 'eks' raised: Service 'eks' is a placeholder and has not been implemented yet.
2026-08-05 23:56:08 INFO     services.s3: [VERIFY]    Verifying S3 is clean ...
2026-08-05 23:56:08 ERROR    orchestrator: [ERROR]     Verification for 'kms' raised: Service 'kms' is a placeholder and has not been implemented yet.
2026-08-05 23:56:08 ERROR    orchestrator: [ERROR]     Verification for 'apigateway' raised: Service 'apigateway' is a placeholder and has not been implemented yet.
2026-08-05 23:56:08 ERROR    orchestrator: [ERROR]     Verification for 'elasticbeanstalk' raised: Service 'elasticbeanstalk' is a placeholder and has not been implemented yet.
2026-08-05 23:56:08 ERROR    orchestrator: [ERROR]     Verification for 'application_autoscaling' raised: Service 'application_autoscaling' is a placeholder and has not been implemented yet.
2026-08-05 23:56:08 ERROR    orchestrator: [ERROR]     Verification for 'elb' raised: Service 'elb' is a placeholder and has not been implemented yet.
2026-08-05 23:56:08 ERROR    orchestrator: [ERROR]     Verification for 'autoscaling' raised: Service 'autoscaling' is a placeholder and has not been implemented yet.
2026-08-05 23:56:08 ERROR    orchestrator: [ERROR]     Verification for 'lambda' raised: Service 'lambda' is a placeholder and has not been implemented yet.
2026-08-05 23:56:08 ERROR    orchestrator: [ERROR]     Verification for 'ecr' raised: Service 'ecr' is a placeholder and has not been implemented yet.
2026-08-05 23:56:08 INFO     services.cloudformation: [VERIFY]    CloudFormation clean
2026-08-05 23:56:08 INFO     services.ecs: [VERIFY]    ECS clean
2026-08-05 23:56:08 INFO     services.s3: [VERIFY]    S3 clean
2026-08-05 23:56:08 INFO     services.rds: [VERIFY]    RDS clean
2026-08-05 23:56:08 INFO     services.eventbridge: [VERIFY]    EventBridge clean
2026-08-05 23:56:10 INFO     services.ec2: [VERIFY]    EC2 FAIL - 3 resources remain
2026-08-05 23:56:10 INFO     services.iam: [VERIFY]    IAM FAIL - 2 resources remain
2026-08-05 23:56:10 INFO     orchestrator: [VERIFY]    Verification pass 1/5 found remaining resources in ['eks', 'kms', 'apigateway', 'elasticbeanstalk', 'application_autoscaling', 'elb', 'autoscaling', 'lambda', 'ecr', 'ec2', 'iam']; retrying in 15s
2026-08-05 23:56:25 INFO     services.ec2: [VERIFY]    Verifying EC2 is clean ...
2026-08-05 23:56:25 INFO     services.cloudformation: [VERIFY]    Verifying CloudFormation is clean ...
2026-08-05 23:56:25 INFO     services.ecs: [VERIFY]    Verifying ECS is clean ...
2026-08-05 23:56:25 INFO     services.iam: [VERIFY]    Verifying IAM is clean ...
2026-08-05 23:56:25 INFO     services.eventbridge: [VERIFY]    Verifying EventBridge is clean ...
2026-08-05 23:56:25 ERROR    orchestrator: [ERROR]     Verification for 'lambda' raised: Service 'lambda' is a placeholder and has not been implemented yet.
2026-08-05 23:56:25 INFO     services.s3: [VERIFY]    Verifying S3 is clean ...
2026-08-05 23:56:25 INFO     services.rds: [VERIFY]    Verifying RDS is clean ...
2026-08-05 23:56:25 ERROR    orchestrator: [ERROR]     Verification for 'eks' raised: Service 'eks' is a placeholder and has not been implemented yet.
2026-08-05 23:56:25 ERROR    orchestrator: [ERROR]     Verification for 'elb' raised: Service 'elb' is a placeholder and has not been implemented yet.
2026-08-05 23:56:25 ERROR    orchestrator: [ERROR]     Verification for 'ecr' raised: Service 'ecr' is a placeholder and has not been implemented yet.
2026-08-05 23:56:25 ERROR    orchestrator: [ERROR]     Verification for 'kms' raised: Service 'kms' is a placeholder and has not been implemented yet.
2026-08-05 23:56:25 ERROR    orchestrator: [ERROR]     Verification for 'elasticbeanstalk' raised: Service 'elasticbeanstalk' is a placeholder and has not been implemented yet.
2026-08-05 23:56:25 ERROR    orchestrator: [ERROR]     Verification for 'application_autoscaling' raised: Service 'application_autoscaling' is a placeholder and has not been implemented yet.
2026-08-05 23:56:25 ERROR    orchestrator: [ERROR]     Verification for 'autoscaling' raised: Service 'autoscaling' is a placeholder and has not been implemented yet.
2026-08-05 23:56:25 ERROR    orchestrator: [ERROR]     Verification for 'apigateway' raised: Service 'apigateway' is a placeholder and has not been implemented yet.
2026-08-05 23:56:26 INFO     services.rds: [VERIFY]    RDS clean
2026-08-05 23:56:26 INFO     services.cloudformation: [VERIFY]    CloudFormation clean
2026-08-05 23:56:26 INFO     services.s3: [VERIFY]    S3 clean
2026-08-05 23:56:26 INFO     services.ecs: [VERIFY]    ECS clean
2026-08-05 23:56:26 INFO     services.eventbridge: [VERIFY]    EventBridge clean
2026-08-05 23:56:27 INFO     services.ec2: [VERIFY]    EC2 FAIL - 3 resources remain
2026-08-05 23:56:28 INFO     services.iam: [VERIFY]    IAM FAIL - 2 resources remain
2026-08-05 23:56:28 INFO     orchestrator: [VERIFY]    Verification pass 2/5 found remaining resources in ['lambda', 'eks', 'elb', 'ecr', 'kms', 'elasticbeanstalk', 'application_autoscaling', 'autoscaling', 'apigateway', 'ec2', 'iam']; retrying in 15s
2026-08-05 23:56:43 INFO     services.ec2: [VERIFY]    Verifying EC2 is clean ...
2026-08-05 23:56:43 INFO     services.cloudformation: [VERIFY]    Verifying CloudFormation is clean ...
2026-08-05 23:56:43 INFO     services.ecs: [VERIFY]    Verifying ECS is clean ...
2026-08-05 23:56:43 INFO     services.iam: [VERIFY]    Verifying IAM is clean ...
2026-08-05 23:56:43 INFO     services.rds: [VERIFY]    Verifying RDS is clean ...
2026-08-05 23:56:43 ERROR    orchestrator: [ERROR]     Verification for 'autoscaling' raised: Service 'autoscaling' is a placeholder and has not been implemented yet.
2026-08-05 23:56:43 INFO     services.eventbridge: [VERIFY]    Verifying EventBridge is clean ...
2026-08-05 23:56:43 INFO     services.s3: [VERIFY]    Verifying S3 is clean ...
2026-08-05 23:56:43 ERROR    orchestrator: [ERROR]     Verification for 'kms' raised: Service 'kms' is a placeholder and has not been implemented yet.
2026-08-05 23:56:43 ERROR    orchestrator: [ERROR]     Verification for 'eks' raised: Service 'eks' is a placeholder and has not been implemented yet.
2026-08-05 23:56:43 ERROR    orchestrator: [ERROR]     Verification for 'elb' raised: Service 'elb' is a placeholder and has not been implemented yet.
2026-08-05 23:56:43 ERROR    orchestrator: [ERROR]     Verification for 'application_autoscaling' raised: Service 'application_autoscaling' is a placeholder and has not been implemented yet.
2026-08-05 23:56:43 ERROR    orchestrator: [ERROR]     Verification for 'lambda' raised: Service 'lambda' is a placeholder and has not been implemented yet.
2026-08-05 23:56:43 ERROR    orchestrator: [ERROR]     Verification for 'apigateway' raised: Service 'apigateway' is a placeholder and has not been implemented yet.
2026-08-05 23:56:43 ERROR    orchestrator: [ERROR]     Verification for 'elasticbeanstalk' raised: Service 'elasticbeanstalk' is a placeholder and has not been implemented yet.
2026-08-05 23:56:43 ERROR    orchestrator: [ERROR]     Verification for 'ecr' raised: Service 'ecr' is a placeholder and has not been implemented yet.
2026-08-05 23:56:43 INFO     services.rds: [VERIFY]    RDS clean
2026-08-05 23:56:43 INFO     services.cloudformation: [VERIFY]    CloudFormation clean
2026-08-05 23:56:43 INFO     services.s3: [VERIFY]    S3 clean
2026-08-05 23:56:44 INFO     services.ecs: [VERIFY]    ECS clean
2026-08-05 23:56:44 INFO     services.eventbridge: [VERIFY]    EventBridge clean
2026-08-05 23:56:44 INFO     services.ec2: [VERIFY]    EC2 FAIL - 3 resources remain
2026-08-05 23:56:46 INFO     services.iam: [VERIFY]    IAM FAIL - 2 resources remain
2026-08-05 23:56:46 INFO     orchestrator: [VERIFY]    Verification pass 3/5 found remaining resources in ['autoscaling', 'kms', 'eks', 'elb', 'application_autoscaling', 'lambda', 'apigateway', 'elasticbeanstalk', 'ecr', 'ec2', 'iam']; retrying in 15s
2026-08-05 23:57:01 INFO     services.cloudformation: [VERIFY]    Verifying CloudFormation is clean ...
2026-08-05 23:57:01 INFO     services.ec2: [VERIFY]    Verifying EC2 is clean ...
2026-08-05 23:57:01 INFO     services.iam: [VERIFY]    Verifying IAM is clean ...
2026-08-05 23:57:01 INFO     services.ecs: [VERIFY]    Verifying ECS is clean ...
2026-08-05 23:57:01 INFO     services.eventbridge: [VERIFY]    Verifying EventBridge is clean ...
2026-08-05 23:57:01 INFO     services.s3: [VERIFY]    Verifying S3 is clean ...
2026-08-05 23:57:01 INFO     services.rds: [VERIFY]    Verifying RDS is clean ...
2026-08-05 23:57:01 ERROR    orchestrator: [ERROR]     Verification for 'eks' raised: Service 'eks' is a placeholder and has not been implemented yet.
2026-08-05 23:57:01 ERROR    orchestrator: [ERROR]     Verification for 'kms' raised: Service 'kms' is a placeholder and has not been implemented yet.
2026-08-05 23:57:01 ERROR    orchestrator: [ERROR]     Verification for 'ecr' raised: Service 'ecr' is a placeholder and has not been implemented yet.
2026-08-05 23:57:01 ERROR    orchestrator: [ERROR]     Verification for 'application_autoscaling' raised: Service 'application_autoscaling' is a placeholder and has not been implemented yet.
2026-08-05 23:57:01 ERROR    orchestrator: [ERROR]     Verification for 'elasticbeanstalk' raised: Service 'elasticbeanstalk' is a placeholder and has not been implemented yet.
2026-08-05 23:57:01 ERROR    orchestrator: [ERROR]     Verification for 'apigateway' raised: Service 'apigateway' is a placeholder and has not been implemented yet.
2026-08-05 23:57:01 ERROR    orchestrator: [ERROR]     Verification for 'autoscaling' raised: Service 'autoscaling' is a placeholder and has not been implemented yet.
2026-08-05 23:57:01 ERROR    orchestrator: [ERROR]     Verification for 'elb' raised: Service 'elb' is a placeholder and has not been implemented yet.
2026-08-05 23:57:01 ERROR    orchestrator: [ERROR]     Verification for 'lambda' raised: Service 'lambda' is a placeholder and has not been implemented yet.
2026-08-05 23:57:01 INFO     services.rds: [VERIFY]    RDS clean
2026-08-05 23:57:01 INFO     services.cloudformation: [VERIFY]    CloudFormation clean
2026-08-05 23:57:01 INFO     services.ecs: [VERIFY]    ECS clean
2026-08-05 23:57:01 INFO     services.s3: [VERIFY]    S3 clean
2026-08-05 23:57:02 INFO     services.ec2: [VERIFY]    EC2 FAIL - 3 resources remain
2026-08-05 23:57:03 INFO     services.eventbridge: [VERIFY]    EventBridge clean
2026-08-05 23:57:05 INFO     services.iam: [VERIFY]    IAM FAIL - 2 resources remain
2026-08-05 23:57:05 INFO     orchestrator: [VERIFY]    Verification pass 4/5 found remaining resources in ['eks', 'kms', 'ecr', 'application_autoscaling', 'elasticbeanstalk', 'apigateway', 'autoscaling', 'elb', 'lambda', 'ec2', 'iam']; retrying in 15s
2026-08-05 23:57:20 INFO     services.ec2: [VERIFY]    Verifying EC2 is clean ...
2026-08-05 23:57:20 INFO     services.cloudformation: [VERIFY]    Verifying CloudFormation is clean ...
2026-08-05 23:57:20 INFO     services.ecs: [VERIFY]    Verifying ECS is clean ...
2026-08-05 23:57:20 INFO     services.rds: [VERIFY]    Verifying RDS is clean ...
2026-08-05 23:57:20 INFO     services.iam: [VERIFY]    Verifying IAM is clean ...
2026-08-05 23:57:20 INFO     services.s3: [VERIFY]    Verifying S3 is clean ...
2026-08-05 23:57:20 INFO     services.eventbridge: [VERIFY]    Verifying EventBridge is clean ...
2026-08-05 23:57:20 ERROR    orchestrator: [ERROR]     Verification for 'ecr' raised: Service 'ecr' is a placeholder and has not been implemented yet.
2026-08-05 23:57:20 ERROR    orchestrator: [ERROR]     Verification for 'eks' raised: Service 'eks' is a placeholder and has not been implemented yet.
2026-08-05 23:57:20 ERROR    orchestrator: [ERROR]     Verification for 'elasticbeanstalk' raised: Service 'elasticbeanstalk' is a placeholder and has not been implemented yet.
2026-08-05 23:57:20 ERROR    orchestrator: [ERROR]     Verification for 'application_autoscaling' raised: Service 'application_autoscaling' is a placeholder and has not been implemented yet.
2026-08-05 23:57:20 ERROR    orchestrator: [ERROR]     Verification for 'kms' raised: Service 'kms' is a placeholder and has not been implemented yet.
2026-08-05 23:57:20 ERROR    orchestrator: [ERROR]     Verification for 'elb' raised: Service 'elb' is a placeholder and has not been implemented yet.
2026-08-05 23:57:20 ERROR    orchestrator: [ERROR]     Verification for 'lambda' raised: Service 'lambda' is a placeholder and has not been implemented yet.
2026-08-05 23:57:20 ERROR    orchestrator: [ERROR]     Verification for 'autoscaling' raised: Service 'autoscaling' is a placeholder and has not been implemented yet.
2026-08-05 23:57:20 ERROR    orchestrator: [ERROR]     Verification for 'apigateway' raised: Service 'apigateway' is a placeholder and has not been implemented yet.
2026-08-05 23:57:20 INFO     services.rds: [VERIFY]    RDS clean
2026-08-05 23:57:20 INFO     services.cloudformation: [VERIFY]    CloudFormation clean
2026-08-05 23:57:20 INFO     services.s3: [VERIFY]    S3 clean
2026-08-05 23:57:20 INFO     services.ecs: [VERIFY]    ECS clean
2026-08-05 23:57:20 INFO     services.eventbridge: [VERIFY]    EventBridge clean
2026-08-05 23:57:21 INFO     services.ec2: [VERIFY]    EC2 FAIL - 3 resources remain
2026-08-05 23:57:23 INFO     services.iam: [VERIFY]    IAM FAIL - 2 resources remain
2026-08-05 23:57:23 INFO     orchestrator: Verification written to logs/reports/070640552464/ap-south-1/verification.json
2026-08-05 23:57:23 INFO     main: [070640552464/ap-south-1] verification=FAIL discovered=16 deleted=9 remaining=5
2026-08-05 23:57:23 INFO     main: ======================================================================
2026-08-05 23:57:23 INFO     main: Combined summary written to logs/reports/cleanup_report_summary.json
2026-08-05 23:57:23 INFO     main: Overall result across all regions/accounts: FAIL
2026-08-05 23:57:23 INFO     main: ======================================================================
2026-08-06 14:56:32 INFO     main: ======================================================================
2026-08-06 14:56:32 INFO     main: AWS Sandbox Cleanup Engine
2026-08-06 14:56:32 INFO     main: Regions: ap-south-1 | Dry run: False
2026-08-06 14:56:32 INFO     main: Cross-account targets: 070640552464 via OrganizationAccountAccessRole
2026-08-06 14:56:32 INFO     main: ======================================================================
2026-08-06 14:56:45 INFO     main: --- Account 070640552464 / role OrganizationAccountAccessRole / region ap-south-1 ---
2026-08-06 14:56:45 INFO     botocore.credentials: Found credentials in shared credentials file: ~/.aws/credentials
2026-08-06 14:56:56 INFO     orchestrator: Starting cleanup run for account 070640552464 in ap-south-1
2026-08-06 14:56:56 INFO     orchestrator: Discovered 16 service plugins: apigateway, application_autoscaling, autoscaling, cloudformation, ec2, ecr, ecs, eks, elasticbeanstalk, elb, eventbridge, iam, kms, lambda, rds, s3
2026-08-06 14:56:56 INFO     services.cloudformation: [DISCOVER]  Scanning CloudFormation stacks ...
2026-08-06 14:56:56 INFO     services.ec2: [DISCOVER]  Scanning EC2 instances, volumes, snapshots, and networking resources ...
2026-08-06 14:56:56 INFO     services.eks: [DISCOVER]  Scanning EKS clusters and their node groups, Fargate profiles, and add-ons ...
2026-08-06 14:56:56 INFO     services.ecs: [DISCOVER]  Scanning ECS clusters, services, tasks, container instances, and task definitions ...
2026-08-06 14:56:56 INFO     services.eventbridge: [DISCOVER]  Scanning EventBridge buses, rules, archives, and schema registries ...
2026-08-06 14:56:56 INFO     services.iam: [DISCOVER]  Scanning IAM roles, policies, instance profiles, users, and groups ...
2026-08-06 14:56:56 INFO     services.rds: [DISCOVER]  Scanning RDS clusters and instances ...
2026-08-06 14:56:56 ERROR    orchestrator: [ERROR]     Inventory scan for 'ecr' raised: Service 'ecr' is a placeholder and has not been implemented yet.
2026-08-06 14:56:56 ERROR    orchestrator: [ERROR]     Inventory scan for 'application_autoscaling' raised: Service 'application_autoscaling' is a placeholder and has not been implemented yet.
2026-08-06 14:56:56 INFO     services.s3: [DISCOVER]  Scanning S3 buckets ...
2026-08-06 14:56:56 ERROR    orchestrator: [ERROR]     Inventory scan for 'apigateway' raised: Service 'apigateway' is a placeholder and has not been implemented yet.
2026-08-06 14:56:56 ERROR    orchestrator: [ERROR]     Inventory scan for 'elb' raised: Service 'elb' is a placeholder and has not been implemented yet.
2026-08-06 14:56:56 ERROR    orchestrator: [ERROR]     Inventory scan for 'kms' raised: Service 'kms' is a placeholder and has not been implemented yet.
2026-08-06 14:56:56 ERROR    orchestrator: [ERROR]     Inventory scan for 'autoscaling' raised: Service 'autoscaling' is a placeholder and has not been implemented yet.
2026-08-06 14:56:56 ERROR    orchestrator: [ERROR]     Inventory scan for 'lambda' raised: Service 'lambda' is a placeholder and has not been implemented yet.
2026-08-06 14:56:56 ERROR    orchestrator: [ERROR]     Inventory scan for 'elasticbeanstalk' raised: Service 'elasticbeanstalk' is a placeholder and has not been implemented yet.
2026-08-06 14:56:56 INFO     services.cloudformation: [DISCOVER]  Found 0 stacks
2026-08-06 14:56:56 INFO     services.ecs: [DISCOVER]  Found 0 clusters, 0 services, 0 standalone tasks, 0 container instances, 0 active task definitions
2026-08-06 14:56:56 INFO     services.s3: [DISCOVER]  Found 0 buckets
2026-08-06 14:56:56 INFO     services.rds: [DISCOVER]  Found 0 DB clusters and 0 DB instances
2026-08-06 14:56:57 INFO     services.eventbridge: [DISCOVER]  Found 0 custom event buses, 2 rules, 0 archives, 0 custom schema registries, 0 schemas
2026-08-06 14:56:57 INFO     services.ec2: [DISCOVER]  Found 2 instances, 2 volumes, 0 snapshots, 1 networking resources
2026-08-06 14:56:59 INFO     services.eks: [DISCOVER]  Found 1 clusters, 1 node groups, 0 Fargate profiles, 1 add-ons, 4 access entries
2026-08-06 14:57:00 INFO     services.iam: [DISCOVER]  Protecting currently-assumed role 'OrganizationAccountAccessRole' from deletion
2026-08-06 14:57:00 INFO     services.iam: [DISCOVER]  Found 3 deletable roles, 2 customer-managed policies, 2 instance profiles, 0 users, 0 groups
2026-08-06 14:57:00 INFO     orchestrator: Inventory written to logs/reports/070640552464/ap-south-1/inventory.json
2026-08-06 14:57:00 WARNING  orchestrator: [WARN]      Skipping cleanup for 'apigateway' because discovery failed: Service 'apigateway' is a placeholder and has not been implemented yet.
2026-08-06 14:57:00 WARNING  orchestrator: [WARN]      Skipping cleanup for 'application_autoscaling' because discovery failed: Service 'application_autoscaling' is a placeholder and has not been implemented yet.
2026-08-06 14:57:00 WARNING  orchestrator: [WARN]      Skipping cleanup for 'autoscaling' because discovery failed: Service 'autoscaling' is a placeholder and has not been implemented yet.
2026-08-06 14:57:00 INFO     orchestrator: Cleaning up service: cloudformation
2026-08-06 14:57:00 INFO     services.cloudformation: [CLEANUP]   No CloudFormation stacks to delete
2026-08-06 14:57:00 INFO     orchestrator: Cleaning up service: ec2
2026-08-06 14:57:01 INFO     services.ec2: [WAIT]      Waiting for instance termination: i-05033c6ee12f8bbf6
2026-08-06 14:57:01 INFO     services.ec2: [WAIT]      Waiting for instance termination: i-0773a8f4f20da5e79
2026-08-06 14:57:01 INFO     services.ec2: [WAIT]      EC2 instance 'i-05033c6ee12f8bbf6' termination ... (0s elapsed)
2026-08-06 14:57:02 INFO     services.ec2: [WAIT]      EC2 instance 'i-0773a8f4f20da5e79' termination ... (1s elapsed)
2026-08-06 14:57:17 INFO     services.ec2: [WAIT]      EC2 instance 'i-05033c6ee12f8bbf6' termination ... (15s elapsed)
2026-08-06 14:57:17 INFO     services.ec2: [WAIT]      EC2 instance 'i-0773a8f4f20da5e79' termination ... (16s elapsed)
2026-08-06 14:57:32 INFO     services.ec2: [CLEANUP]   Terminated instance i-05033c6ee12f8bbf6
2026-08-06 14:57:33 INFO     services.ec2: [CLEANUP]   Terminated instance i-0773a8f4f20da5e79
2026-08-06 14:58:03 ERROR    services.ec2: [ERROR]     Failed to delete security group eks-cluster-sg-peculiar-country-painting-724464173: An error occurred (DependencyViolation) when calling the DeleteSecurityGroup operation: resource sg-024a2c4642d858784 has a dependent object
2026-08-06 14:58:04 ERROR    services.ec2: [ERROR]     Failed to delete volume vol-0a1d24f4fcfb65623: An error occurred (InvalidVolume.NotFound) when calling the DeleteVolume operation: The volume 'vol-0a1d24f4fcfb65623' does not exist.
2026-08-06 14:58:04 ERROR    services.ec2: [ERROR]     Failed to delete volume vol-0403778c559ed83fa: An error occurred (InvalidVolume.NotFound) when calling the DeleteVolume operation: The volume 'vol-0403778c559ed83fa' does not exist.
2026-08-06 14:58:04 WARNING  orchestrator: [WARN]      Skipping cleanup for 'ecr' because discovery failed: Service 'ecr' is a placeholder and has not been implemented yet.
2026-08-06 14:58:04 INFO     orchestrator: Cleaning up service: ecs
2026-08-06 14:58:04 INFO     services.ecs: [CLEANUP]   No ECS resources to delete
2026-08-06 14:58:04 INFO     orchestrator: Cleaning up service: eks
2026-08-06 14:58:04 INFO     services.eks: [WAIT]      Waiting for node group deletion: yoi
2026-08-06 14:58:04 INFO     services.eks: [WAIT]      EKS node group 'yoi' deletion ... (0s elapsed)
2026-08-06 14:58:19 INFO     services.eks: [WAIT]      EKS node group 'yoi' deletion ... (15s elapsed)
2026-08-06 14:58:34 INFO     services.eks: [WAIT]      EKS node group 'yoi' deletion ... (30s elapsed)
2026-08-06 14:58:50 INFO     services.eks: [WAIT]      EKS node group 'yoi' deletion ... (45s elapsed)
2026-08-06 14:59:05 INFO     services.eks: [WAIT]      EKS node group 'yoi' deletion ... (60s elapsed)
2026-08-06 14:59:20 INFO     services.eks: [WAIT]      EKS node group 'yoi' deletion ... (75s elapsed)
2026-08-06 14:59:35 INFO     services.eks: [WAIT]      EKS node group 'yoi' deletion ... (91s elapsed)
2026-08-06 14:59:50 INFO     services.eks: [WAIT]      EKS node group 'yoi' deletion ... (106s elapsed)
2026-08-06 15:00:05 INFO     services.eks: [WAIT]      EKS node group 'yoi' deletion ... (121s elapsed)
2026-08-06 15:00:20 INFO     services.eks: [WAIT]      EKS node group 'yoi' deletion ... (136s elapsed)
2026-08-06 15:00:36 INFO     services.eks: [WAIT]      EKS node group 'yoi' deletion ... (151s elapsed)
2026-08-06 15:00:51 INFO     services.eks: [WAIT]      EKS node group 'yoi' deletion ... (166s elapsed)
2026-08-06 15:01:06 INFO     services.eks: [WAIT]      EKS node group 'yoi' deletion ... (181s elapsed)
2026-08-06 15:01:21 INFO     services.eks: [WAIT]      EKS node group 'yoi' deletion ... (197s elapsed)
2026-08-06 15:01:37 INFO     services.eks: [WAIT]      EKS node group 'yoi' deletion ... (212s elapsed)
2026-08-06 15:01:52 INFO     services.eks: [WAIT]      EKS node group 'yoi' deletion ... (227s elapsed)
2026-08-06 15:02:07 INFO     services.eks: [WAIT]      EKS node group 'yoi' deletion ... (242s elapsed)
2026-08-06 15:02:22 INFO     services.eks: [WAIT]      EKS node group 'yoi' deletion ... (258s elapsed)
2026-08-06 15:02:37 INFO     services.eks: [WAIT]      EKS node group 'yoi' deletion ... (273s elapsed)
2026-08-06 15:02:52 INFO     services.eks: [WAIT]      EKS node group 'yoi' deletion ... (288s elapsed)
2026-08-06 15:03:08 INFO     services.eks: [WAIT]      EKS node group 'yoi' deletion ... (303s elapsed)
2026-08-06 15:03:23 INFO     services.eks: [WAIT]      EKS node group 'yoi' deletion ... (319s elapsed)
2026-08-06 15:03:38 INFO     services.eks: [WAIT]      EKS node group 'yoi' deletion ... (334s elapsed)
2026-08-06 15:03:53 INFO     services.eks: [WAIT]      EKS node group 'yoi' deletion ... (349s elapsed)
2026-08-06 15:04:08 INFO     services.eks: [WAIT]      EKS node group 'yoi' deletion ... (364s elapsed)
2026-08-06 15:04:24 INFO     services.eks: [WAIT]      EKS node group 'yoi' deletion ... (379s elapsed)
2026-08-06 15:04:39 INFO     services.eks: [WAIT]      EKS node group 'yoi' deletion ... (394s elapsed)
2026-08-06 15:04:54 INFO     services.eks: [WAIT]      EKS node group 'yoi' deletion ... (410s elapsed)
2026-08-06 15:05:09 INFO     services.eks: [WAIT]      EKS node group 'yoi' deletion ... (425s elapsed)
2026-08-06 15:05:24 INFO     services.eks: [WAIT]      EKS node group 'yoi' deletion ... (440s elapsed)
2026-08-06 15:05:40 INFO     services.eks: [WAIT]      EKS node group 'yoi' deletion ... (455s elapsed)
2026-08-06 15:05:55 INFO     services.eks: [WAIT]      EKS node group 'yoi' deletion ... (470s elapsed)
2026-08-06 15:06:10 INFO     services.eks: [WAIT]      EKS node group 'yoi' deletion ... (486s elapsed)
2026-08-06 15:06:25 INFO     services.eks: [WAIT]      EKS node group 'yoi' deletion ... (501s elapsed)
2026-08-06 15:06:40 INFO     services.eks: [WAIT]      EKS node group 'yoi' deletion ... (516s elapsed)
2026-08-06 15:06:56 INFO     services.eks: [WAIT]      EKS node group 'yoi' deletion ... (531s elapsed)
2026-08-06 15:07:11 INFO     services.eks: [WAIT]      EKS node group 'yoi' deletion ... (546s elapsed)
2026-08-06 15:07:26 INFO     services.eks: [WAIT]      EKS node group 'yoi' deletion ... (561s elapsed)
2026-08-06 15:07:42 INFO     services.eks: [WAIT]      EKS node group 'yoi' deletion ... (578s elapsed)
2026-08-06 15:08:02 INFO     services.eks: [WAIT]      EKS node group 'yoi' deletion ... (598s elapsed)
2026-08-06 15:08:17 INFO     services.eks: [WAIT]      EKS node group 'yoi' deletion ... (613s elapsed)
2026-08-06 15:08:32 INFO     services.eks: [WAIT]      EKS node group 'yoi' deletion ... (628s elapsed)
2026-08-06 15:08:47 INFO     services.eks: [WAIT]      EKS node group 'yoi' deletion ... (643s elapsed)
2026-08-06 15:09:03 INFO     services.eks: [WAIT]      EKS node group 'yoi' deletion ... (658s elapsed)
2026-08-06 15:09:18 INFO     services.eks: [WAIT]      EKS node group 'yoi' deletion ... (673s elapsed)
2026-08-06 15:09:33 INFO     services.eks: [WAIT]      EKS node group 'yoi' deletion ... (689s elapsed)
2026-08-06 15:09:48 INFO     services.eks: [WAIT]      EKS node group 'yoi' deletion ... (704s elapsed)
2026-08-06 15:10:03 INFO     services.eks: [WAIT]      EKS node group 'yoi' deletion ... (719s elapsed)
2026-08-06 15:10:19 INFO     services.eks: [WAIT]      EKS node group 'yoi' deletion ... (734s elapsed)
2026-08-06 15:10:34 INFO     services.eks: [WAIT]      EKS node group 'yoi' deletion ... (749s elapsed)
2026-08-06 15:10:49 INFO     services.eks: [WAIT]      EKS node group 'yoi' deletion ... (764s elapsed)
2026-08-06 15:11:04 INFO     services.eks: [WAIT]      EKS node group 'yoi' deletion ... (780s elapsed)
2026-08-06 15:11:19 INFO     services.eks: [WAIT]      EKS node group 'yoi' deletion ... (795s elapsed)
2026-08-06 15:11:35 INFO     services.eks: [WAIT]      EKS node group 'yoi' deletion ... (810s elapsed)
2026-08-06 15:11:50 INFO     services.eks: [WAIT]      EKS node group 'yoi' deletion ... (825s elapsed)
2026-08-06 15:12:05 INFO     services.eks: [WAIT]      EKS node group 'yoi' deletion ... (841s elapsed)
2026-08-06 15:12:20 INFO     services.eks: [WAIT]      EKS node group 'yoi' deletion ... (856s elapsed)
2026-08-06 15:12:35 INFO     services.eks: [WAIT]      EKS node group 'yoi' deletion ... (871s elapsed)
2026-08-06 15:12:50 INFO     services.eks: [WAIT]      EKS node group 'yoi' deletion ... (886s elapsed)
2026-08-06 15:13:06 INFO     services.eks: [WAIT]      EKS node group 'yoi' deletion ... (901s elapsed)
2026-08-06 15:13:21 INFO     services.eks: [WAIT]      EKS node group 'yoi' deletion ... (916s elapsed)
2026-08-06 15:13:36 INFO     services.eks: [WAIT]      EKS node group 'yoi' deletion ... (931s elapsed)
2026-08-06 15:13:51 INFO     services.eks: [WAIT]      EKS node group 'yoi' deletion ... (947s elapsed)
2026-08-06 15:14:06 INFO     services.eks: [WAIT]      EKS node group 'yoi' deletion ... (962s elapsed)
2026-08-06 15:14:22 INFO     services.eks: [WAIT]      EKS node group 'yoi' deletion ... (977s elapsed)
2026-08-06 15:14:37 INFO     services.eks: [WAIT]      EKS node group 'yoi' deletion ... (993s elapsed)
2026-08-06 15:14:52 INFO     services.eks: [WAIT]      EKS node group 'yoi' deletion ... (1008s elapsed)
2026-08-06 15:15:07 INFO     services.eks: [WAIT]      EKS node group 'yoi' deletion ... (1023s elapsed)
2026-08-06 15:15:23 INFO     services.eks: [WAIT]      EKS node group 'yoi' deletion ... (1038s elapsed)
2026-08-06 15:15:38 INFO     services.eks: [WAIT]      EKS node group 'yoi' deletion ... (1053s elapsed)
2026-08-06 15:15:53 INFO     services.eks: [WAIT]      EKS node group 'yoi' deletion ... (1069s elapsed)
2026-08-06 15:16:08 INFO     services.eks: [WAIT]      EKS node group 'yoi' deletion ... (1084s elapsed)
2026-08-06 15:16:23 INFO     services.eks: [WAIT]      EKS node group 'yoi' deletion ... (1099s elapsed)
2026-08-06 15:16:39 INFO     services.eks: [WAIT]      EKS node group 'yoi' deletion ... (1114s elapsed)
2026-08-06 15:16:54 INFO     services.eks: [WAIT]      EKS node group 'yoi' deletion ... (1129s elapsed)
2026-08-06 15:17:09 INFO     services.eks: [WAIT]      EKS node group 'yoi' deletion ... (1144s elapsed)
2026-08-06 15:17:24 INFO     services.eks: [WAIT]      EKS node group 'yoi' deletion ... (1160s elapsed)
2026-08-06 15:17:39 INFO     services.eks: [WAIT]      EKS node group 'yoi' deletion ... (1175s elapsed)
2026-08-06 15:17:55 INFO     services.eks: [WAIT]      EKS node group 'yoi' deletion ... (1190s elapsed)
2026-08-06 15:18:10 INFO     services.eks: [WAIT]      EKS node group 'yoi' deletion ... (1205s elapsed)
2026-08-06 15:18:25 INFO     services.eks: [WAIT]      EKS node group 'yoi' deletion ... (1220s elapsed)
2026-08-06 15:18:40 INFO     services.eks: [WAIT]      EKS node group 'yoi' deletion ... (1236s elapsed)
2026-08-06 15:18:55 INFO     services.eks: [WAIT]      EKS node group 'yoi' deletion ... (1251s elapsed)
2026-08-06 15:19:10 INFO     services.eks: [WAIT]      EKS node group 'yoi' deletion ... (1266s elapsed)
2026-08-06 15:19:25 INFO     services.eks: [WAIT]      EKS node group 'yoi' deletion ... (1281s elapsed)
2026-08-06 15:19:41 INFO     services.eks: [WAIT]      EKS node group 'yoi' deletion ... (1296s elapsed)
2026-08-06 15:19:56 INFO     services.eks: [WAIT]      EKS node group 'yoi' deletion ... (1311s elapsed)
2026-08-06 15:20:11 INFO     services.eks: [WAIT]      EKS node group 'yoi' deletion ... (1326s elapsed)
2026-08-06 15:20:26 INFO     services.eks: [WAIT]      EKS node group 'yoi' deletion ... (1342s elapsed)
2026-08-06 15:20:41 INFO     services.eks: [WAIT]      EKS node group 'yoi' deletion ... (1357s elapsed)
2026-08-06 15:20:56 INFO     services.eks: [WAIT]      EKS node group 'yoi' deletion ... (1372s elapsed)
2026-08-06 15:21:12 INFO     services.eks: [WAIT]      EKS node group 'yoi' deletion ... (1387s elapsed)
2026-08-06 15:21:27 INFO     services.eks: [WAIT]      EKS node group 'yoi' deletion ... (1402s elapsed)
2026-08-06 15:21:42 INFO     services.eks: [WAIT]      EKS node group 'yoi' deletion ... (1417s elapsed)
2026-08-06 15:21:57 INFO     services.eks: [WAIT]      EKS node group 'yoi' deletion ... (1433s elapsed)
2026-08-06 15:22:12 INFO     services.eks: [WAIT]      EKS node group 'yoi' deletion ... (1448s elapsed)
2026-08-06 15:22:27 INFO     services.eks: [WAIT]      EKS node group 'yoi' deletion ... (1463s elapsed)
2026-08-06 15:22:42 INFO     services.eks: [WAIT]      EKS node group 'yoi' deletion ... (1478s elapsed)
2026-08-06 15:22:58 INFO     services.eks: [WAIT]      EKS node group 'yoi' deletion ... (1493s elapsed)
2026-08-06 15:23:13 INFO     services.eks: [WAIT]      EKS node group 'yoi' deletion ... (1508s elapsed)
2026-08-06 15:23:28 INFO     services.eks: [WAIT]      EKS node group 'yoi' deletion ... (1524s elapsed)
2026-08-06 15:23:43 INFO     services.eks: [WAIT]      EKS node group 'yoi' deletion ... (1539s elapsed)
2026-08-06 15:23:58 INFO     services.eks: [WAIT]      EKS node group 'yoi' deletion ... (1554s elapsed)
2026-08-06 15:24:13 INFO     services.eks: [WAIT]      EKS node group 'yoi' deletion ... (1569s elapsed)
2026-08-06 15:24:29 INFO     services.eks: [WAIT]      EKS node group 'yoi' deletion ... (1584s elapsed)
2026-08-06 15:24:44 INFO     services.eks: [WAIT]      EKS node group 'yoi' deletion ... (1599s elapsed)
2026-08-06 15:24:59 INFO     services.eks: [WAIT]      EKS node group 'yoi' deletion ... (1614s elapsed)
2026-08-06 15:25:14 INFO     services.eks: [WAIT]      EKS node group 'yoi' deletion ... (1630s elapsed)
2026-08-06 15:25:29 INFO     services.eks: [WAIT]      EKS node group 'yoi' deletion ... (1645s elapsed)
2026-08-06 15:25:44 INFO     services.eks: [WAIT]      EKS node group 'yoi' deletion ... (1660s elapsed)
2026-08-06 15:25:59 INFO     services.eks: [WAIT]      EKS node group 'yoi' deletion ... (1675s elapsed)
2026-08-06 15:26:15 INFO     services.eks: [WAIT]      EKS node group 'yoi' deletion ... (1690s elapsed)
2026-08-06 15:26:30 INFO     services.eks: [WAIT]      EKS node group 'yoi' deletion ... (1705s elapsed)
2026-08-06 15:26:45 INFO     services.eks: [WAIT]      EKS node group 'yoi' deletion ... (1721s elapsed)
2026-08-06 15:27:00 INFO     services.eks: [WAIT]      EKS node group 'yoi' deletion ... (1736s elapsed)
2026-08-06 15:27:15 INFO     services.eks: [WAIT]      EKS node group 'yoi' deletion ... (1751s elapsed)
2026-08-06 15:27:30 INFO     services.eks: [CLEANUP]   Deleted node group yoi (cluster peculiar-country-painting)
2026-08-06 15:27:31 INFO     services.eks: [CLEANUP]   Deleted add-on metrics-server (cluster peculiar-country-painting)
2026-08-06 15:27:31 ERROR    services.eks: [ERROR]     Failed to delete access entry AWSServiceRoleForAmazonEKS: An error occurred (InvalidParameterException) when calling the DeleteAccessEntry operation: The caller is not allowed to modify access entries with a principalArn value of a Service Linked Role
2026-08-06 15:27:31 INFO     services.eks: [CLEANUP]   Deleted access entry AmazonEKSAutoNodeRole (cluster peculiar-country-painting)
2026-08-06 15:27:33 INFO     services.eks: [CLEANUP]   Deleted access entry AmazonEKSNodeRole (cluster peculiar-country-painting)
2026-08-06 15:27:33 INFO     services.eks: [CLEANUP]   Deleted access entry OrganizationAccountAccessRole (cluster peculiar-country-painting)
2026-08-06 15:27:34 INFO     services.eks: [WAIT]      Waiting for cluster deletion: peculiar-country-painting
2026-08-06 15:27:34 INFO     services.eks: [WAIT]      EKS cluster 'peculiar-country-painting' deletion ... (0s elapsed)
2026-08-06 15:27:49 INFO     services.eks: [WAIT]      EKS cluster 'peculiar-country-painting' deletion ... (15s elapsed)
2026-08-06 15:28:04 INFO     services.eks: [WAIT]      EKS cluster 'peculiar-country-painting' deletion ... (30s elapsed)
2026-08-06 15:28:20 INFO     services.eks: [WAIT]      EKS cluster 'peculiar-country-painting' deletion ... (45s elapsed)
2026-08-06 15:28:35 INFO     services.eks: [WAIT]      EKS cluster 'peculiar-country-painting' deletion ... (60s elapsed)
2026-08-06 15:28:50 INFO     services.eks: [WAIT]      EKS cluster 'peculiar-country-painting' deletion ... (76s elapsed)
2026-08-06 15:29:05 INFO     services.eks: [WAIT]      EKS cluster 'peculiar-country-painting' deletion ... (91s elapsed)
2026-08-06 15:29:20 INFO     services.eks: [WAIT]      EKS cluster 'peculiar-country-painting' deletion ... (106s elapsed)
2026-08-06 15:29:36 INFO     services.eks: [WAIT]      EKS cluster 'peculiar-country-painting' deletion ... (121s elapsed)
2026-08-06 15:29:51 INFO     services.eks: [WAIT]      EKS cluster 'peculiar-country-painting' deletion ... (137s elapsed)
2026-08-06 15:30:06 INFO     services.eks: [CLEANUP]   Deleted cluster peculiar-country-painting
2026-08-06 15:30:06 INFO     services.eks: [CLEANUP]   Deleted log group /aws/eks/peculiar-country-painting/cluster
2026-08-06 15:30:06 WARNING  orchestrator: [WARN]      Skipping cleanup for 'elasticbeanstalk' because discovery failed: Service 'elasticbeanstalk' is a placeholder and has not been implemented yet.
2026-08-06 15:30:06 WARNING  orchestrator: [WARN]      Skipping cleanup for 'elb' because discovery failed: Service 'elb' is a placeholder and has not been implemented yet.
2026-08-06 15:30:06 INFO     orchestrator: Cleaning up service: eventbridge
2026-08-06 15:30:06 INFO     services.eventbridge: [CLEANUP]   Skipping rule AutoScalingManagedRule on bus default: managed by autoscaling.amazonaws.com
2026-08-06 15:30:06 INFO     services.eventbridge: [CLEANUP]   Skipping rule EKSComputeManagedRule on bus default: managed by eks.amazonaws.com
2026-08-06 15:30:06 INFO     orchestrator: Cleaning up service: iam
2026-08-06 15:30:06 INFO     services.iam: [CLEANUP]   Skipping IAM resource DefaultIamPolicy: protected_resource_arn
2026-08-06 15:30:06 INFO     services.iam: [CLEANUP]   Skipping IAM resource CoderCreatedIdentityBoundary: protected_resource_arn
2026-08-06 15:30:09 INFO     services.iam: [CLEANUP]   Deleted role AmazonEKSNodeRole
2026-08-06 15:30:10 INFO     services.iam: [CLEANUP]   Deleted role AmazonEKSAutoNodeRole
2026-08-06 15:30:11 INFO     services.iam: [CLEANUP]   Deleted role AmazonEKSAutoClusterRole
2026-08-06 15:30:11 ERROR    services.iam: [ERROR]     Failed to delete instance profile eks-60cfeb30-7aa6-ed27-4ee2-d63d49264833: An error occurred (InvalidParameterValue) when calling the DescribeIamInstanceProfileAssociations operation: An unknown filter 'instance-profile-arn' was given
2026-08-06 15:30:11 ERROR    services.iam: [ERROR]     Failed to delete instance profile eks-ap-south-1-peculiar-country-painting-383206774641635963: An error occurred (NoSuchEntity) when calling the DeleteInstanceProfile operation: Instance Profile eks-ap-south-1-peculiar-country-painting-383206774641635963 cannot be found.
2026-08-06 15:30:11 WARNING  orchestrator: [WARN]      Skipping cleanup for 'kms' because discovery failed: Service 'kms' is a placeholder and has not been implemented yet.
2026-08-06 15:30:11 WARNING  orchestrator: [WARN]      Skipping cleanup for 'lambda' because discovery failed: Service 'lambda' is a placeholder and has not been implemented yet.
2026-08-06 15:30:11 INFO     orchestrator: Cleaning up service: rds
2026-08-06 15:30:11 INFO     services.rds: [CLEANUP]   No RDS clusters or instances to delete
2026-08-06 15:30:11 INFO     orchestrator: Cleaning up service: s3
2026-08-06 15:30:11 INFO     services.s3: [CLEANUP]   No S3 buckets to delete
2026-08-06 15:30:11 INFO     services.ec2: [VERIFY]    Verifying EC2 is clean ...
2026-08-06 15:30:11 INFO     services.cloudformation: [VERIFY]    Verifying CloudFormation is clean ...
2026-08-06 15:30:11 INFO     services.ecs: [VERIFY]    Verifying ECS is clean ...
2026-08-06 15:30:11 INFO     services.eks: [VERIFY]    Verifying EKS is clean ...
2026-08-06 15:30:11 INFO     services.eventbridge: [VERIFY]    Verifying EventBridge is clean ...
2026-08-06 15:30:11 INFO     services.iam: [VERIFY]    Verifying IAM is clean ...
2026-08-06 15:30:11 INFO     services.s3: [VERIFY]    Verifying S3 is clean ...
2026-08-06 15:30:11 INFO     services.rds: [VERIFY]    Verifying RDS is clean ...
2026-08-06 15:30:11 ERROR    orchestrator: [ERROR]     Verification for 'apigateway' raised: Service 'apigateway' is a placeholder and has not been implemented yet.
2026-08-06 15:30:11 ERROR    orchestrator: [ERROR]     Verification for 'autoscaling' raised: Service 'autoscaling' is a placeholder and has not been implemented yet.
2026-08-06 15:30:11 ERROR    orchestrator: [ERROR]     Verification for 'application_autoscaling' raised: Service 'application_autoscaling' is a placeholder and has not been implemented yet.
2026-08-06 15:30:11 ERROR    orchestrator: [ERROR]     Verification for 'kms' raised: Service 'kms' is a placeholder and has not been implemented yet.
2026-08-06 15:30:11 ERROR    orchestrator: [ERROR]     Verification for 'ecr' raised: Service 'ecr' is a placeholder and has not been implemented yet.
2026-08-06 15:30:11 ERROR    orchestrator: [ERROR]     Verification for 'elasticbeanstalk' raised: Service 'elasticbeanstalk' is a placeholder and has not been implemented yet.
2026-08-06 15:30:11 ERROR    orchestrator: [ERROR]     Verification for 'elb' raised: Service 'elb' is a placeholder and has not been implemented yet.
2026-08-06 15:30:11 ERROR    orchestrator: [ERROR]     Verification for 'lambda' raised: Service 'lambda' is a placeholder and has not been implemented yet.
2026-08-06 15:30:11 INFO     services.eks: [VERIFY]    EKS clean
2026-08-06 15:30:11 INFO     services.s3: [VERIFY]    S3 clean
2026-08-06 15:30:11 INFO     services.cloudformation: [VERIFY]    CloudFormation clean
2026-08-06 15:30:11 INFO     services.ecs: [VERIFY]    ECS clean
2026-08-06 15:30:11 INFO     services.rds: [VERIFY]    RDS clean
2026-08-06 15:30:11 INFO     services.eventbridge: [VERIFY]    EventBridge clean
2026-08-06 15:30:12 INFO     services.ec2: [VERIFY]    EC2 clean
2026-08-06 15:30:12 INFO     services.iam: [VERIFY]    IAM FAIL - 2 resources remain
2026-08-06 15:30:12 INFO     orchestrator: [VERIFY]    Verification pass 1/5 found remaining resources in ['apigateway', 'autoscaling', 'application_autoscaling', 'kms', 'ecr', 'elasticbeanstalk', 'elb', 'lambda', 'iam']; retrying in 15s
2026-08-06 15:30:27 INFO     services.ec2: [VERIFY]    Verifying EC2 is clean ...
2026-08-06 15:30:27 INFO     services.cloudformation: [VERIFY]    Verifying CloudFormation is clean ...
2026-08-06 15:30:27 INFO     services.eks: [VERIFY]    Verifying EKS is clean ...
2026-08-06 15:30:27 INFO     services.ecs: [VERIFY]    Verifying ECS is clean ...
2026-08-06 15:30:27 INFO     services.eventbridge: [VERIFY]    Verifying EventBridge is clean ...
2026-08-06 15:30:27 INFO     services.iam: [VERIFY]    Verifying IAM is clean ...
2026-08-06 15:30:27 INFO     services.rds: [VERIFY]    Verifying RDS is clean ...
2026-08-06 15:30:27 ERROR    orchestrator: [ERROR]     Verification for 'application_autoscaling' raised: Service 'application_autoscaling' is a placeholder and has not been implemented yet.
2026-08-06 15:30:27 ERROR    orchestrator: [ERROR]     Verification for 'elb' raised: Service 'elb' is a placeholder and has not been implemented yet.
2026-08-06 15:30:27 INFO     services.s3: [VERIFY]    Verifying S3 is clean ...
2026-08-06 15:30:27 ERROR    orchestrator: [ERROR]     Verification for 'kms' raised: Service 'kms' is a placeholder and has not been implemented yet.
2026-08-06 15:30:27 ERROR    orchestrator: [ERROR]     Verification for 'apigateway' raised: Service 'apigateway' is a placeholder and has not been implemented yet.
2026-08-06 15:30:27 ERROR    orchestrator: [ERROR]     Verification for 'lambda' raised: Service 'lambda' is a placeholder and has not been implemented yet.
2026-08-06 15:30:27 ERROR    orchestrator: [ERROR]     Verification for 'elasticbeanstalk' raised: Service 'elasticbeanstalk' is a placeholder and has not been implemented yet.
2026-08-06 15:30:27 ERROR    orchestrator: [ERROR]     Verification for 'autoscaling' raised: Service 'autoscaling' is a placeholder and has not been implemented yet.
2026-08-06 15:30:27 ERROR    orchestrator: [ERROR]     Verification for 'ecr' raised: Service 'ecr' is a placeholder and has not been implemented yet.
2026-08-06 15:30:28 INFO     services.eks: [VERIFY]    EKS clean
2026-08-06 15:30:28 INFO     services.rds: [VERIFY]    RDS clean
2026-08-06 15:30:28 INFO     services.cloudformation: [VERIFY]    CloudFormation clean
2026-08-06 15:30:28 INFO     services.ecs: [VERIFY]    ECS clean
2026-08-06 15:30:28 INFO     services.s3: [VERIFY]    S3 clean
2026-08-06 15:30:28 INFO     services.eventbridge: [VERIFY]    EventBridge clean
2026-08-06 15:30:28 INFO     services.ec2: [VERIFY]    EC2 clean
2026-08-06 15:30:29 INFO     services.iam: [VERIFY]    IAM FAIL - 2 resources remain
2026-08-06 15:30:29 INFO     orchestrator: [VERIFY]    Verification pass 2/5 found remaining resources in ['application_autoscaling', 'elb', 'kms', 'apigateway', 'lambda', 'elasticbeanstalk', 'autoscaling', 'ecr', 'iam']; retrying in 15s
2026-08-06 15:30:45 INFO     services.ec2: [VERIFY]    Verifying EC2 is clean ...
2026-08-06 15:30:45 INFO     services.cloudformation: [VERIFY]    Verifying CloudFormation is clean ...
2026-08-06 15:30:45 INFO     services.ecs: [VERIFY]    Verifying ECS is clean ...
2026-08-06 15:30:45 INFO     services.eks: [VERIFY]    Verifying EKS is clean ...
2026-08-06 15:30:45 INFO     services.eventbridge: [VERIFY]    Verifying EventBridge is clean ...
2026-08-06 15:30:45 INFO     services.iam: [VERIFY]    Verifying IAM is clean ...
2026-08-06 15:30:45 INFO     services.rds: [VERIFY]    Verifying RDS is clean ...
2026-08-06 15:30:45 ERROR    orchestrator: [ERROR]     Verification for 'apigateway' raised: Service 'apigateway' is a placeholder and has not been implemented yet.
2026-08-06 15:30:45 INFO     services.s3: [VERIFY]    Verifying S3 is clean ...
2026-08-06 15:30:45 ERROR    orchestrator: [ERROR]     Verification for 'lambda' raised: Service 'lambda' is a placeholder and has not been implemented yet.
2026-08-06 15:30:45 ERROR    orchestrator: [ERROR]     Verification for 'elasticbeanstalk' raised: Service 'elasticbeanstalk' is a placeholder and has not been implemented yet.
2026-08-06 15:30:45 ERROR    orchestrator: [ERROR]     Verification for 'ecr' raised: Service 'ecr' is a placeholder and has not been implemented yet.
2026-08-06 15:30:45 ERROR    orchestrator: [ERROR]     Verification for 'autoscaling' raised: Service 'autoscaling' is a placeholder and has not been implemented yet.
2026-08-06 15:30:45 ERROR    orchestrator: [ERROR]     Verification for 'kms' raised: Service 'kms' is a placeholder and has not been implemented yet.
2026-08-06 15:30:45 ERROR    orchestrator: [ERROR]     Verification for 'application_autoscaling' raised: Service 'application_autoscaling' is a placeholder and has not been implemented yet.
2026-08-06 15:30:45 ERROR    orchestrator: [ERROR]     Verification for 'elb' raised: Service 'elb' is a placeholder and has not been implemented yet.
2026-08-06 15:30:45 INFO     services.eks: [VERIFY]    EKS clean
2026-08-06 15:30:45 INFO     services.cloudformation: [VERIFY]    CloudFormation clean
2026-08-06 15:30:45 INFO     services.rds: [VERIFY]    RDS clean
2026-08-06 15:30:45 INFO     services.s3: [VERIFY]    S3 clean
2026-08-06 15:30:45 INFO     services.eventbridge: [VERIFY]    EventBridge clean
2026-08-06 15:30:46 INFO     services.ec2: [VERIFY]    EC2 clean
2026-08-06 15:30:46 INFO     services.ecs: [VERIFY]    ECS clean
2026-08-06 15:30:46 INFO     services.iam: [VERIFY]    IAM FAIL - 2 resources remain
2026-08-06 15:30:46 INFO     orchestrator: [VERIFY]    Verification pass 3/5 found remaining resources in ['apigateway', 'lambda', 'elasticbeanstalk', 'ecr', 'autoscaling', 'kms', 'application_autoscaling', 'elb', 'iam']; retrying in 15s
2026-08-06 15:31:01 INFO     services.ec2: [VERIFY]    Verifying EC2 is clean ...
2026-08-06 15:31:01 INFO     services.cloudformation: [VERIFY]    Verifying CloudFormation is clean ...
2026-08-06 15:31:01 INFO     services.ecs: [VERIFY]    Verifying ECS is clean ...
2026-08-06 15:31:01 INFO     services.eks: [VERIFY]    Verifying EKS is clean ...
2026-08-06 15:31:01 INFO     services.eventbridge: [VERIFY]    Verifying EventBridge is clean ...
2026-08-06 15:31:01 INFO     services.iam: [VERIFY]    Verifying IAM is clean ...
2026-08-06 15:31:01 INFO     services.rds: [VERIFY]    Verifying RDS is clean ...
2026-08-06 15:31:01 ERROR    orchestrator: [ERROR]     Verification for 'ecr' raised: Service 'ecr' is a placeholder and has not been implemented yet.
2026-08-06 15:31:01 INFO     services.s3: [VERIFY]    Verifying S3 is clean ...
2026-08-06 15:31:01 ERROR    orchestrator: [ERROR]     Verification for 'kms' raised: Service 'kms' is a placeholder and has not been implemented yet.
2026-08-06 15:31:01 ERROR    orchestrator: [ERROR]     Verification for 'elb' raised: Service 'elb' is a placeholder and has not been implemented yet.
2026-08-06 15:31:01 ERROR    orchestrator: [ERROR]     Verification for 'elasticbeanstalk' raised: Service 'elasticbeanstalk' is a placeholder and has not been implemented yet.
2026-08-06 15:31:01 ERROR    orchestrator: [ERROR]     Verification for 'autoscaling' raised: Service 'autoscaling' is a placeholder and has not been implemented yet.
2026-08-06 15:31:01 ERROR    orchestrator: [ERROR]     Verification for 'lambda' raised: Service 'lambda' is a placeholder and has not been implemented yet.
2026-08-06 15:31:01 ERROR    orchestrator: [ERROR]     Verification for 'application_autoscaling' raised: Service 'application_autoscaling' is a placeholder and has not been implemented yet.
2026-08-06 15:31:01 ERROR    orchestrator: [ERROR]     Verification for 'apigateway' raised: Service 'apigateway' is a placeholder and has not been implemented yet.
2026-08-06 15:31:02 INFO     services.eks: [VERIFY]    EKS clean
2026-08-06 15:31:02 INFO     services.rds: [VERIFY]    RDS clean
2026-08-06 15:31:02 INFO     services.cloudformation: [VERIFY]    CloudFormation clean
2026-08-06 15:31:02 INFO     services.s3: [VERIFY]    S3 clean
2026-08-06 15:31:02 INFO     services.eventbridge: [VERIFY]    EventBridge clean
2026-08-06 15:31:03 INFO     services.ec2: [VERIFY]    EC2 clean
2026-08-06 15:31:03 INFO     services.ecs: [VERIFY]    ECS clean
2026-08-06 15:31:03 INFO     services.iam: [VERIFY]    IAM FAIL - 2 resources remain
2026-08-06 15:31:03 INFO     orchestrator: [VERIFY]    Verification pass 4/5 found remaining resources in ['ecr', 'kms', 'elb', 'elasticbeanstalk', 'autoscaling', 'lambda', 'application_autoscaling', 'apigateway', 'iam']; retrying in 15s
2026-08-06 15:31:18 INFO     services.cloudformation: [VERIFY]    Verifying CloudFormation is clean ...
2026-08-06 15:31:18 INFO     services.ec2: [VERIFY]    Verifying EC2 is clean ...
2026-08-06 15:31:18 INFO     services.eks: [VERIFY]    Verifying EKS is clean ...
2026-08-06 15:31:18 INFO     services.ecs: [VERIFY]    Verifying ECS is clean ...
2026-08-06 15:31:18 INFO     services.eventbridge: [VERIFY]    Verifying EventBridge is clean ...
2026-08-06 15:31:18 INFO     services.iam: [VERIFY]    Verifying IAM is clean ...
2026-08-06 15:31:18 ERROR    orchestrator: [ERROR]     Verification for 'ecr' raised: Service 'ecr' is a placeholder and has not been implemented yet.
2026-08-06 15:31:18 INFO     services.rds: [VERIFY]    Verifying RDS is clean ...
2026-08-06 15:31:18 INFO     services.s3: [VERIFY]    Verifying S3 is clean ...
2026-08-06 15:31:18 ERROR    orchestrator: [ERROR]     Verification for 'elb' raised: Service 'elb' is a placeholder and has not been implemented yet.
2026-08-06 15:31:18 ERROR    orchestrator: [ERROR]     Verification for 'application_autoscaling' raised: Service 'application_autoscaling' is a placeholder and has not been implemented yet.
2026-08-06 15:31:18 ERROR    orchestrator: [ERROR]     Verification for 'autoscaling' raised: Service 'autoscaling' is a placeholder and has not been implemented yet.
2026-08-06 15:31:18 ERROR    orchestrator: [ERROR]     Verification for 'lambda' raised: Service 'lambda' is a placeholder and has not been implemented yet.
2026-08-06 15:31:18 ERROR    orchestrator: [ERROR]     Verification for 'kms' raised: Service 'kms' is a placeholder and has not been implemented yet.
2026-08-06 15:31:18 ERROR    orchestrator: [ERROR]     Verification for 'elasticbeanstalk' raised: Service 'elasticbeanstalk' is a placeholder and has not been implemented yet.
2026-08-06 15:31:18 ERROR    orchestrator: [ERROR]     Verification for 'apigateway' raised: Service 'apigateway' is a placeholder and has not been implemented yet.
2026-08-06 15:31:18 INFO     services.eks: [VERIFY]    EKS clean
2026-08-06 15:31:18 INFO     services.rds: [VERIFY]    RDS clean
2026-08-06 15:31:18 INFO     services.cloudformation: [VERIFY]    CloudFormation clean
2026-08-06 15:31:18 INFO     services.ecs: [VERIFY]    ECS clean
2026-08-06 15:31:18 INFO     services.eventbridge: [VERIFY]    EventBridge clean
2026-08-06 15:31:19 INFO     services.ec2: [VERIFY]    EC2 clean
2026-08-06 15:31:19 INFO     services.s3: [VERIFY]    S3 clean
2026-08-06 15:31:19 INFO     services.iam: [VERIFY]    IAM FAIL - 2 resources remain
2026-08-06 15:31:20 INFO     orchestrator: Verification written to logs/reports/070640552464/ap-south-1/verification.json
2026-08-06 15:31:20 INFO     main: [070640552464/ap-south-1] verification=FAIL discovered=22 deleted=12 remaining=2
2026-08-06 15:31:20 INFO     main: ======================================================================
2026-08-06 15:31:20 INFO     main: Combined summary written to logs/reports/cleanup_report_summary.json
2026-08-06 15:31:20 INFO     main: Overall result across all regions/accounts: FAIL
2026-08-06 15:31:20 INFO     main: ======================================================================
2026-08-06 18:12:13 INFO     main: ======================================================================
2026-08-06 18:12:13 INFO     main: AWS Sandbox Cleanup Engine
2026-08-06 18:12:13 INFO     main: Regions: ap-south-1 | Dry run: False
2026-08-06 18:12:13 INFO     main: Cross-account targets: 070640552464 via OrganizationAccountAccessRole
2026-08-06 18:12:13 INFO     main: ======================================================================
2026-08-06 18:12:24 INFO     main: --- Account 070640552464 / role OrganizationAccountAccessRole / region ap-south-1 ---
2026-08-06 18:12:24 INFO     botocore.credentials: Found credentials in shared credentials file: ~/.aws/credentials
2026-08-06 18:12:25 INFO     orchestrator: Starting cleanup run for account 070640552464 in ap-south-1
2026-08-06 18:12:25 INFO     orchestrator: Discovered 16 service plugins: apigateway, application_autoscaling, autoscaling, cloudformation, ec2, ecr, ecs, eks, elasticbeanstalk, elb, eventbridge, iam, kms, lambda, rds, s3
2026-08-06 18:12:25 INFO     services.eks: [DISCOVER]  Scanning EKS clusters and their node groups, Fargate profiles, and add-ons ...
2026-08-06 18:12:25 INFO     services.ec2: [DISCOVER]  Scanning EC2 instances, volumes, snapshots, and networking resources ...
2026-08-06 18:12:25 INFO     services.ecs: [DISCOVER]  Scanning ECS clusters, services, tasks, container instances, and task definitions ...
2026-08-06 18:12:25 INFO     services.cloudformation: [DISCOVER]  Scanning CloudFormation stacks ...
2026-08-06 18:12:25 INFO     services.elasticbeanstalk: [DISCOVER]  Scanning Elastic Beanstalk applications, environments, versions, and configuration templates ...
2026-08-06 18:12:25 INFO     services.iam: [DISCOVER]  Scanning IAM roles, policies, instance profiles, users, and groups ...
2026-08-06 18:12:25 INFO     services.eventbridge: [DISCOVER]  Scanning EventBridge buses, rules, archives, and schema registries ...
2026-08-06 18:12:25 INFO     services.rds: [DISCOVER]  Scanning RDS clusters and instances ...
2026-08-06 18:12:25 ERROR    orchestrator: [ERROR]     Inventory scan for 'ecr' raised: Service 'ecr' is a placeholder and has not been implemented yet.
2026-08-06 18:12:25 INFO     services.s3: [DISCOVER]  Scanning S3 buckets ...
2026-08-06 18:12:25 ERROR    orchestrator: [ERROR]     Inventory scan for 'kms' raised: Service 'kms' is a placeholder and has not been implemented yet.
2026-08-06 18:12:25 ERROR    orchestrator: [ERROR]     Inventory scan for 'elb' raised: Service 'elb' is a placeholder and has not been implemented yet.
2026-08-06 18:12:25 ERROR    orchestrator: [ERROR]     Inventory scan for 'application_autoscaling' raised: Service 'application_autoscaling' is a placeholder and has not been implemented yet.
2026-08-06 18:12:25 ERROR    orchestrator: [ERROR]     Inventory scan for 'lambda' raised: Service 'lambda' is a placeholder and has not been implemented yet.
2026-08-06 18:12:25 ERROR    orchestrator: [ERROR]     Inventory scan for 'autoscaling' raised: Service 'autoscaling' is a placeholder and has not been implemented yet.
2026-08-06 18:12:25 ERROR    orchestrator: [ERROR]     Inventory scan for 'apigateway' raised: Service 'apigateway' is a placeholder and has not been implemented yet.
2026-08-06 18:12:25 INFO     services.eks: [DISCOVER]  Found 0 clusters, 0 node groups, 0 Fargate profiles, 0 add-ons, 0 access entries
2026-08-06 18:12:25 INFO     services.ecs: [DISCOVER]  Found 0 clusters, 0 services, 0 standalone tasks, 0 container instances, 0 active task definitions
2026-08-06 18:12:25 INFO     services.cloudformation: [DISCOVER]  Found 1 stacks
2026-08-06 18:12:26 INFO     services.eventbridge: [DISCOVER]  Found 0 custom event buses, 0 rules, 0 archives, 0 custom schema registries, 0 schemas
2026-08-06 18:12:26 INFO     services.rds: [DISCOVER]  Found 0 DB clusters and 0 DB instances
2026-08-06 18:12:26 INFO     services.s3: [DISCOVER]  Found 1 buckets
2026-08-06 18:12:26 INFO     services.elasticbeanstalk: [DISCOVER]  Found 1 applications, 1 environments, 0 application versions, 0 configuration templates
2026-08-06 18:12:26 INFO     services.ec2: [DISCOVER]  Found 1 instances, 1 volumes, 0 snapshots, 2 networking resources
2026-08-06 18:12:29 INFO     services.iam: [DISCOVER]  Protecting currently-assumed role 'OrganizationAccountAccessRole' from deletion
2026-08-06 18:12:29 INFO     services.iam: [DISCOVER]  Found 2 deletable roles, 2 customer-managed policies, 1 instance profiles, 0 users, 0 groups
2026-08-06 18:12:29 INFO     orchestrator: Inventory written to logs/reports/070640552464/ap-south-1/inventory.json
2026-08-06 18:12:29 WARNING  orchestrator: [WARN]      Skipping cleanup for 'apigateway' because discovery failed: Service 'apigateway' is a placeholder and has not been implemented yet.
2026-08-06 18:12:29 WARNING  orchestrator: [WARN]      Skipping cleanup for 'application_autoscaling' because discovery failed: Service 'application_autoscaling' is a placeholder and has not been implemented yet.
2026-08-06 18:12:29 WARNING  orchestrator: [WARN]      Skipping cleanup for 'autoscaling' because discovery failed: Service 'autoscaling' is a placeholder and has not been implemented yet.
2026-08-06 18:12:29 INFO     orchestrator: Cleaning up service: cloudformation
2026-08-06 18:12:30 INFO     services.cloudformation: [CLEANUP]   Deleted stack awseb-e-azemkiukvm-stack
2026-08-06 18:12:30 INFO     services.cloudformation: [WAIT]      Waiting for stack deletion: awseb-e-azemkiukvm-stack
2026-08-06 18:12:30 INFO     services.cloudformation: [WAIT]      CloudFormation stack 'arn:aws:cloudformation:ap-south-1:070640552464:stack/awseb-e-azemkiukvm-stack/39df46b0-9193-11f1-8f70-0a1880b0ffeb' deletion ... (0s elapsed)
2026-08-06 18:12:45 INFO     services.cloudformation: [WAIT]      CloudFormation stack 'arn:aws:cloudformation:ap-south-1:070640552464:stack/awseb-e-azemkiukvm-stack/39df46b0-9193-11f1-8f70-0a1880b0ffeb' deletion ... (15s elapsed)
2026-08-06 18:13:00 INFO     services.cloudformation: [WAIT]      CloudFormation stack 'arn:aws:cloudformation:ap-south-1:070640552464:stack/awseb-e-azemkiukvm-stack/39df46b0-9193-11f1-8f70-0a1880b0ffeb' deletion ... (30s elapsed)
2026-08-06 18:13:15 INFO     services.cloudformation: [WAIT]      CloudFormation stack 'arn:aws:cloudformation:ap-south-1:070640552464:stack/awseb-e-azemkiukvm-stack/39df46b0-9193-11f1-8f70-0a1880b0ffeb' deletion ... (45s elapsed)
2026-08-06 18:13:30 INFO     services.cloudformation: [WAIT]      CloudFormation stack 'arn:aws:cloudformation:ap-south-1:070640552464:stack/awseb-e-azemkiukvm-stack/39df46b0-9193-11f1-8f70-0a1880b0ffeb' deletion ... (60s elapsed)
2026-08-06 18:13:46 INFO     services.cloudformation: [WAIT]      CloudFormation stack 'arn:aws:cloudformation:ap-south-1:070640552464:stack/awseb-e-azemkiukvm-stack/39df46b0-9193-11f1-8f70-0a1880b0ffeb' deletion ... (75s elapsed)
2026-08-06 18:14:01 INFO     services.cloudformation: [WAIT]      CloudFormation stack 'arn:aws:cloudformation:ap-south-1:070640552464:stack/awseb-e-azemkiukvm-stack/39df46b0-9193-11f1-8f70-0a1880b0ffeb' deletion ... (91s elapsed)
2026-08-06 18:14:16 INFO     services.cloudformation: [WAIT]      CloudFormation stack 'arn:aws:cloudformation:ap-south-1:070640552464:stack/awseb-e-azemkiukvm-stack/39df46b0-9193-11f1-8f70-0a1880b0ffeb' deletion ... (106s elapsed)
2026-08-06 18:14:31 INFO     orchestrator: Cleaning up service: ec2
2026-08-06 18:14:31 INFO     services.ec2: [WAIT]      Waiting for instance termination: i-0c93817a23eff2aef
2026-08-06 18:14:31 INFO     services.ec2: [CLEANUP]   Terminated instance i-0c93817a23eff2aef
2026-08-06 18:14:32 ERROR    services.ec2: [ERROR]     Failed to release elastic IP 13.126.95.198: An error occurred (InvalidAssociationID.NotFound) when calling the DisassociateAddress operation: The association ID 'eipassoc-007b4b2458406d565' does not exist
2026-08-06 18:14:32 ERROR    services.ec2: [ERROR]     Failed to delete security group awseb-e-azemkiukvm-stack-AWSEBSecurityGroup-vvARgi4IHZWD: An error occurred (InvalidGroup.NotFound) when calling the DeleteSecurityGroup operation: The security group 'sg-0b84ad9c23d6fb07f' does not exist
2026-08-06 18:14:32 ERROR    services.ec2: [ERROR]     Failed to delete volume vol-02ea44fa434f7fb93: An error occurred (InvalidVolume.NotFound) when calling the DeleteVolume operation: The volume 'vol-02ea44fa434f7fb93' does not exist.
2026-08-06 18:14:32 WARNING  orchestrator: [WARN]      Skipping cleanup for 'ecr' because discovery failed: Service 'ecr' is a placeholder and has not been implemented yet.
2026-08-06 18:14:32 INFO     orchestrator: Cleaning up service: ecs
2026-08-06 18:14:32 INFO     services.ecs: [CLEANUP]   No ECS resources to delete
2026-08-06 18:14:32 INFO     orchestrator: Cleaning up service: eks
2026-08-06 18:14:32 INFO     services.eks: [CLEANUP]   No EKS resources to delete
2026-08-06 18:14:32 INFO     orchestrator: Cleaning up service: elasticbeanstalk
2026-08-06 18:14:33 INFO     services.elasticbeanstalk: [WAIT]      Waiting for environment termination: Oops-env
2026-08-06 18:14:33 INFO     services.elasticbeanstalk: [WAIT]      Elastic Beanstalk environment 'Oops-env' termination ... (0s elapsed)
2026-08-06 18:14:48 INFO     services.elasticbeanstalk: [CLEANUP]   Terminated environment Oops-env
2026-08-06 18:14:48 INFO     services.elasticbeanstalk: [CLEANUP]   Deleted application oops
2026-08-06 18:14:48 WARNING  orchestrator: [WARN]      Skipping cleanup for 'elb' because discovery failed: Service 'elb' is a placeholder and has not been implemented yet.
2026-08-06 18:14:48 INFO     orchestrator: Cleaning up service: eventbridge
2026-08-06 18:14:48 INFO     services.eventbridge: [CLEANUP]   No EventBridge resources to delete
2026-08-06 18:14:48 INFO     orchestrator: Cleaning up service: iam
2026-08-06 18:14:48 INFO     services.iam: [CLEANUP]   Skipping IAM resource DefaultIamPolicy: protected_resource_arn
2026-08-06 18:14:48 INFO     services.iam: [CLEANUP]   Skipping IAM resource CoderCreatedIdentityBoundary: protected_resource_arn
2026-08-06 18:14:50 INFO     services.iam: [CLEANUP]   Deleted role aws-elasticbeanstalk-service-role
2026-08-06 18:14:53 ERROR    services.iam: [ERROR]     Failed to delete role aws-elasticbeanstalk-ec2-role: An error occurred (InvalidParameterValue) when calling the DescribeIamInstanceProfileAssociations operation: An unknown filter 'instance-profile-arn' was given
2026-08-06 18:14:54 ERROR    services.iam: [ERROR]     Failed to delete instance profile aws-elasticbeanstalk-ec2-role: An error occurred (InvalidParameterValue) when calling the DescribeIamInstanceProfileAssociations operation: An unknown filter 'instance-profile-arn' was given
2026-08-06 18:14:54 WARNING  orchestrator: [WARN]      Skipping cleanup for 'kms' because discovery failed: Service 'kms' is a placeholder and has not been implemented yet.
2026-08-06 18:14:54 WARNING  orchestrator: [WARN]      Skipping cleanup for 'lambda' because discovery failed: Service 'lambda' is a placeholder and has not been implemented yet.
2026-08-06 18:14:54 INFO     orchestrator: Cleaning up service: rds
2026-08-06 18:14:54 INFO     services.rds: [CLEANUP]   No RDS clusters or instances to delete
2026-08-06 18:14:54 INFO     orchestrator: Cleaning up service: s3
2026-08-06 18:14:54 INFO     services.s3: [CLEANUP]   Deleted 2 object versions/markers from elasticbeanstalk-ap-south-1-070640552464
2026-08-06 18:14:54 ERROR    services.s3: [ERROR]     Failed to delete bucket elasticbeanstalk-ap-south-1-070640552464: An error occurred (AccessDenied) when calling the DeleteBucket operation: User: arn:aws:sts::070640552464:assumed-role/OrganizationAccountAccessRole/sandbox-cleanup-engine is not authorized to perform: s3:DeleteBucket on resource: "arn:aws:s3:::elasticbeanstalk-ap-south-1-070640552464" with an explicit deny in a resource-based policy
2026-08-06 18:14:54 INFO     services.ec2: [VERIFY]    Verifying EC2 is clean ...
2026-08-06 18:14:54 INFO     services.cloudformation: [VERIFY]    Verifying CloudFormation is clean ...
2026-08-06 18:14:54 INFO     services.elasticbeanstalk: [VERIFY]    Verifying Elastic Beanstalk is clean ...
2026-08-06 18:14:54 INFO     services.ecs: [VERIFY]    Verifying ECS is clean ...
2026-08-06 18:14:54 INFO     services.eks: [VERIFY]    Verifying EKS is clean ...
2026-08-06 18:14:54 INFO     services.iam: [VERIFY]    Verifying IAM is clean ...
2026-08-06 18:14:54 INFO     services.eventbridge: [VERIFY]    Verifying EventBridge is clean ...
2026-08-06 18:14:54 INFO     services.rds: [VERIFY]    Verifying RDS is clean ...
2026-08-06 18:14:54 ERROR    orchestrator: [ERROR]     Verification for 'apigateway' raised: Service 'apigateway' is a placeholder and has not been implemented yet.
2026-08-06 18:14:54 ERROR    orchestrator: [ERROR]     Verification for 'application_autoscaling' raised: Service 'application_autoscaling' is a placeholder and has not been implemented yet.
2026-08-06 18:14:54 ERROR    orchestrator: [ERROR]     Verification for 'autoscaling' raised: Service 'autoscaling' is a placeholder and has not been implemented yet.
2026-08-06 18:14:54 ERROR    orchestrator: [ERROR]     Verification for 'ecr' raised: Service 'ecr' is a placeholder and has not been implemented yet.
2026-08-06 18:14:54 ERROR    orchestrator: [ERROR]     Verification for 'lambda' raised: Service 'lambda' is a placeholder and has not been implemented yet.
2026-08-06 18:14:54 ERROR    orchestrator: [ERROR]     Verification for 'elb' raised: Service 'elb' is a placeholder and has not been implemented yet.
2026-08-06 18:14:54 INFO     services.s3: [VERIFY]    Verifying S3 is clean ...
2026-08-06 18:14:54 ERROR    orchestrator: [ERROR]     Verification for 'kms' raised: Service 'kms' is a placeholder and has not been implemented yet.
2026-08-06 18:14:54 INFO     services.elasticbeanstalk: [VERIFY]    Elastic Beanstalk clean
2026-08-06 18:14:54 INFO     services.eks: [VERIFY]    EKS clean
2026-08-06 18:14:54 INFO     services.cloudformation: [VERIFY]    CloudFormation clean
2026-08-06 18:14:54 INFO     services.ecs: [VERIFY]    ECS clean
2026-08-06 18:14:54 INFO     services.s3: [VERIFY]    S3 FAIL - 1 buckets remain
2026-08-06 18:14:54 INFO     services.rds: [VERIFY]    RDS clean
2026-08-06 18:14:55 INFO     services.ec2: [VERIFY]    EC2 clean
2026-08-06 18:14:55 INFO     services.eventbridge: [VERIFY]    EventBridge clean
2026-08-06 18:14:57 INFO     services.iam: [VERIFY]    IAM FAIL - 4 resources remain
2026-08-06 18:14:57 INFO     orchestrator: [VERIFY]    Verification pass 1/5 found remaining resources in ['apigateway', 'application_autoscaling', 'autoscaling', 'ecr', 'lambda', 'elb', 'kms', 's3', 'iam']; retrying in 15s
2026-08-06 18:15:12 INFO     services.cloudformation: [VERIFY]    Verifying CloudFormation is clean ...
2026-08-06 18:15:12 INFO     services.eks: [VERIFY]    Verifying EKS is clean ...
2026-08-06 18:15:12 INFO     services.ecs: [VERIFY]    Verifying ECS is clean ...
2026-08-06 18:15:12 INFO     services.elasticbeanstalk: [VERIFY]    Verifying Elastic Beanstalk is clean ...
2026-08-06 18:15:12 INFO     services.ec2: [VERIFY]    Verifying EC2 is clean ...
2026-08-06 18:15:12 INFO     services.iam: [VERIFY]    Verifying IAM is clean ...
2026-08-06 18:15:12 INFO     services.eventbridge: [VERIFY]    Verifying EventBridge is clean ...
2026-08-06 18:15:12 INFO     services.rds: [VERIFY]    Verifying RDS is clean ...
2026-08-06 18:15:12 ERROR    orchestrator: [ERROR]     Verification for 'lambda' raised: Service 'lambda' is a placeholder and has not been implemented yet.
2026-08-06 18:15:12 INFO     services.s3: [VERIFY]    Verifying S3 is clean ...
2026-08-06 18:15:12 ERROR    orchestrator: [ERROR]     Verification for 'ecr' raised: Service 'ecr' is a placeholder and has not been implemented yet.
2026-08-06 18:15:12 ERROR    orchestrator: [ERROR]     Verification for 'application_autoscaling' raised: Service 'application_autoscaling' is a placeholder and has not been implemented yet.
2026-08-06 18:15:12 ERROR    orchestrator: [ERROR]     Verification for 'apigateway' raised: Service 'apigateway' is a placeholder and has not been implemented yet.
2026-08-06 18:15:12 ERROR    orchestrator: [ERROR]     Verification for 'kms' raised: Service 'kms' is a placeholder and has not been implemented yet.
2026-08-06 18:15:12 ERROR    orchestrator: [ERROR]     Verification for 'elb' raised: Service 'elb' is a placeholder and has not been implemented yet.
2026-08-06 18:15:12 ERROR    orchestrator: [ERROR]     Verification for 'autoscaling' raised: Service 'autoscaling' is a placeholder and has not been implemented yet.
2026-08-06 18:15:12 INFO     services.elasticbeanstalk: [VERIFY]    Elastic Beanstalk clean
2026-08-06 18:15:12 INFO     services.eks: [VERIFY]    EKS clean
2026-08-06 18:15:12 INFO     services.rds: [VERIFY]    RDS clean
2026-08-06 18:15:12 INFO     services.cloudformation: [VERIFY]    CloudFormation clean
2026-08-06 18:15:12 INFO     services.ecs: [VERIFY]    ECS clean
2026-08-06 18:15:12 INFO     services.s3: [VERIFY]    S3 FAIL - 1 buckets remain
2026-08-06 18:15:13 INFO     services.ec2: [VERIFY]    EC2 clean
2026-08-06 18:15:13 INFO     services.eventbridge: [VERIFY]    EventBridge clean
2026-08-06 18:15:13 INFO     services.iam: [VERIFY]    IAM FAIL - 4 resources remain
2026-08-06 18:15:13 INFO     orchestrator: [VERIFY]    Verification pass 2/5 found remaining resources in ['lambda', 'ecr', 'application_autoscaling', 'apigateway', 'kms', 'elb', 'autoscaling', 's3', 'iam']; retrying in 15s
2026-08-06 18:15:28 INFO     services.cloudformation: [VERIFY]    Verifying CloudFormation is clean ...
2026-08-06 18:15:28 INFO     services.ec2: [VERIFY]    Verifying EC2 is clean ...
2026-08-06 18:15:28 INFO     services.eks: [VERIFY]    Verifying EKS is clean ...
2026-08-06 18:15:28 INFO     services.ecs: [VERIFY]    Verifying ECS is clean ...
2026-08-06 18:15:28 INFO     services.elasticbeanstalk: [VERIFY]    Verifying Elastic Beanstalk is clean ...
2026-08-06 18:15:28 INFO     services.eventbridge: [VERIFY]    Verifying EventBridge is clean ...
2026-08-06 18:15:28 INFO     services.iam: [VERIFY]    Verifying IAM is clean ...
2026-08-06 18:15:28 INFO     services.rds: [VERIFY]    Verifying RDS is clean ...
2026-08-06 18:15:28 ERROR    orchestrator: [ERROR]     Verification for 'apigateway' raised: Service 'apigateway' is a placeholder and has not been implemented yet.
2026-08-06 18:15:28 INFO     services.s3: [VERIFY]    Verifying S3 is clean ...
2026-08-06 18:15:28 ERROR    orchestrator: [ERROR]     Verification for 'ecr' raised: Service 'ecr' is a placeholder and has not been implemented yet.
2026-08-06 18:15:28 ERROR    orchestrator: [ERROR]     Verification for 'elb' raised: Service 'elb' is a placeholder and has not been implemented yet.
2026-08-06 18:15:28 ERROR    orchestrator: [ERROR]     Verification for 'autoscaling' raised: Service 'autoscaling' is a placeholder and has not been implemented yet.
2026-08-06 18:15:28 ERROR    orchestrator: [ERROR]     Verification for 'lambda' raised: Service 'lambda' is a placeholder and has not been implemented yet.
2026-08-06 18:15:28 ERROR    orchestrator: [ERROR]     Verification for 'kms' raised: Service 'kms' is a placeholder and has not been implemented yet.
2026-08-06 18:15:28 ERROR    orchestrator: [ERROR]     Verification for 'application_autoscaling' raised: Service 'application_autoscaling' is a placeholder and has not been implemented yet.
2026-08-06 18:15:28 INFO     services.elasticbeanstalk: [VERIFY]    Elastic Beanstalk clean
2026-08-06 18:15:28 INFO     services.eks: [VERIFY]    EKS clean
2026-08-06 18:15:28 INFO     services.cloudformation: [VERIFY]    CloudFormation clean
2026-08-06 18:15:28 INFO     services.rds: [VERIFY]    RDS clean
2026-08-06 18:15:28 INFO     services.ecs: [VERIFY]    ECS clean
2026-08-06 18:15:28 INFO     services.s3: [VERIFY]    S3 FAIL - 1 buckets remain
2026-08-06 18:15:29 INFO     services.eventbridge: [VERIFY]    EventBridge clean
2026-08-06 18:15:29 INFO     services.ec2: [VERIFY]    EC2 clean
2026-08-06 18:15:30 INFO     services.iam: [VERIFY]    IAM FAIL - 4 resources remain
2026-08-06 18:15:30 INFO     orchestrator: [VERIFY]    Verification pass 3/5 found remaining resources in ['apigateway', 'ecr', 'elb', 'autoscaling', 'lambda', 'kms', 'application_autoscaling', 's3', 'iam']; retrying in 15s
2026-08-06 18:15:45 INFO     services.ec2: [VERIFY]    Verifying EC2 is clean ...
2026-08-06 18:15:45 INFO     services.cloudformation: [VERIFY]    Verifying CloudFormation is clean ...
2026-08-06 18:15:45 INFO     services.ecs: [VERIFY]    Verifying ECS is clean ...
2026-08-06 18:15:45 INFO     services.elasticbeanstalk: [VERIFY]    Verifying Elastic Beanstalk is clean ...
2026-08-06 18:15:45 INFO     services.eks: [VERIFY]    Verifying EKS is clean ...
2026-08-06 18:15:45 INFO     services.iam: [VERIFY]    Verifying IAM is clean ...
2026-08-06 18:15:45 INFO     services.eventbridge: [VERIFY]    Verifying EventBridge is clean ...
2026-08-06 18:15:45 INFO     services.rds: [VERIFY]    Verifying RDS is clean ...
2026-08-06 18:15:45 ERROR    orchestrator: [ERROR]     Verification for 'kms' raised: Service 'kms' is a placeholder and has not been implemented yet.
2026-08-06 18:15:45 INFO     services.s3: [VERIFY]    Verifying S3 is clean ...
2026-08-06 18:15:45 ERROR    orchestrator: [ERROR]     Verification for 'elb' raised: Service 'elb' is a placeholder and has not been implemented yet.
2026-08-06 18:15:45 ERROR    orchestrator: [ERROR]     Verification for 'application_autoscaling' raised: Service 'application_autoscaling' is a placeholder and has not been implemented yet.
2026-08-06 18:15:45 ERROR    orchestrator: [ERROR]     Verification for 'ecr' raised: Service 'ecr' is a placeholder and has not been implemented yet.
2026-08-06 18:15:45 ERROR    orchestrator: [ERROR]     Verification for 'lambda' raised: Service 'lambda' is a placeholder and has not been implemented yet.
2026-08-06 18:15:45 ERROR    orchestrator: [ERROR]     Verification for 'autoscaling' raised: Service 'autoscaling' is a placeholder and has not been implemented yet.
2026-08-06 18:15:45 ERROR    orchestrator: [ERROR]     Verification for 'apigateway' raised: Service 'apigateway' is a placeholder and has not been implemented yet.
2026-08-06 18:15:45 INFO     services.elasticbeanstalk: [VERIFY]    Elastic Beanstalk clean
2026-08-06 18:15:45 INFO     services.eks: [VERIFY]    EKS clean
2026-08-06 18:15:45 INFO     services.cloudformation: [VERIFY]    CloudFormation clean
2026-08-06 18:15:45 INFO     services.rds: [VERIFY]    RDS clean
2026-08-06 18:15:45 INFO     services.ecs: [VERIFY]    ECS clean
2026-08-06 18:15:45 INFO     services.s3: [VERIFY]    S3 FAIL - 1 buckets remain
2026-08-06 18:15:45 INFO     services.eventbridge: [VERIFY]    EventBridge clean
2026-08-06 18:15:45 INFO     services.ec2: [VERIFY]    EC2 clean
2026-08-06 18:15:47 INFO     services.iam: [VERIFY]    IAM FAIL - 4 resources remain
2026-08-06 18:15:47 INFO     orchestrator: [VERIFY]    Verification pass 4/5 found remaining resources in ['kms', 'elb', 'application_autoscaling', 'ecr', 'lambda', 'autoscaling', 'apigateway', 's3', 'iam']; retrying in 15s
2026-08-06 18:16:02 INFO     services.eks: [VERIFY]    Verifying EKS is clean ...
2026-08-06 18:16:02 INFO     services.ecs: [VERIFY]    Verifying ECS is clean ...
2026-08-06 18:16:02 INFO     services.cloudformation: [VERIFY]    Verifying CloudFormation is clean ...
2026-08-06 18:16:02 INFO     services.ec2: [VERIFY]    Verifying EC2 is clean ...
2026-08-06 18:16:02 INFO     services.elasticbeanstalk: [VERIFY]    Verifying Elastic Beanstalk is clean ...
2026-08-06 18:16:02 INFO     services.eventbridge: [VERIFY]    Verifying EventBridge is clean ...
2026-08-06 18:16:02 INFO     services.iam: [VERIFY]    Verifying IAM is clean ...
2026-08-06 18:16:02 INFO     services.rds: [VERIFY]    Verifying RDS is clean ...
2026-08-06 18:16:02 ERROR    orchestrator: [ERROR]     Verification for 'autoscaling' raised: Service 'autoscaling' is a placeholder and has not been implemented yet.
2026-08-06 18:16:02 INFO     services.s3: [VERIFY]    Verifying S3 is clean ...
2026-08-06 18:16:02 ERROR    orchestrator: [ERROR]     Verification for 'ecr' raised: Service 'ecr' is a placeholder and has not been implemented yet.
2026-08-06 18:16:02 ERROR    orchestrator: [ERROR]     Verification for 'lambda' raised: Service 'lambda' is a placeholder and has not been implemented yet.
2026-08-06 18:16:02 ERROR    orchestrator: [ERROR]     Verification for 'kms' raised: Service 'kms' is a placeholder and has not been implemented yet.
2026-08-06 18:16:02 ERROR    orchestrator: [ERROR]     Verification for 'elb' raised: Service 'elb' is a placeholder and has not been implemented yet.
2026-08-06 18:16:02 ERROR    orchestrator: [ERROR]     Verification for 'apigateway' raised: Service 'apigateway' is a placeholder and has not been implemented yet.
2026-08-06 18:16:02 ERROR    orchestrator: [ERROR]     Verification for 'application_autoscaling' raised: Service 'application_autoscaling' is a placeholder and has not been implemented yet.
2026-08-06 18:16:02 INFO     services.eks: [VERIFY]    EKS clean
2026-08-06 18:16:02 INFO     services.elasticbeanstalk: [VERIFY]    Elastic Beanstalk clean
2026-08-06 18:16:02 INFO     services.rds: [VERIFY]    RDS clean
2026-08-06 18:16:02 INFO     services.ecs: [VERIFY]    ECS clean
2026-08-06 18:16:02 INFO     services.s3: [VERIFY]    S3 FAIL - 1 buckets remain
2026-08-06 18:16:02 INFO     services.eventbridge: [VERIFY]    EventBridge clean
2026-08-06 18:16:03 INFO     services.ec2: [VERIFY]    EC2 clean
2026-08-06 18:16:03 INFO     services.cloudformation: [VERIFY]    CloudFormation clean
2026-08-06 18:16:04 INFO     services.iam: [VERIFY]    IAM FAIL - 4 resources remain
2026-08-06 18:16:04 INFO     orchestrator: Verification written to logs/reports/070640552464/ap-south-1/verification.json
2026-08-06 18:16:04 INFO     main: [070640552464/ap-south-1] verification=FAIL discovered=13 deleted=5 remaining=5
2026-08-06 18:16:04 INFO     main: ======================================================================
2026-08-06 18:16:04 INFO     main: Combined summary written to logs/reports/cleanup_report_summary.json
2026-08-06 18:16:04 INFO     main: Overall result across all regions/accounts: FAIL
2026-08-06 18:16:04 INFO     main: ======================================================================
2026-08-06 18:59:19 INFO     main: ======================================================================
2026-08-06 18:59:19 INFO     main: AWS Sandbox Cleanup Engine
2026-08-06 18:59:19 INFO     main: Regions: ap-south-1 | Dry run: False
2026-08-06 18:59:19 INFO     main: Cross-account targets: 070640552464 via OrganizationAccountAccessRole
2026-08-06 18:59:19 INFO     main: ======================================================================
2026-08-06 18:59:31 INFO     main: --- Account 070640552464 / role OrganizationAccountAccessRole / region ap-south-1 ---
2026-08-06 18:59:31 INFO     botocore.credentials: Found credentials in shared credentials file: ~/.aws/credentials
2026-08-06 18:59:31 INFO     orchestrator: Starting cleanup run for account 070640552464 in ap-south-1
2026-08-06 18:59:31 INFO     orchestrator: Discovered 16 service plugins: apigateway, application_autoscaling, autoscaling, cloudformation, ec2, ecr, ecs, eks, elasticbeanstalk, elb, eventbridge, iam, kms, lambda, rds, s3
2026-08-06 18:59:31 INFO     services.ec2: [DISCOVER]  Scanning EC2 instances, volumes, snapshots, and networking resources ...
2026-08-06 18:59:31 INFO     services.cloudformation: [DISCOVER]  Scanning CloudFormation stacks ...
2026-08-06 18:59:31 INFO     services.eks: [DISCOVER]  Scanning EKS clusters and their node groups, Fargate profiles, and add-ons ...
2026-08-06 18:59:31 INFO     services.ecs: [DISCOVER]  Scanning ECS clusters, services, tasks, container instances, and task definitions ...
2026-08-06 18:59:31 INFO     services.elasticbeanstalk: [DISCOVER]  Scanning Elastic Beanstalk applications, environments, versions, and configuration templates ...
2026-08-06 18:59:31 INFO     services.eventbridge: [DISCOVER]  Scanning EventBridge buses, rules, archives, and schema registries ...
2026-08-06 18:59:31 INFO     services.iam: [DISCOVER]  Scanning IAM roles, policies, instance profiles, users, and groups ...
2026-08-06 18:59:31 INFO     services.rds: [DISCOVER]  Scanning RDS clusters and instances ...
2026-08-06 18:59:31 ERROR    orchestrator: [ERROR]     Inventory scan for 'ecr' raised: Service 'ecr' is a placeholder and has not been implemented yet.
2026-08-06 18:59:31 INFO     services.s3: [DISCOVER]  Scanning S3 buckets ...
2026-08-06 18:59:31 ERROR    orchestrator: [ERROR]     Inventory scan for 'apigateway' raised: Service 'apigateway' is a placeholder and has not been implemented yet.
2026-08-06 18:59:31 ERROR    orchestrator: [ERROR]     Inventory scan for 'lambda' raised: Service 'lambda' is a placeholder and has not been implemented yet.
2026-08-06 18:59:31 ERROR    orchestrator: [ERROR]     Inventory scan for 'elb' raised: Service 'elb' is a placeholder and has not been implemented yet.
2026-08-06 18:59:31 ERROR    orchestrator: [ERROR]     Inventory scan for 'application_autoscaling' raised: Service 'application_autoscaling' is a placeholder and has not been implemented yet.
2026-08-06 18:59:31 ERROR    orchestrator: [ERROR]     Inventory scan for 'autoscaling' raised: Service 'autoscaling' is a placeholder and has not been implemented yet.
2026-08-06 18:59:31 ERROR    orchestrator: [ERROR]     Inventory scan for 'kms' raised: Service 'kms' is a placeholder and has not been implemented yet.
2026-08-06 18:59:32 INFO     services.elasticbeanstalk: [DISCOVER]  Found 0 applications, 0 environments, 0 application versions, 0 configuration templates
2026-08-06 18:59:32 INFO     services.s3: [DISCOVER]  Found 0 buckets
2026-08-06 18:59:32 INFO     services.cloudformation: [DISCOVER]  Found 0 stacks
2026-08-06 18:59:32 INFO     services.eks: [DISCOVER]  Found 0 clusters, 0 node groups, 0 Fargate profiles, 0 add-ons, 0 access entries
2026-08-06 18:59:32 INFO     services.ecs: [DISCOVER]  Found 0 clusters, 0 services, 0 standalone tasks, 0 container instances, 0 active task definitions
2026-08-06 18:59:32 INFO     services.eventbridge: [DISCOVER]  Found 0 custom event buses, 0 rules, 0 archives, 0 custom schema registries, 0 schemas
2026-08-06 18:59:32 INFO     services.rds: [DISCOVER]  Found 0 DB clusters and 0 DB instances
2026-08-06 18:59:33 INFO     services.ec2: [DISCOVER]  Found 0 instances, 0 volumes, 0 snapshots, 0 networking resources
2026-08-06 18:59:36 INFO     services.iam: [DISCOVER]  Protecting currently-assumed role 'OrganizationAccountAccessRole' from deletion
2026-08-06 18:59:36 INFO     services.iam: [DISCOVER]  Found 2 deletable roles, 2 customer-managed policies, 1 instance profiles, 0 users, 0 groups
2026-08-06 18:59:36 INFO     orchestrator: Inventory written to logs/reports/070640552464/ap-south-1/inventory.json
2026-08-06 18:59:36 WARNING  orchestrator: [WARN]      Skipping cleanup for 'apigateway' because discovery failed: Service 'apigateway' is a placeholder and has not been implemented yet.
2026-08-06 18:59:36 WARNING  orchestrator: [WARN]      Skipping cleanup for 'application_autoscaling' because discovery failed: Service 'application_autoscaling' is a placeholder and has not been implemented yet.
2026-08-06 18:59:36 WARNING  orchestrator: [WARN]      Skipping cleanup for 'autoscaling' because discovery failed: Service 'autoscaling' is a placeholder and has not been implemented yet.
2026-08-06 18:59:36 INFO     orchestrator: Cleaning up service: cloudformation
2026-08-06 18:59:36 INFO     services.cloudformation: [CLEANUP]   No CloudFormation stacks to delete
2026-08-06 18:59:36 INFO     orchestrator: Cleaning up service: ec2
2026-08-06 18:59:36 INFO     services.ec2: [CLEANUP]   No EC2 resources to delete
2026-08-06 18:59:36 WARNING  orchestrator: [WARN]      Skipping cleanup for 'ecr' because discovery failed: Service 'ecr' is a placeholder and has not been implemented yet.
2026-08-06 18:59:36 INFO     orchestrator: Cleaning up service: ecs
2026-08-06 18:59:36 INFO     services.ecs: [CLEANUP]   No ECS resources to delete
2026-08-06 18:59:36 INFO     orchestrator: Cleaning up service: eks
2026-08-06 18:59:36 INFO     services.eks: [CLEANUP]   No EKS resources to delete
2026-08-06 18:59:36 INFO     orchestrator: Cleaning up service: elasticbeanstalk
2026-08-06 18:59:36 INFO     services.elasticbeanstalk: [CLEANUP]   No Elastic Beanstalk resources to delete
2026-08-06 18:59:36 WARNING  orchestrator: [WARN]      Skipping cleanup for 'elb' because discovery failed: Service 'elb' is a placeholder and has not been implemented yet.
2026-08-06 18:59:36 INFO     orchestrator: Cleaning up service: eventbridge
2026-08-06 18:59:36 INFO     services.eventbridge: [CLEANUP]   No EventBridge resources to delete
2026-08-06 18:59:36 INFO     orchestrator: Cleaning up service: iam
2026-08-06 18:59:36 INFO     services.iam: [CLEANUP]   Skipping IAM resource DefaultIamPolicy: protected_resource_arn
2026-08-06 18:59:36 INFO     services.iam: [CLEANUP]   Skipping IAM resource CoderCreatedIdentityBoundary: protected_resource_arn
2026-08-06 18:59:38 ERROR    services.iam: [ERROR]     Failed to delete role aws-elasticbeanstalk-ec2-role: An error occurred (InvalidParameterValue) when calling the DescribeIamInstanceProfileAssociations operation: An unknown filter 'instance-profile-arn' was given
2026-08-06 18:59:39 INFO     services.iam: [CLEANUP]   Deleted role aws-elasticbeanstalk-service-role
2026-08-06 18:59:39 ERROR    services.iam: [ERROR]     Failed to delete instance profile aws-elasticbeanstalk-ec2-role: An error occurred (InvalidParameterValue) when calling the DescribeIamInstanceProfileAssociations operation: An unknown filter 'instance-profile-arn' was given
2026-08-06 18:59:39 WARNING  orchestrator: [WARN]      Skipping cleanup for 'kms' because discovery failed: Service 'kms' is a placeholder and has not been implemented yet.
2026-08-06 18:59:39 WARNING  orchestrator: [WARN]      Skipping cleanup for 'lambda' because discovery failed: Service 'lambda' is a placeholder and has not been implemented yet.
2026-08-06 18:59:39 INFO     orchestrator: Cleaning up service: rds
2026-08-06 18:59:39 INFO     services.rds: [CLEANUP]   No RDS clusters or instances to delete
2026-08-06 18:59:39 INFO     orchestrator: Cleaning up service: s3
2026-08-06 18:59:39 INFO     services.s3: [CLEANUP]   No S3 buckets to delete
2026-08-06 18:59:39 INFO     services.ec2: [VERIFY]    Verifying EC2 is clean ...
2026-08-06 18:59:39 INFO     services.eks: [VERIFY]    Verifying EKS is clean ...
2026-08-06 18:59:39 INFO     services.ecs: [VERIFY]    Verifying ECS is clean ...
2026-08-06 18:59:39 INFO     services.cloudformation: [VERIFY]    Verifying CloudFormation is clean ...
2026-08-06 18:59:39 INFO     services.elasticbeanstalk: [VERIFY]    Verifying Elastic Beanstalk is clean ...
2026-08-06 18:59:39 INFO     services.eventbridge: [VERIFY]    Verifying EventBridge is clean ...
2026-08-06 18:59:39 INFO     services.iam: [VERIFY]    Verifying IAM is clean ...
2026-08-06 18:59:39 INFO     services.rds: [VERIFY]    Verifying RDS is clean ...
2026-08-06 18:59:39 ERROR    orchestrator: [ERROR]     Verification for 'application_autoscaling' raised: Service 'application_autoscaling' is a placeholder and has not been implemented yet.
2026-08-06 18:59:39 INFO     services.s3: [VERIFY]    Verifying S3 is clean ...
2026-08-06 18:59:39 ERROR    orchestrator: [ERROR]     Verification for 'apigateway' raised: Service 'apigateway' is a placeholder and has not been implemented yet.
2026-08-06 18:59:39 ERROR    orchestrator: [ERROR]     Verification for 'lambda' raised: Service 'lambda' is a placeholder and has not been implemented yet.
2026-08-06 18:59:39 ERROR    orchestrator: [ERROR]     Verification for 'kms' raised: Service 'kms' is a placeholder and has not been implemented yet.
2026-08-06 18:59:39 ERROR    orchestrator: [ERROR]     Verification for 'elb' raised: Service 'elb' is a placeholder and has not been implemented yet.
2026-08-06 18:59:39 ERROR    orchestrator: [ERROR]     Verification for 'autoscaling' raised: Service 'autoscaling' is a placeholder and has not been implemented yet.
2026-08-06 18:59:39 ERROR    orchestrator: [ERROR]     Verification for 'ecr' raised: Service 'ecr' is a placeholder and has not been implemented yet.
2026-08-06 18:59:39 INFO     services.eks: [VERIFY]    EKS clean
2026-08-06 18:59:39 INFO     services.elasticbeanstalk: [VERIFY]    Elastic Beanstalk clean
2026-08-06 18:59:39 INFO     services.cloudformation: [VERIFY]    CloudFormation clean
2026-08-06 18:59:39 INFO     services.rds: [VERIFY]    RDS clean
2026-08-06 18:59:39 INFO     services.ecs: [VERIFY]    ECS clean
2026-08-06 18:59:39 INFO     services.s3: [VERIFY]    S3 clean
2026-08-06 18:59:39 INFO     services.eventbridge: [VERIFY]    EventBridge clean
2026-08-06 18:59:40 INFO     services.ec2: [VERIFY]    EC2 clean
2026-08-06 18:59:40 INFO     services.iam: [VERIFY]    IAM FAIL - 4 resources remain
2026-08-06 18:59:40 INFO     orchestrator: [VERIFY]    Verification pass 1/5 found remaining resources in ['application_autoscaling', 'apigateway', 'lambda', 'kms', 'elb', 'autoscaling', 'ecr', 'iam']; retrying in 15s
2026-08-06 18:59:55 INFO     services.ec2: [VERIFY]    Verifying EC2 is clean ...
2026-08-06 18:59:55 INFO     services.cloudformation: [VERIFY]    Verifying CloudFormation is clean ...
2026-08-06 18:59:55 INFO     services.ecs: [VERIFY]    Verifying ECS is clean ...
2026-08-06 18:59:55 INFO     services.eks: [VERIFY]    Verifying EKS is clean ...
2026-08-06 18:59:55 INFO     services.elasticbeanstalk: [VERIFY]    Verifying Elastic Beanstalk is clean ...
2026-08-06 18:59:55 INFO     services.eventbridge: [VERIFY]    Verifying EventBridge is clean ...
2026-08-06 18:59:55 INFO     services.iam: [VERIFY]    Verifying IAM is clean ...
2026-08-06 18:59:55 INFO     services.rds: [VERIFY]    Verifying RDS is clean ...
2026-08-06 18:59:55 ERROR    orchestrator: [ERROR]     Verification for 'application_autoscaling' raised: Service 'application_autoscaling' is a placeholder and has not been implemented yet.
2026-08-06 18:59:55 INFO     services.s3: [VERIFY]    Verifying S3 is clean ...
2026-08-06 18:59:55 ERROR    orchestrator: [ERROR]     Verification for 'ecr' raised: Service 'ecr' is a placeholder and has not been implemented yet.
2026-08-06 18:59:55 ERROR    orchestrator: [ERROR]     Verification for 'autoscaling' raised: Service 'autoscaling' is a placeholder and has not been implemented yet.
2026-08-06 18:59:55 ERROR    orchestrator: [ERROR]     Verification for 'kms' raised: Service 'kms' is a placeholder and has not been implemented yet.
2026-08-06 18:59:55 ERROR    orchestrator: [ERROR]     Verification for 'apigateway' raised: Service 'apigateway' is a placeholder and has not been implemented yet.
2026-08-06 18:59:55 ERROR    orchestrator: [ERROR]     Verification for 'lambda' raised: Service 'lambda' is a placeholder and has not been implemented yet.
2026-08-06 18:59:55 ERROR    orchestrator: [ERROR]     Verification for 'elb' raised: Service 'elb' is a placeholder and has not been implemented yet.
2026-08-06 18:59:55 INFO     services.eks: [VERIFY]    EKS clean
2026-08-06 18:59:55 INFO     services.elasticbeanstalk: [VERIFY]    Elastic Beanstalk clean
2026-08-06 18:59:55 INFO     services.cloudformation: [VERIFY]    CloudFormation clean
2026-08-06 18:59:55 INFO     services.rds: [VERIFY]    RDS clean
2026-08-06 18:59:56 INFO     services.s3: [VERIFY]    S3 clean
2026-08-06 18:59:56 INFO     services.eventbridge: [VERIFY]    EventBridge clean
2026-08-06 18:59:56 INFO     services.ec2: [VERIFY]    EC2 clean
2026-08-06 18:59:56 INFO     services.ecs: [VERIFY]    ECS clean
2026-08-06 18:59:57 INFO     services.iam: [VERIFY]    IAM FAIL - 4 resources remain
2026-08-06 18:59:57 INFO     orchestrator: [VERIFY]    Verification pass 2/5 found remaining resources in ['application_autoscaling', 'ecr', 'autoscaling', 'kms', 'apigateway', 'lambda', 'elb', 'iam']; retrying in 15s
2026-08-06 19:00:12 INFO     services.ec2: [VERIFY]    Verifying EC2 is clean ...
2026-08-06 19:00:12 INFO     services.cloudformation: [VERIFY]    Verifying CloudFormation is clean ...
2026-08-06 19:00:12 INFO     services.eks: [VERIFY]    Verifying EKS is clean ...
2026-08-06 19:00:12 INFO     services.ecs: [VERIFY]    Verifying ECS is clean ...
2026-08-06 19:00:12 INFO     services.elasticbeanstalk: [VERIFY]    Verifying Elastic Beanstalk is clean ...
2026-08-06 19:00:12 INFO     services.iam: [VERIFY]    Verifying IAM is clean ...
2026-08-06 19:00:12 INFO     services.rds: [VERIFY]    Verifying RDS is clean ...
2026-08-06 19:00:12 INFO     services.eventbridge: [VERIFY]    Verifying EventBridge is clean ...
2026-08-06 19:00:12 ERROR    orchestrator: [ERROR]     Verification for 'lambda' raised: Service 'lambda' is a placeholder and has not been implemented yet.
2026-08-06 19:00:12 INFO     services.s3: [VERIFY]    Verifying S3 is clean ...
2026-08-06 19:00:12 ERROR    orchestrator: [ERROR]     Verification for 'autoscaling' raised: Service 'autoscaling' is a placeholder and has not been implemented yet.
2026-08-06 19:00:12 ERROR    orchestrator: [ERROR]     Verification for 'application_autoscaling' raised: Service 'application_autoscaling' is a placeholder and has not been implemented yet.
2026-08-06 19:00:12 ERROR    orchestrator: [ERROR]     Verification for 'ecr' raised: Service 'ecr' is a placeholder and has not been implemented yet.
2026-08-06 19:00:12 ERROR    orchestrator: [ERROR]     Verification for 'kms' raised: Service 'kms' is a placeholder and has not been implemented yet.
2026-08-06 19:00:12 ERROR    orchestrator: [ERROR]     Verification for 'elb' raised: Service 'elb' is a placeholder and has not been implemented yet.
2026-08-06 19:00:12 ERROR    orchestrator: [ERROR]     Verification for 'apigateway' raised: Service 'apigateway' is a placeholder and has not been implemented yet.
2026-08-06 19:00:12 INFO     services.elasticbeanstalk: [VERIFY]    Elastic Beanstalk clean
2026-08-06 19:00:12 INFO     services.eks: [VERIFY]    EKS clean
2026-08-06 19:00:12 INFO     services.rds: [VERIFY]    RDS clean
2026-08-06 19:00:12 INFO     services.ecs: [VERIFY]    ECS clean
2026-08-06 19:00:12 INFO     services.s3: [VERIFY]    S3 clean
2026-08-06 19:00:12 INFO     services.eventbridge: [VERIFY]    EventBridge clean
2026-08-06 19:00:13 INFO     services.ec2: [VERIFY]    EC2 clean
2026-08-06 19:00:13 INFO     services.cloudformation: [VERIFY]    CloudFormation clean
2026-08-06 19:00:13 INFO     services.iam: [VERIFY]    IAM FAIL - 4 resources remain
2026-08-06 19:00:13 INFO     orchestrator: [VERIFY]    Verification pass 3/5 found remaining resources in ['lambda', 'autoscaling', 'application_autoscaling', 'ecr', 'kms', 'elb', 'apigateway', 'iam']; retrying in 15s
2026-08-06 19:00:28 INFO     services.ec2: [VERIFY]    Verifying EC2 is clean ...
2026-08-06 19:00:28 INFO     services.cloudformation: [VERIFY]    Verifying CloudFormation is clean ...
2026-08-06 19:00:28 INFO     services.ecs: [VERIFY]    Verifying ECS is clean ...
2026-08-06 19:00:28 INFO     services.eks: [VERIFY]    Verifying EKS is clean ...
2026-08-06 19:00:28 INFO     services.elasticbeanstalk: [VERIFY]    Verifying Elastic Beanstalk is clean ...
2026-08-06 19:00:28 INFO     services.iam: [VERIFY]    Verifying IAM is clean ...
2026-08-06 19:00:28 INFO     services.eventbridge: [VERIFY]    Verifying EventBridge is clean ...
2026-08-06 19:00:28 INFO     services.rds: [VERIFY]    Verifying RDS is clean ...
2026-08-06 19:00:28 INFO     services.s3: [VERIFY]    Verifying S3 is clean ...
2026-08-06 19:00:28 ERROR    orchestrator: [ERROR]     Verification for 'application_autoscaling' raised: Service 'application_autoscaling' is a placeholder and has not been implemented yet.
2026-08-06 19:00:28 ERROR    orchestrator: [ERROR]     Verification for 'kms' raised: Service 'kms' is a placeholder and has not been implemented yet.
2026-08-06 19:00:28 ERROR    orchestrator: [ERROR]     Verification for 'ecr' raised: Service 'ecr' is a placeholder and has not been implemented yet.
2026-08-06 19:00:28 ERROR    orchestrator: [ERROR]     Verification for 'elb' raised: Service 'elb' is a placeholder and has not been implemented yet.
2026-08-06 19:00:28 ERROR    orchestrator: [ERROR]     Verification for 'apigateway' raised: Service 'apigateway' is a placeholder and has not been implemented yet.
2026-08-06 19:00:28 ERROR    orchestrator: [ERROR]     Verification for 'autoscaling' raised: Service 'autoscaling' is a placeholder and has not been implemented yet.
2026-08-06 19:00:28 ERROR    orchestrator: [ERROR]     Verification for 'lambda' raised: Service 'lambda' is a placeholder and has not been implemented yet.
2026-08-06 19:00:28 INFO     services.eks: [VERIFY]    EKS clean
2026-08-06 19:00:28 INFO     services.elasticbeanstalk: [VERIFY]    Elastic Beanstalk clean
2026-08-06 19:00:28 INFO     services.rds: [VERIFY]    RDS clean
2026-08-06 19:00:28 INFO     services.cloudformation: [VERIFY]    CloudFormation clean
2026-08-06 19:00:29 INFO     services.ecs: [VERIFY]    ECS clean
2026-08-06 19:00:29 INFO     services.s3: [VERIFY]    S3 clean
2026-08-06 19:00:29 INFO     services.eventbridge: [VERIFY]    EventBridge clean
2026-08-06 19:00:29 INFO     services.ec2: [VERIFY]    EC2 clean
2026-08-06 19:00:30 INFO     services.iam: [VERIFY]    IAM FAIL - 4 resources remain
2026-08-06 19:00:30 INFO     orchestrator: [VERIFY]    Verification pass 4/5 found remaining resources in ['application_autoscaling', 'kms', 'ecr', 'elb', 'apigateway', 'autoscaling', 'lambda', 'iam']; retrying in 15s
2026-08-06 19:00:45 INFO     services.eks: [VERIFY]    Verifying EKS is clean ...
2026-08-06 19:00:45 INFO     services.ec2: [VERIFY]    Verifying EC2 is clean ...
2026-08-06 19:00:45 INFO     services.cloudformation: [VERIFY]    Verifying CloudFormation is clean ...
2026-08-06 19:00:45 INFO     services.ecs: [VERIFY]    Verifying ECS is clean ...
2026-08-06 19:00:45 INFO     services.elasticbeanstalk: [VERIFY]    Verifying Elastic Beanstalk is clean ...
2026-08-06 19:00:45 INFO     services.iam: [VERIFY]    Verifying IAM is clean ...
2026-08-06 19:00:45 INFO     services.eventbridge: [VERIFY]    Verifying EventBridge is clean ...
2026-08-06 19:00:45 INFO     services.rds: [VERIFY]    Verifying RDS is clean ...
2026-08-06 19:00:45 ERROR    orchestrator: [ERROR]     Verification for 'kms' raised: Service 'kms' is a placeholder and has not been implemented yet.
2026-08-06 19:00:45 INFO     services.s3: [VERIFY]    Verifying S3 is clean ...
2026-08-06 19:00:45 ERROR    orchestrator: [ERROR]     Verification for 'ecr' raised: Service 'ecr' is a placeholder and has not been implemented yet.
2026-08-06 19:00:45 ERROR    orchestrator: [ERROR]     Verification for 'lambda' raised: Service 'lambda' is a placeholder and has not been implemented yet.
2026-08-06 19:00:45 ERROR    orchestrator: [ERROR]     Verification for 'application_autoscaling' raised: Service 'application_autoscaling' is a placeholder and has not been implemented yet.
2026-08-06 19:00:45 ERROR    orchestrator: [ERROR]     Verification for 'elb' raised: Service 'elb' is a placeholder and has not been implemented yet.
2026-08-06 19:00:45 ERROR    orchestrator: [ERROR]     Verification for 'autoscaling' raised: Service 'autoscaling' is a placeholder and has not been implemented yet.
2026-08-06 19:00:45 ERROR    orchestrator: [ERROR]     Verification for 'apigateway' raised: Service 'apigateway' is a placeholder and has not been implemented yet.
2026-08-06 19:00:45 INFO     services.eks: [VERIFY]    EKS clean
2026-08-06 19:00:45 INFO     services.elasticbeanstalk: [VERIFY]    Elastic Beanstalk clean
2026-08-06 19:00:45 INFO     services.rds: [VERIFY]    RDS clean
2026-08-06 19:00:45 INFO     services.cloudformation: [VERIFY]    CloudFormation clean
2026-08-06 19:00:45 INFO     services.ecs: [VERIFY]    ECS clean
2026-08-06 19:00:45 INFO     services.s3: [VERIFY]    S3 clean
2026-08-06 19:00:45 INFO     services.eventbridge: [VERIFY]    EventBridge clean
2026-08-06 19:00:46 INFO     services.ec2: [VERIFY]    EC2 clean
2026-08-06 19:00:47 INFO     services.iam: [VERIFY]    IAM FAIL - 4 resources remain
2026-08-06 19:00:47 INFO     orchestrator: Verification written to logs/reports/070640552464/ap-south-1/verification.json
2026-08-06 19:00:47 INFO     main: [070640552464/ap-south-1] verification=FAIL discovered=5 deleted=1 remaining=4
2026-08-06 19:00:47 INFO     main: ======================================================================
2026-08-06 19:00:47 INFO     main: Combined summary written to logs/reports/cleanup_report_summary.json
2026-08-06 19:00:47 INFO     main: Overall result across all regions/accounts: FAIL
2026-08-06 19:00:47 INFO     main: ======================================================================
2026-08-06 19:27:03 INFO     main: ======================================================================
2026-08-06 19:27:03 INFO     main: AWS Sandbox Cleanup Engine
2026-08-06 19:27:03 INFO     main: Regions: ap-south-1 | Dry run: False
2026-08-06 19:27:03 INFO     main: Cross-account targets: 070640552464 via OrganizationAccountAccessRole
2026-08-06 19:27:03 INFO     main: ======================================================================
2026-08-06 19:27:11 INFO     main: --- Account 070640552464 / role OrganizationAccountAccessRole / region ap-south-1 ---
2026-08-06 19:27:11 INFO     botocore.credentials: Found credentials in shared credentials file: ~/.aws/credentials
2026-08-06 19:27:17 INFO     orchestrator: Starting cleanup run for account 070640552464 in ap-south-1
2026-08-06 19:27:17 INFO     orchestrator: Discovered 16 service plugins: apigateway, application_autoscaling, autoscaling, cloudformation, ec2, ecr, ecs, eks, elasticbeanstalk, elb, eventbridge, iam, kms, lambda, rds, s3
2026-08-06 19:27:17 INFO     services.cloudformation: [DISCOVER]  Scanning CloudFormation stacks ...
2026-08-06 19:27:17 INFO     services.ecs: [DISCOVER]  Scanning ECS clusters, services, tasks, container instances, and task definitions ...
2026-08-06 19:27:17 INFO     services.ec2: [DISCOVER]  Scanning EC2 instances, volumes, snapshots, and networking resources ...
2026-08-06 19:27:17 INFO     services.eks: [DISCOVER]  Scanning EKS clusters and their node groups, Fargate profiles, and add-ons ...
2026-08-06 19:27:17 INFO     services.elasticbeanstalk: [DISCOVER]  Scanning Elastic Beanstalk applications, environments, versions, and configuration templates ...
2026-08-06 19:27:17 INFO     services.eventbridge: [DISCOVER]  Scanning EventBridge buses, rules, archives, and schema registries ...
2026-08-06 19:27:17 INFO     services.iam: [DISCOVER]  Scanning IAM roles, policies, instance profiles, users, and groups ...
2026-08-06 19:27:17 INFO     services.rds: [DISCOVER]  Scanning RDS clusters and instances ...
2026-08-06 19:27:17 ERROR    orchestrator: [ERROR]     Inventory scan for 'ecr' raised: Service 'ecr' is a placeholder and has not been implemented yet.
2026-08-06 19:27:17 INFO     services.s3: [DISCOVER]  Scanning S3 buckets ...
2026-08-06 19:27:17 ERROR    orchestrator: [ERROR]     Inventory scan for 'kms' raised: Service 'kms' is a placeholder and has not been implemented yet.
2026-08-06 19:27:17 ERROR    orchestrator: [ERROR]     Inventory scan for 'lambda' raised: Service 'lambda' is a placeholder and has not been implemented yet.
2026-08-06 19:27:17 ERROR    orchestrator: [ERROR]     Inventory scan for 'elb' raised: Service 'elb' is a placeholder and has not been implemented yet.
2026-08-06 19:27:17 ERROR    orchestrator: [ERROR]     Inventory scan for 'autoscaling' raised: Service 'autoscaling' is a placeholder and has not been implemented yet.
2026-08-06 19:27:17 ERROR    orchestrator: [ERROR]     Inventory scan for 'application_autoscaling' raised: Service 'application_autoscaling' is a placeholder and has not been implemented yet.
2026-08-06 19:27:17 ERROR    orchestrator: [ERROR]     Inventory scan for 'apigateway' raised: Service 'apigateway' is a placeholder and has not been implemented yet.
2026-08-06 19:27:17 INFO     services.ecs: [DISCOVER]  Found 0 clusters, 0 services, 0 standalone tasks, 0 container instances, 0 active task definitions
2026-08-06 19:27:17 INFO     services.eks: [DISCOVER]  Found 0 clusters, 0 node groups, 0 Fargate profiles, 0 add-ons, 0 access entries
2026-08-06 19:27:17 INFO     services.cloudformation: [DISCOVER]  Found 1 stacks
2026-08-06 19:27:17 INFO     services.s3: [DISCOVER]  Found 1 buckets
2026-08-06 19:27:18 INFO     services.ec2: [DISCOVER]  Found 1 instances, 1 volumes, 0 snapshots, 2 networking resources
2026-08-06 19:27:18 INFO     services.rds: [DISCOVER]  Found 0 DB clusters and 0 DB instances
2026-08-06 19:27:18 INFO     services.eventbridge: [DISCOVER]  Found 0 custom event buses, 0 rules, 0 archives, 0 custom schema registries, 0 schemas
2026-08-06 19:27:21 INFO     services.iam: [DISCOVER]  Protecting currently-assumed role 'OrganizationAccountAccessRole' from deletion
2026-08-06 19:27:21 INFO     services.iam: [DISCOVER]  Found 2 deletable roles, 2 customer-managed policies, 1 instance profiles, 0 users, 0 groups
2026-08-06 19:27:23 INFO     services.elasticbeanstalk: [DISCOVER]  Found 1 applications, 1 environments, 0 application versions, 0 configuration templates
2026-08-06 19:27:23 INFO     orchestrator: Inventory written to logs/reports/070640552464/ap-south-1/inventory.json
2026-08-06 19:27:23 WARNING  orchestrator: [WARN]      Skipping cleanup for 'apigateway' because discovery failed: Service 'apigateway' is a placeholder and has not been implemented yet.
2026-08-06 19:27:23 WARNING  orchestrator: [WARN]      Skipping cleanup for 'application_autoscaling' because discovery failed: Service 'application_autoscaling' is a placeholder and has not been implemented yet.
2026-08-06 19:27:23 WARNING  orchestrator: [WARN]      Skipping cleanup for 'autoscaling' because discovery failed: Service 'autoscaling' is a placeholder and has not been implemented yet.
2026-08-06 19:27:23 INFO     orchestrator: Cleaning up service: cloudformation
2026-08-06 19:27:23 INFO     services.cloudformation: [CLEANUP]   Deleted stack awseb-e-peaju6jpcm-stack
2026-08-06 19:27:23 INFO     services.cloudformation: [WAIT]      Waiting for stack deletion: awseb-e-peaju6jpcm-stack
2026-08-06 19:27:23 INFO     services.cloudformation: [WAIT]      CloudFormation stack 'arn:aws:cloudformation:ap-south-1:070640552464:stack/awseb-e-peaju6jpcm-stack/78b08290-919e-11f1-97d5-0a9c765ca339' deletion ... (0s elapsed)
2026-08-06 19:27:44 INFO     services.cloudformation: [WAIT]      CloudFormation stack 'arn:aws:cloudformation:ap-south-1:070640552464:stack/awseb-e-peaju6jpcm-stack/78b08290-919e-11f1-97d5-0a9c765ca339' deletion ... (20s elapsed)
2026-08-06 19:27:59 INFO     services.cloudformation: [WAIT]      CloudFormation stack 'arn:aws:cloudformation:ap-south-1:070640552464:stack/awseb-e-peaju6jpcm-stack/78b08290-919e-11f1-97d5-0a9c765ca339' deletion ... (35s elapsed)
2026-08-06 19:28:14 INFO     services.cloudformation: [WAIT]      CloudFormation stack 'arn:aws:cloudformation:ap-south-1:070640552464:stack/awseb-e-peaju6jpcm-stack/78b08290-919e-11f1-97d5-0a9c765ca339' deletion ... (50s elapsed)
2026-08-06 19:28:30 INFO     services.cloudformation: [WAIT]      CloudFormation stack 'arn:aws:cloudformation:ap-south-1:070640552464:stack/awseb-e-peaju6jpcm-stack/78b08290-919e-11f1-97d5-0a9c765ca339' deletion ... (66s elapsed)
2026-08-06 19:28:46 INFO     services.cloudformation: [WAIT]      CloudFormation stack 'arn:aws:cloudformation:ap-south-1:070640552464:stack/awseb-e-peaju6jpcm-stack/78b08290-919e-11f1-97d5-0a9c765ca339' deletion ... (82s elapsed)
2026-08-06 19:29:18 INFO     services.cloudformation: [WAIT]      CloudFormation stack 'arn:aws:cloudformation:ap-south-1:070640552464:stack/awseb-e-peaju6jpcm-stack/78b08290-919e-11f1-97d5-0a9c765ca339' deletion ... (114s elapsed)
2026-08-06 19:29:33 INFO     orchestrator: Cleaning up service: ec2
2026-08-06 19:29:34 INFO     services.ec2: [WAIT]      Waiting for instance termination: i-0fb74844c1cab8c96
2026-08-06 19:29:34 INFO     services.ec2: [CLEANUP]   Terminated instance i-0fb74844c1cab8c96
2026-08-06 19:29:34 ERROR    services.ec2: [ERROR]     Failed to release elastic IP 3.109.215.68: An error occurred (InvalidAssociationID.NotFound) when calling the DisassociateAddress operation: The association ID 'eipassoc-07796661e63aeb5eb' does not exist
2026-08-06 19:29:35 ERROR    services.ec2: [ERROR]     Failed to delete security group awseb-e-peaju6jpcm-stack-AWSEBSecurityGroup-bbQ2ACSsNNsd: An error occurred (InvalidGroup.NotFound) when calling the DeleteSecurityGroup operation: The security group 'sg-0e6db648ed665cd6b' does not exist
2026-08-06 19:29:35 ERROR    services.ec2: [ERROR]     Failed to delete volume vol-013c579647693a803: An error occurred (InvalidVolume.NotFound) when calling the DeleteVolume operation: The volume 'vol-013c579647693a803' does not exist.
2026-08-06 19:29:35 WARNING  orchestrator: [WARN]      Skipping cleanup for 'ecr' because discovery failed: Service 'ecr' is a placeholder and has not been implemented yet.
2026-08-06 19:29:35 INFO     orchestrator: Cleaning up service: ecs
2026-08-06 19:29:35 INFO     services.ecs: [CLEANUP]   No ECS resources to delete
2026-08-06 19:29:35 INFO     orchestrator: Cleaning up service: eks
2026-08-06 19:29:35 INFO     services.eks: [CLEANUP]   No EKS resources to delete
2026-08-06 19:29:35 INFO     orchestrator: Cleaning up service: elasticbeanstalk
2026-08-06 19:29:35 INFO     services.elasticbeanstalk: [WAIT]      Waiting for environment termination: Koli-env
2026-08-06 19:29:35 INFO     services.elasticbeanstalk: [WAIT]      Elastic Beanstalk environment 'Koli-env' termination ... (0s elapsed)
2026-08-06 19:29:51 INFO     services.elasticbeanstalk: [CLEANUP]   Terminated environment Koli-env
2026-08-06 19:29:51 INFO     services.elasticbeanstalk: [CLEANUP]   Deleted application koli
2026-08-06 19:29:51 WARNING  orchestrator: [WARN]      Skipping cleanup for 'elb' because discovery failed: Service 'elb' is a placeholder and has not been implemented yet.
2026-08-06 19:29:51 INFO     orchestrator: Cleaning up service: eventbridge
2026-08-06 19:29:51 INFO     services.eventbridge: [CLEANUP]   No EventBridge resources to delete
2026-08-06 19:29:51 INFO     orchestrator: Cleaning up service: iam
2026-08-06 19:29:51 INFO     services.iam: [CLEANUP]   Skipping IAM resource DefaultIamPolicy: protected_resource_arn
2026-08-06 19:29:51 INFO     services.iam: [CLEANUP]   Skipping IAM resource CoderCreatedIdentityBoundary: protected_resource_arn
2026-08-06 19:29:53 INFO     services.iam: [CLEANUP]   Deleted role aws-elasticbeanstalk-service-role
2026-08-06 19:29:53 ERROR    services.iam: [ERROR]     Failed to delete role aws-elasticbeanstalk-ec2-role: An error occurred (InvalidParameterValue) when calling the DescribeIamInstanceProfileAssociations operation: An unknown filter 'instance-profile-arn' was given
2026-08-06 19:29:54 ERROR    services.iam: [ERROR]     Failed to delete instance profile aws-elasticbeanstalk-ec2-role: An error occurred (InvalidParameterValue) when calling the DescribeIamInstanceProfileAssociations operation: An unknown filter 'instance-profile-arn' was given
2026-08-06 19:29:54 WARNING  orchestrator: [WARN]      Skipping cleanup for 'kms' because discovery failed: Service 'kms' is a placeholder and has not been implemented yet.
2026-08-06 19:29:54 WARNING  orchestrator: [WARN]      Skipping cleanup for 'lambda' because discovery failed: Service 'lambda' is a placeholder and has not been implemented yet.
2026-08-06 19:29:54 INFO     orchestrator: Cleaning up service: rds
2026-08-06 19:29:54 INFO     services.rds: [CLEANUP]   No RDS clusters or instances to delete
2026-08-06 19:29:54 INFO     orchestrator: Cleaning up service: s3
2026-08-06 19:29:54 INFO     services.s3: [CLEANUP]   Removed bucket policy on elasticbeanstalk-ap-south-1-070640552464
2026-08-06 19:29:54 INFO     services.s3: [CLEANUP]   Deleted 2 object versions/markers from elasticbeanstalk-ap-south-1-070640552464
2026-08-06 19:29:55 INFO     services.s3: [CLEANUP]   Deleted bucket elasticbeanstalk-ap-south-1-070640552464
2026-08-06 19:29:55 INFO     services.s3: [WAIT]      Waiting for bucket deletion: elasticbeanstalk-ap-south-1-070640552464
2026-08-06 19:29:55 INFO     services.ec2: [VERIFY]    Verifying EC2 is clean ...
2026-08-06 19:29:55 INFO     services.ecs: [VERIFY]    Verifying ECS is clean ...
2026-08-06 19:29:55 INFO     services.cloudformation: [VERIFY]    Verifying CloudFormation is clean ...
2026-08-06 19:29:55 INFO     services.eks: [VERIFY]    Verifying EKS is clean ...
2026-08-06 19:29:55 INFO     services.eventbridge: [VERIFY]    Verifying EventBridge is clean ...
2026-08-06 19:29:55 INFO     services.iam: [VERIFY]    Verifying IAM is clean ...
2026-08-06 19:29:55 INFO     services.elasticbeanstalk: [VERIFY]    Verifying Elastic Beanstalk is clean ...
2026-08-06 19:29:55 INFO     services.rds: [VERIFY]    Verifying RDS is clean ...
2026-08-06 19:29:55 ERROR    orchestrator: [ERROR]     Verification for 'kms' raised: Service 'kms' is a placeholder and has not been implemented yet.
2026-08-06 19:29:55 INFO     services.s3: [VERIFY]    Verifying S3 is clean ...
2026-08-06 19:29:55 ERROR    orchestrator: [ERROR]     Verification for 'apigateway' raised: Service 'apigateway' is a placeholder and has not been implemented yet.
2026-08-06 19:29:55 ERROR    orchestrator: [ERROR]     Verification for 'elb' raised: Service 'elb' is a placeholder and has not been implemented yet.
2026-08-06 19:29:55 ERROR    orchestrator: [ERROR]     Verification for 'autoscaling' raised: Service 'autoscaling' is a placeholder and has not been implemented yet.
2026-08-06 19:29:55 ERROR    orchestrator: [ERROR]     Verification for 'lambda' raised: Service 'lambda' is a placeholder and has not been implemented yet.
2026-08-06 19:29:55 ERROR    orchestrator: [ERROR]     Verification for 'application_autoscaling' raised: Service 'application_autoscaling' is a placeholder and has not been implemented yet.
2026-08-06 19:29:55 ERROR    orchestrator: [ERROR]     Verification for 'ecr' raised: Service 'ecr' is a placeholder and has not been implemented yet.
2026-08-06 19:29:55 INFO     services.eks: [VERIFY]    EKS clean
2026-08-06 19:29:55 INFO     services.elasticbeanstalk: [VERIFY]    Elastic Beanstalk clean
2026-08-06 19:29:55 INFO     services.cloudformation: [VERIFY]    CloudFormation clean
2026-08-06 19:29:55 INFO     services.s3: [VERIFY]    S3 clean
2026-08-06 19:29:55 INFO     services.ecs: [VERIFY]    ECS clean
2026-08-06 19:29:55 INFO     services.rds: [VERIFY]    RDS clean
2026-08-06 19:29:55 INFO     services.eventbridge: [VERIFY]    EventBridge clean
2026-08-06 19:29:56 INFO     services.ec2: [VERIFY]    EC2 clean
2026-08-06 19:29:57 INFO     services.iam: [VERIFY]    IAM FAIL - 4 resources remain
2026-08-06 19:29:57 INFO     orchestrator: [VERIFY]    Verification pass 1/5 found remaining resources in ['kms', 'apigateway', 'elb', 'autoscaling', 'lambda', 'application_autoscaling', 'ecr', 'iam']; retrying in 15s
2026-08-06 19:30:12 INFO     services.cloudformation: [VERIFY]    Verifying CloudFormation is clean ...
2026-08-06 19:30:12 INFO     services.eks: [VERIFY]    Verifying EKS is clean ...
2026-08-06 19:30:12 INFO     services.ec2: [VERIFY]    Verifying EC2 is clean ...
2026-08-06 19:30:12 INFO     services.ecs: [VERIFY]    Verifying ECS is clean ...
2026-08-06 19:30:12 INFO     services.elasticbeanstalk: [VERIFY]    Verifying Elastic Beanstalk is clean ...
2026-08-06 19:30:12 INFO     services.eventbridge: [VERIFY]    Verifying EventBridge is clean ...
2026-08-06 19:30:12 INFO     services.iam: [VERIFY]    Verifying IAM is clean ...
2026-08-06 19:30:12 INFO     services.rds: [VERIFY]    Verifying RDS is clean ...
2026-08-06 19:30:12 ERROR    orchestrator: [ERROR]     Verification for 'autoscaling' raised: Service 'autoscaling' is a placeholder and has not been implemented yet.
2026-08-06 19:30:12 INFO     services.s3: [VERIFY]    Verifying S3 is clean ...
2026-08-06 19:30:12 ERROR    orchestrator: [ERROR]     Verification for 'apigateway' raised: Service 'apigateway' is a placeholder and has not been implemented yet.
2026-08-06 19:30:12 ERROR    orchestrator: [ERROR]     Verification for 'lambda' raised: Service 'lambda' is a placeholder and has not been implemented yet.
2026-08-06 19:30:12 ERROR    orchestrator: [ERROR]     Verification for 'ecr' raised: Service 'ecr' is a placeholder and has not been implemented yet.
2026-08-06 19:30:12 ERROR    orchestrator: [ERROR]     Verification for 'application_autoscaling' raised: Service 'application_autoscaling' is a placeholder and has not been implemented yet.
2026-08-06 19:30:12 ERROR    orchestrator: [ERROR]     Verification for 'kms' raised: Service 'kms' is a placeholder and has not been implemented yet.
2026-08-06 19:30:12 ERROR    orchestrator: [ERROR]     Verification for 'elb' raised: Service 'elb' is a placeholder and has not been implemented yet.
2026-08-06 19:30:12 INFO     services.eks: [VERIFY]    EKS clean
2026-08-06 19:30:12 INFO     services.elasticbeanstalk: [VERIFY]    Elastic Beanstalk clean
2026-08-06 19:30:12 INFO     services.rds: [VERIFY]    RDS clean
2026-08-06 19:30:12 INFO     services.cloudformation: [VERIFY]    CloudFormation clean
2026-08-06 19:30:12 INFO     services.s3: [VERIFY]    S3 clean
2026-08-06 19:30:13 INFO     services.eventbridge: [VERIFY]    EventBridge clean
2026-08-06 19:30:13 INFO     services.ec2: [VERIFY]    EC2 clean
2026-08-06 19:30:13 INFO     services.ecs: [VERIFY]    ECS clean
2026-08-06 19:30:14 INFO     services.iam: [VERIFY]    IAM FAIL - 4 resources remain
2026-08-06 19:30:14 INFO     orchestrator: [VERIFY]    Verification pass 2/5 found remaining resources in ['autoscaling', 'apigateway', 'lambda', 'ecr', 'application_autoscaling', 'kms', 'elb', 'iam']; retrying in 15s
2026-08-06 19:30:29 INFO     services.cloudformation: [VERIFY]    Verifying CloudFormation is clean ...
2026-08-06 19:30:29 INFO     services.ec2: [VERIFY]    Verifying EC2 is clean ...
2026-08-06 19:30:29 INFO     services.eks: [VERIFY]    Verifying EKS is clean ...
2026-08-06 19:30:29 INFO     services.ecs: [VERIFY]    Verifying ECS is clean ...
2026-08-06 19:30:29 INFO     services.elasticbeanstalk: [VERIFY]    Verifying Elastic Beanstalk is clean ...
2026-08-06 19:30:29 INFO     services.eventbridge: [VERIFY]    Verifying EventBridge is clean ...
2026-08-06 19:30:29 INFO     services.iam: [VERIFY]    Verifying IAM is clean ...
2026-08-06 19:30:29 INFO     services.rds: [VERIFY]    Verifying RDS is clean ...
2026-08-06 19:30:29 ERROR    orchestrator: [ERROR]     Verification for 'application_autoscaling' raised: Service 'application_autoscaling' is a placeholder and has not been implemented yet.
2026-08-06 19:30:29 INFO     services.s3: [VERIFY]    Verifying S3 is clean ...
2026-08-06 19:30:29 ERROR    orchestrator: [ERROR]     Verification for 'apigateway' raised: Service 'apigateway' is a placeholder and has not been implemented yet.
2026-08-06 19:30:29 ERROR    orchestrator: [ERROR]     Verification for 'lambda' raised: Service 'lambda' is a placeholder and has not been implemented yet.
2026-08-06 19:30:29 ERROR    orchestrator: [ERROR]     Verification for 'elb' raised: Service 'elb' is a placeholder and has not been implemented yet.
2026-08-06 19:30:29 ERROR    orchestrator: [ERROR]     Verification for 'ecr' raised: Service 'ecr' is a placeholder and has not been implemented yet.
2026-08-06 19:30:29 ERROR    orchestrator: [ERROR]     Verification for 'kms' raised: Service 'kms' is a placeholder and has not been implemented yet.
2026-08-06 19:30:29 ERROR    orchestrator: [ERROR]     Verification for 'autoscaling' raised: Service 'autoscaling' is a placeholder and has not been implemented yet.
2026-08-06 19:30:29 INFO     services.eks: [VERIFY]    EKS clean
2026-08-06 19:30:29 INFO     services.elasticbeanstalk: [VERIFY]    Elastic Beanstalk clean
2026-08-06 19:30:29 INFO     services.rds: [VERIFY]    RDS clean
2026-08-06 19:30:29 INFO     services.cloudformation: [VERIFY]    CloudFormation clean
2026-08-06 19:30:29 INFO     services.ecs: [VERIFY]    ECS clean
2026-08-06 19:30:29 INFO     services.s3: [VERIFY]    S3 clean
2026-08-06 19:30:29 INFO     services.eventbridge: [VERIFY]    EventBridge clean
2026-08-06 19:30:29 INFO     services.ec2: [VERIFY]    EC2 clean
2026-08-06 19:30:31 INFO     services.iam: [VERIFY]    IAM FAIL - 4 resources remain
2026-08-06 19:30:31 INFO     orchestrator: [VERIFY]    Verification pass 3/5 found remaining resources in ['application_autoscaling', 'apigateway', 'lambda', 'elb', 'ecr', 'kms', 'autoscaling', 'iam']; retrying in 15s
2026-08-06 19:30:46 INFO     services.ec2: [VERIFY]    Verifying EC2 is clean ...
2026-08-06 19:30:46 INFO     services.cloudformation: [VERIFY]    Verifying CloudFormation is clean ...
2026-08-06 19:30:46 INFO     services.ecs: [VERIFY]    Verifying ECS is clean ...
2026-08-06 19:30:46 INFO     services.eks: [VERIFY]    Verifying EKS is clean ...
2026-08-06 19:30:46 INFO     services.elasticbeanstalk: [VERIFY]    Verifying Elastic Beanstalk is clean ...
2026-08-06 19:30:46 INFO     services.eventbridge: [VERIFY]    Verifying EventBridge is clean ...
2026-08-06 19:30:46 INFO     services.iam: [VERIFY]    Verifying IAM is clean ...
2026-08-06 19:30:46 INFO     services.rds: [VERIFY]    Verifying RDS is clean ...
2026-08-06 19:30:46 ERROR    orchestrator: [ERROR]     Verification for 'lambda' raised: Service 'lambda' is a placeholder and has not been implemented yet.
2026-08-06 19:30:46 INFO     services.s3: [VERIFY]    Verifying S3 is clean ...
2026-08-06 19:30:46 ERROR    orchestrator: [ERROR]     Verification for 'autoscaling' raised: Service 'autoscaling' is a placeholder and has not been implemented yet.
2026-08-06 19:30:46 ERROR    orchestrator: [ERROR]     Verification for 'apigateway' raised: Service 'apigateway' is a placeholder and has not been implemented yet.
2026-08-06 19:30:46 ERROR    orchestrator: [ERROR]     Verification for 'elb' raised: Service 'elb' is a placeholder and has not been implemented yet.
2026-08-06 19:30:46 ERROR    orchestrator: [ERROR]     Verification for 'ecr' raised: Service 'ecr' is a placeholder and has not been implemented yet.
2026-08-06 19:30:46 ERROR    orchestrator: [ERROR]     Verification for 'kms' raised: Service 'kms' is a placeholder and has not been implemented yet.
2026-08-06 19:30:46 ERROR    orchestrator: [ERROR]     Verification for 'application_autoscaling' raised: Service 'application_autoscaling' is a placeholder and has not been implemented yet.
2026-08-06 19:30:46 INFO     services.eks: [VERIFY]    EKS clean
2026-08-06 19:30:46 INFO     services.elasticbeanstalk: [VERIFY]    Elastic Beanstalk clean
2026-08-06 19:30:46 INFO     services.cloudformation: [VERIFY]    CloudFormation clean
2026-08-06 19:30:46 INFO     services.rds: [VERIFY]    RDS clean
2026-08-06 19:30:46 INFO     services.ecs: [VERIFY]    ECS clean
2026-08-06 19:30:46 INFO     services.s3: [VERIFY]    S3 clean
2026-08-06 19:30:46 INFO     services.eventbridge: [VERIFY]    EventBridge clean
2026-08-06 19:30:46 INFO     services.ec2: [VERIFY]    EC2 clean
2026-08-06 19:30:47 INFO     services.iam: [VERIFY]    IAM FAIL - 4 resources remain
2026-08-06 19:30:47 INFO     orchestrator: [VERIFY]    Verification pass 4/5 found remaining resources in ['lambda', 'autoscaling', 'apigateway', 'elb', 'ecr', 'kms', 'application_autoscaling', 'iam']; retrying in 15s
2026-08-06 19:31:02 INFO     services.ec2: [VERIFY]    Verifying EC2 is clean ...
2026-08-06 19:31:02 INFO     services.cloudformation: [VERIFY]    Verifying CloudFormation is clean ...
2026-08-06 19:31:02 INFO     services.eks: [VERIFY]    Verifying EKS is clean ...
2026-08-06 19:31:02 INFO     services.ecs: [VERIFY]    Verifying ECS is clean ...
2026-08-06 19:31:02 INFO     services.elasticbeanstalk: [VERIFY]    Verifying Elastic Beanstalk is clean ...
2026-08-06 19:31:02 INFO     services.eventbridge: [VERIFY]    Verifying EventBridge is clean ...
2026-08-06 19:31:02 INFO     services.iam: [VERIFY]    Verifying IAM is clean ...
2026-08-06 19:31:02 INFO     services.rds: [VERIFY]    Verifying RDS is clean ...
2026-08-06 19:31:02 ERROR    orchestrator: [ERROR]     Verification for 'kms' raised: Service 'kms' is a placeholder and has not been implemented yet.
2026-08-06 19:31:02 INFO     services.s3: [VERIFY]    Verifying S3 is clean ...
2026-08-06 19:31:02 ERROR    orchestrator: [ERROR]     Verification for 'apigateway' raised: Service 'apigateway' is a placeholder and has not been implemented yet.
2026-08-06 19:31:02 ERROR    orchestrator: [ERROR]     Verification for 'lambda' raised: Service 'lambda' is a placeholder and has not been implemented yet.
2026-08-06 19:31:02 ERROR    orchestrator: [ERROR]     Verification for 'ecr' raised: Service 'ecr' is a placeholder and has not been implemented yet.
2026-08-06 19:31:02 ERROR    orchestrator: [ERROR]     Verification for 'autoscaling' raised: Service 'autoscaling' is a placeholder and has not been implemented yet.
2026-08-06 19:31:02 ERROR    orchestrator: [ERROR]     Verification for 'application_autoscaling' raised: Service 'application_autoscaling' is a placeholder and has not been implemented yet.
2026-08-06 19:31:02 ERROR    orchestrator: [ERROR]     Verification for 'elb' raised: Service 'elb' is a placeholder and has not been implemented yet.
2026-08-06 19:31:03 INFO     services.eks: [VERIFY]    EKS clean
2026-08-06 19:31:03 INFO     services.elasticbeanstalk: [VERIFY]    Elastic Beanstalk clean
2026-08-06 19:31:03 INFO     services.cloudformation: [VERIFY]    CloudFormation clean
2026-08-06 19:31:03 INFO     services.rds: [VERIFY]    RDS clean
2026-08-06 19:31:03 INFO     services.s3: [VERIFY]    S3 clean
2026-08-06 19:31:03 INFO     services.ecs: [VERIFY]    ECS clean
2026-08-06 19:31:03 INFO     services.eventbridge: [VERIFY]    EventBridge clean
2026-08-06 19:31:03 INFO     services.ec2: [VERIFY]    EC2 clean
2026-08-06 19:31:04 INFO     services.iam: [VERIFY]    IAM FAIL - 4 resources remain
2026-08-06 19:31:04 INFO     orchestrator: Verification written to logs/reports/070640552464/ap-south-1/verification.json
2026-08-06 19:31:04 INFO     main: [070640552464/ap-south-1] verification=FAIL discovered=13 deleted=6 remaining=4
2026-08-06 19:31:04 INFO     main: ======================================================================
2026-08-06 19:31:04 INFO     main: Combined summary written to logs/reports/cleanup_report_summary.json
2026-08-06 19:31:04 INFO     main: Overall result across all regions/accounts: FAIL
2026-08-06 19:31:04 INFO     main: ======================================================================
2026-08-06 19:40:17 INFO     main: ======================================================================
2026-08-06 19:40:17 INFO     main: AWS Sandbox Cleanup Engine
2026-08-06 19:40:17 INFO     main: Regions: ap-south-1 | Dry run: False
2026-08-06 19:40:17 INFO     main: Cross-account targets: 070640552464 via OrganizationAccountAccessRole
2026-08-06 19:40:17 INFO     main: ======================================================================
2026-08-06 19:40:23 INFO     main: --- Account 070640552464 / role OrganizationAccountAccessRole / region ap-south-1 ---
2026-08-06 19:40:23 INFO     botocore.credentials: Found credentials in shared credentials file: ~/.aws/credentials
2026-08-06 19:40:23 INFO     orchestrator: Starting cleanup run for account 070640552464 in ap-south-1
2026-08-06 19:40:23 INFO     orchestrator: Discovered 16 service plugins: apigateway, application_autoscaling, autoscaling, cloudformation, ec2, ecr, ecs, eks, elasticbeanstalk, elb, eventbridge, iam, kms, lambda, rds, s3
2026-08-06 19:40:23 INFO     services.ec2: [DISCOVER]  Scanning EC2 instances, volumes, snapshots, and networking resources ...
2026-08-06 19:40:23 INFO     services.cloudformation: [DISCOVER]  Scanning CloudFormation stacks ...
2026-08-06 19:40:23 INFO     services.eks: [DISCOVER]  Scanning EKS clusters and their node groups, Fargate profiles, and add-ons ...
2026-08-06 19:40:23 INFO     services.ecs: [DISCOVER]  Scanning ECS clusters, services, tasks, container instances, and task definitions ...
2026-08-06 19:40:23 INFO     services.elasticbeanstalk: [DISCOVER]  Scanning Elastic Beanstalk applications, environments, versions, and configuration templates ...
2026-08-06 19:40:23 INFO     services.eventbridge: [DISCOVER]  Scanning EventBridge buses, rules, archives, and schema registries ...
2026-08-06 19:40:23 INFO     services.iam: [DISCOVER]  Scanning IAM roles, policies, instance profiles, users, and groups ...
2026-08-06 19:40:23 INFO     services.rds: [DISCOVER]  Scanning RDS clusters and instances ...
2026-08-06 19:40:23 ERROR    orchestrator: [ERROR]     Inventory scan for 'ecr' raised: Service 'ecr' is a placeholder and has not been implemented yet.
2026-08-06 19:40:23 INFO     services.s3: [DISCOVER]  Scanning S3 buckets ...
2026-08-06 19:40:23 ERROR    orchestrator: [ERROR]     Inventory scan for 'kms' raised: Service 'kms' is a placeholder and has not been implemented yet.
2026-08-06 19:40:23 ERROR    orchestrator: [ERROR]     Inventory scan for 'lambda' raised: Service 'lambda' is a placeholder and has not been implemented yet.
2026-08-06 19:40:23 ERROR    orchestrator: [ERROR]     Inventory scan for 'elb' raised: Service 'elb' is a placeholder and has not been implemented yet.
2026-08-06 19:40:23 ERROR    orchestrator: [ERROR]     Inventory scan for 'autoscaling' raised: Service 'autoscaling' is a placeholder and has not been implemented yet.
2026-08-06 19:40:23 ERROR    orchestrator: [ERROR]     Inventory scan for 'application_autoscaling' raised: Service 'application_autoscaling' is a placeholder and has not been implemented yet.
2026-08-06 19:40:23 ERROR    orchestrator: [ERROR]     Inventory scan for 'apigateway' raised: Service 'apigateway' is a placeholder and has not been implemented yet.
2026-08-06 19:40:24 INFO     services.eks: [DISCOVER]  Found 0 clusters, 0 node groups, 0 Fargate profiles, 0 add-ons, 0 access entries
2026-08-06 19:40:24 INFO     services.eventbridge: [DISCOVER]  Found 0 custom event buses, 0 rules, 0 archives, 0 custom schema registries, 0 schemas
2026-08-06 19:40:24 INFO     services.cloudformation: [DISCOVER]  Found 1 stacks
2026-08-06 19:40:24 INFO     services.ecs: [DISCOVER]  Found 0 clusters, 0 services, 0 standalone tasks, 0 container instances, 0 active task definitions
2026-08-06 19:40:24 INFO     services.rds: [DISCOVER]  Found 0 DB clusters and 0 DB instances
2026-08-06 19:40:24 INFO     services.s3: [DISCOVER]  Found 1 buckets
2026-08-06 19:40:24 INFO     services.elasticbeanstalk: [DISCOVER]  Found 1 applications, 1 environments, 0 application versions, 0 configuration templates
2026-08-06 19:40:25 INFO     services.ec2: [DISCOVER]  Found 1 instances, 1 volumes, 0 snapshots, 2 networking resources
2026-08-06 19:40:28 INFO     services.iam: [DISCOVER]  Protecting currently-assumed role 'OrganizationAccountAccessRole' from deletion
2026-08-06 19:40:28 INFO     services.iam: [DISCOVER]  Found 2 deletable roles, 2 customer-managed policies, 1 instance profiles, 0 users, 0 groups
2026-08-06 19:40:28 INFO     orchestrator: Inventory written to logs/reports/070640552464/ap-south-1/inventory.json
2026-08-06 19:40:28 WARNING  orchestrator: [WARN]      Skipping cleanup for 'apigateway' because discovery failed: Service 'apigateway' is a placeholder and has not been implemented yet.
2026-08-06 19:40:28 WARNING  orchestrator: [WARN]      Skipping cleanup for 'application_autoscaling' because discovery failed: Service 'application_autoscaling' is a placeholder and has not been implemented yet.
2026-08-06 19:40:28 WARNING  orchestrator: [WARN]      Skipping cleanup for 'autoscaling' because discovery failed: Service 'autoscaling' is a placeholder and has not been implemented yet.
2026-08-06 19:40:28 INFO     orchestrator: Cleaning up service: cloudformation
2026-08-06 19:40:28 INFO     services.cloudformation: [CLEANUP]   Deleted stack awseb-e-3m7uhsj6ak-stack
2026-08-06 19:40:28 INFO     services.cloudformation: [WAIT]      Waiting for stack deletion: awseb-e-3m7uhsj6ak-stack
2026-08-06 19:40:29 INFO     services.cloudformation: [WAIT]      CloudFormation stack 'arn:aws:cloudformation:ap-south-1:070640552464:stack/awseb-e-3m7uhsj6ak-stack/f10af210-919f-11f1-8c49-0639244b24eb' deletion ... (0s elapsed)
2026-08-06 19:40:44 INFO     services.cloudformation: [WAIT]      CloudFormation stack 'arn:aws:cloudformation:ap-south-1:070640552464:stack/awseb-e-3m7uhsj6ak-stack/f10af210-919f-11f1-8c49-0639244b24eb' deletion ... (15s elapsed)
2026-08-06 19:40:59 INFO     services.cloudformation: [WAIT]      CloudFormation stack 'arn:aws:cloudformation:ap-south-1:070640552464:stack/awseb-e-3m7uhsj6ak-stack/f10af210-919f-11f1-8c49-0639244b24eb' deletion ... (30s elapsed)
2026-08-06 19:41:14 INFO     services.cloudformation: [WAIT]      CloudFormation stack 'arn:aws:cloudformation:ap-south-1:070640552464:stack/awseb-e-3m7uhsj6ak-stack/f10af210-919f-11f1-8c49-0639244b24eb' deletion ... (45s elapsed)
2026-08-06 19:41:29 INFO     services.cloudformation: [WAIT]      CloudFormation stack 'arn:aws:cloudformation:ap-south-1:070640552464:stack/awseb-e-3m7uhsj6ak-stack/f10af210-919f-11f1-8c49-0639244b24eb' deletion ... (60s elapsed)
2026-08-06 19:41:44 INFO     services.cloudformation: [WAIT]      CloudFormation stack 'arn:aws:cloudformation:ap-south-1:070640552464:stack/awseb-e-3m7uhsj6ak-stack/f10af210-919f-11f1-8c49-0639244b24eb' deletion ... (75s elapsed)
2026-08-06 19:41:59 INFO     services.cloudformation: [WAIT]      CloudFormation stack 'arn:aws:cloudformation:ap-south-1:070640552464:stack/awseb-e-3m7uhsj6ak-stack/f10af210-919f-11f1-8c49-0639244b24eb' deletion ... (90s elapsed)
2026-08-06 19:42:15 INFO     services.cloudformation: [WAIT]      CloudFormation stack 'arn:aws:cloudformation:ap-south-1:070640552464:stack/awseb-e-3m7uhsj6ak-stack/f10af210-919f-11f1-8c49-0639244b24eb' deletion ... (106s elapsed)
2026-08-06 19:42:30 INFO     services.cloudformation: [WAIT]      CloudFormation stack 'arn:aws:cloudformation:ap-south-1:070640552464:stack/awseb-e-3m7uhsj6ak-stack/f10af210-919f-11f1-8c49-0639244b24eb' deletion ... (121s elapsed)
2026-08-06 19:42:45 INFO     services.cloudformation: [WAIT]      CloudFormation stack 'arn:aws:cloudformation:ap-south-1:070640552464:stack/awseb-e-3m7uhsj6ak-stack/f10af210-919f-11f1-8c49-0639244b24eb' deletion ... (136s elapsed)
2026-08-06 19:43:00 INFO     services.cloudformation: [WAIT]      CloudFormation stack 'arn:aws:cloudformation:ap-south-1:070640552464:stack/awseb-e-3m7uhsj6ak-stack/f10af210-919f-11f1-8c49-0639244b24eb' deletion ... (151s elapsed)
2026-08-06 19:43:16 INFO     services.cloudformation: [WAIT]      CloudFormation stack 'arn:aws:cloudformation:ap-south-1:070640552464:stack/awseb-e-3m7uhsj6ak-stack/f10af210-919f-11f1-8c49-0639244b24eb' deletion ... (166s elapsed)
2026-08-06 19:43:31 INFO     orchestrator: Cleaning up service: ec2
2026-08-06 19:43:32 INFO     services.ec2: [WAIT]      Waiting for instance termination: i-03e75df05598f5882
2026-08-06 19:43:32 INFO     services.ec2: [CLEANUP]   Terminated instance i-03e75df05598f5882
2026-08-06 19:43:33 ERROR    services.ec2: [ERROR]     Failed to release elastic IP 15.252.147.241: An error occurred (InvalidAssociationID.NotFound) when calling the DisassociateAddress operation: The association ID 'eipassoc-0a6391bc0cd40da1d' does not exist
2026-08-06 19:43:33 ERROR    services.ec2: [ERROR]     Failed to delete security group awseb-e-3m7uhsj6ak-stack-AWSEBSecurityGroup-njHuduEyhi9j: An error occurred (InvalidGroup.NotFound) when calling the DeleteSecurityGroup operation: The security group 'sg-09fd22162df790b99' does not exist
2026-08-06 19:43:33 ERROR    services.ec2: [ERROR]     Failed to delete volume vol-05b7af255874ad97f: An error occurred (InvalidVolume.NotFound) when calling the DeleteVolume operation: The volume 'vol-05b7af255874ad97f' does not exist.
2026-08-06 19:43:33 WARNING  orchestrator: [WARN]      Skipping cleanup for 'ecr' because discovery failed: Service 'ecr' is a placeholder and has not been implemented yet.
2026-08-06 19:43:33 INFO     orchestrator: Cleaning up service: ecs
2026-08-06 19:43:33 INFO     services.ecs: [CLEANUP]   No ECS resources to delete
2026-08-06 19:43:33 INFO     orchestrator: Cleaning up service: eks
2026-08-06 19:43:33 INFO     services.eks: [CLEANUP]   No EKS resources to delete
2026-08-06 19:43:33 INFO     orchestrator: Cleaning up service: elasticbeanstalk
2026-08-06 19:43:33 INFO     services.elasticbeanstalk: [WAIT]      Waiting for environment termination: 8080-env
2026-08-06 19:43:33 INFO     services.elasticbeanstalk: [WAIT]      Elastic Beanstalk environment '8080-env' termination ... (0s elapsed)
2026-08-06 19:43:49 INFO     services.elasticbeanstalk: [CLEANUP]   Terminated environment 8080-env
2026-08-06 19:43:49 INFO     services.elasticbeanstalk: [CLEANUP]   Deleted application 8080
2026-08-06 19:43:49 WARNING  orchestrator: [WARN]      Skipping cleanup for 'elb' because discovery failed: Service 'elb' is a placeholder and has not been implemented yet.
2026-08-06 19:43:49 INFO     orchestrator: Cleaning up service: eventbridge
2026-08-06 19:43:49 INFO     services.eventbridge: [CLEANUP]   No EventBridge resources to delete
2026-08-06 19:43:49 INFO     orchestrator: Cleaning up service: iam
2026-08-06 19:43:49 INFO     services.iam: [CLEANUP]   Skipping IAM resource DefaultIamPolicy: protected_resource_arn
2026-08-06 19:43:49 INFO     services.iam: [CLEANUP]   Skipping IAM resource CoderCreatedIdentityBoundary: protected_resource_arn
2026-08-06 19:43:52 ERROR    services.iam: [ERROR]     Failed to delete role aws-elasticbeanstalk-ec2-role: An error occurred (InvalidParameterValue) when calling the DescribeIamInstanceProfileAssociations operation: An unknown filter 'instance-profile-arn' was given
2026-08-06 19:43:52 INFO     services.iam: [CLEANUP]   Deleted role aws-elasticbeanstalk-service-role
2026-08-06 19:43:52 ERROR    services.iam: [ERROR]     Failed to delete instance profile aws-elasticbeanstalk-ec2-role: An error occurred (InvalidParameterValue) when calling the DescribeIamInstanceProfileAssociations operation: An unknown filter 'instance-profile-arn' was given
2026-08-06 19:43:52 WARNING  orchestrator: [WARN]      Skipping cleanup for 'kms' because discovery failed: Service 'kms' is a placeholder and has not been implemented yet.
2026-08-06 19:43:52 WARNING  orchestrator: [WARN]      Skipping cleanup for 'lambda' because discovery failed: Service 'lambda' is a placeholder and has not been implemented yet.
2026-08-06 19:43:52 INFO     orchestrator: Cleaning up service: rds
2026-08-06 19:43:52 INFO     services.rds: [CLEANUP]   No RDS clusters or instances to delete
2026-08-06 19:43:52 INFO     orchestrator: Cleaning up service: s3
2026-08-06 19:43:53 INFO     services.s3: [CLEANUP]   Removed bucket policy on elasticbeanstalk-ap-south-1-070640552464
2026-08-06 19:43:53 INFO     services.s3: [CLEANUP]   Deleted 2 object versions/markers from elasticbeanstalk-ap-south-1-070640552464
2026-08-06 19:43:53 INFO     services.s3: [CLEANUP]   Deleted bucket elasticbeanstalk-ap-south-1-070640552464
2026-08-06 19:43:53 INFO     services.s3: [WAIT]      Waiting for bucket deletion: elasticbeanstalk-ap-south-1-070640552464
2026-08-06 19:43:53 INFO     services.ec2: [VERIFY]    Verifying EC2 is clean ...
2026-08-06 19:43:53 INFO     services.cloudformation: [VERIFY]    Verifying CloudFormation is clean ...
2026-08-06 19:43:53 INFO     services.eks: [VERIFY]    Verifying EKS is clean ...
2026-08-06 19:43:53 INFO     services.ecs: [VERIFY]    Verifying ECS is clean ...
2026-08-06 19:43:53 INFO     services.elasticbeanstalk: [VERIFY]    Verifying Elastic Beanstalk is clean ...
2026-08-06 19:43:53 INFO     services.iam: [VERIFY]    Verifying IAM is clean ...
2026-08-06 19:43:53 INFO     services.eventbridge: [VERIFY]    Verifying EventBridge is clean ...
2026-08-06 19:43:53 INFO     services.rds: [VERIFY]    Verifying RDS is clean ...
2026-08-06 19:43:53 INFO     services.s3: [VERIFY]    Verifying S3 is clean ...
2026-08-06 19:43:53 ERROR    orchestrator: [ERROR]     Verification for 'elb' raised: Service 'elb' is a placeholder and has not been implemented yet.
2026-08-06 19:43:53 ERROR    orchestrator: [ERROR]     Verification for 'kms' raised: Service 'kms' is a placeholder and has not been implemented yet.
2026-08-06 19:43:53 ERROR    orchestrator: [ERROR]     Verification for 'autoscaling' raised: Service 'autoscaling' is a placeholder and has not been implemented yet.
2026-08-06 19:43:53 ERROR    orchestrator: [ERROR]     Verification for 'application_autoscaling' raised: Service 'application_autoscaling' is a placeholder and has not been implemented yet.
2026-08-06 19:43:53 ERROR    orchestrator: [ERROR]     Verification for 'ecr' raised: Service 'ecr' is a placeholder and has not been implemented yet.
2026-08-06 19:43:53 ERROR    orchestrator: [ERROR]     Verification for 'lambda' raised: Service 'lambda' is a placeholder and has not been implemented yet.
2026-08-06 19:43:53 ERROR    orchestrator: [ERROR]     Verification for 'apigateway' raised: Service 'apigateway' is a placeholder and has not been implemented yet.
2026-08-06 19:43:53 INFO     services.eks: [VERIFY]    EKS clean
2026-08-06 19:43:53 INFO     services.elasticbeanstalk: [VERIFY]    Elastic Beanstalk clean
2026-08-06 19:43:53 INFO     services.cloudformation: [VERIFY]    CloudFormation clean
2026-08-06 19:43:54 INFO     services.s3: [VERIFY]    S3 clean
2026-08-06 19:43:54 INFO     services.rds: [VERIFY]    RDS clean
2026-08-06 19:43:54 INFO     services.eventbridge: [VERIFY]    EventBridge clean
2026-08-06 19:43:54 INFO     services.ec2: [VERIFY]    EC2 clean
2026-08-06 19:43:55 INFO     services.ecs: [VERIFY]    ECS clean
2026-08-06 19:43:55 INFO     services.iam: [VERIFY]    IAM FAIL - 4 resources remain
2026-08-06 19:43:55 INFO     orchestrator: [VERIFY]    Verification pass 1/5 found remaining resources in ['elb', 'kms', 'autoscaling', 'application_autoscaling', 'ecr', 'lambda', 'apigateway', 'iam']; retrying in 15s
2026-08-06 19:44:10 INFO     services.cloudformation: [VERIFY]    Verifying CloudFormation is clean ...
2026-08-06 19:44:10 INFO     services.eks: [VERIFY]    Verifying EKS is clean ...
2026-08-06 19:44:10 INFO     services.ecs: [VERIFY]    Verifying ECS is clean ...
2026-08-06 19:44:10 INFO     services.elasticbeanstalk: [VERIFY]    Verifying Elastic Beanstalk is clean ...
2026-08-06 19:44:10 INFO     services.ec2: [VERIFY]    Verifying EC2 is clean ...
2026-08-06 19:44:10 INFO     services.iam: [VERIFY]    Verifying IAM is clean ...
2026-08-06 19:44:10 INFO     services.eventbridge: [VERIFY]    Verifying EventBridge is clean ...
2026-08-06 19:44:10 INFO     services.rds: [VERIFY]    Verifying RDS is clean ...
2026-08-06 19:44:10 INFO     services.s3: [VERIFY]    Verifying S3 is clean ...
2026-08-06 19:44:10 ERROR    orchestrator: [ERROR]     Verification for 'lambda' raised: Service 'lambda' is a placeholder and has not been implemented yet.
2026-08-06 19:44:10 ERROR    orchestrator: [ERROR]     Verification for 'elb' raised: Service 'elb' is a placeholder and has not been implemented yet.
2026-08-06 19:44:10 ERROR    orchestrator: [ERROR]     Verification for 'kms' raised: Service 'kms' is a placeholder and has not been implemented yet.
2026-08-06 19:44:10 ERROR    orchestrator: [ERROR]     Verification for 'ecr' raised: Service 'ecr' is a placeholder and has not been implemented yet.
2026-08-06 19:44:10 ERROR    orchestrator: [ERROR]     Verification for 'application_autoscaling' raised: Service 'application_autoscaling' is a placeholder and has not been implemented yet.
2026-08-06 19:44:10 ERROR    orchestrator: [ERROR]     Verification for 'apigateway' raised: Service 'apigateway' is a placeholder and has not been implemented yet.
2026-08-06 19:44:10 ERROR    orchestrator: [ERROR]     Verification for 'autoscaling' raised: Service 'autoscaling' is a placeholder and has not been implemented yet.
2026-08-06 19:44:10 INFO     services.elasticbeanstalk: [VERIFY]    Elastic Beanstalk clean
2026-08-06 19:44:10 INFO     services.eks: [VERIFY]    EKS clean
2026-08-06 19:44:10 INFO     services.cloudformation: [VERIFY]    CloudFormation clean
2026-08-06 19:44:10 INFO     services.rds: [VERIFY]    RDS clean
2026-08-06 19:44:10 INFO     services.ecs: [VERIFY]    ECS clean
2026-08-06 19:44:10 INFO     services.s3: [VERIFY]    S3 clean
2026-08-06 19:44:10 INFO     services.eventbridge: [VERIFY]    EventBridge clean
2026-08-06 19:44:10 INFO     services.ec2: [VERIFY]    EC2 clean
2026-08-06 19:44:11 INFO     services.iam: [VERIFY]    IAM FAIL - 4 resources remain
2026-08-06 19:44:11 INFO     orchestrator: [VERIFY]    Verification pass 2/5 found remaining resources in ['lambda', 'elb', 'kms', 'ecr', 'application_autoscaling', 'apigateway', 'autoscaling', 'iam']; retrying in 15s
2026-08-06 19:44:26 INFO     services.cloudformation: [VERIFY]    Verifying CloudFormation is clean ...
2026-08-06 19:44:26 INFO     services.ec2: [VERIFY]    Verifying EC2 is clean ...
2026-08-06 19:44:26 INFO     services.eks: [VERIFY]    Verifying EKS is clean ...
2026-08-06 19:44:26 INFO     services.elasticbeanstalk: [VERIFY]    Verifying Elastic Beanstalk is clean ...
2026-08-06 19:44:26 INFO     services.ecs: [VERIFY]    Verifying ECS is clean ...
2026-08-06 19:44:26 INFO     services.eventbridge: [VERIFY]    Verifying EventBridge is clean ...
2026-08-06 19:44:26 INFO     services.iam: [VERIFY]    Verifying IAM is clean ...
2026-08-06 19:44:26 INFO     services.rds: [VERIFY]    Verifying RDS is clean ...
2026-08-06 19:44:26 ERROR    orchestrator: [ERROR]     Verification for 'apigateway' raised: Service 'apigateway' is a placeholder and has not been implemented yet.
2026-08-06 19:44:26 INFO     services.s3: [VERIFY]    Verifying S3 is clean ...
2026-08-06 19:44:26 ERROR    orchestrator: [ERROR]     Verification for 'ecr' raised: Service 'ecr' is a placeholder and has not been implemented yet.
2026-08-06 19:44:26 ERROR    orchestrator: [ERROR]     Verification for 'elb' raised: Service 'elb' is a placeholder and has not been implemented yet.
2026-08-06 19:44:26 ERROR    orchestrator: [ERROR]     Verification for 'kms' raised: Service 'kms' is a placeholder and has not been implemented yet.
2026-08-06 19:44:26 ERROR    orchestrator: [ERROR]     Verification for 'application_autoscaling' raised: Service 'application_autoscaling' is a placeholder and has not been implemented yet.
2026-08-06 19:44:26 ERROR    orchestrator: [ERROR]     Verification for 'autoscaling' raised: Service 'autoscaling' is a placeholder and has not been implemented yet.
2026-08-06 19:44:26 ERROR    orchestrator: [ERROR]     Verification for 'lambda' raised: Service 'lambda' is a placeholder and has not been implemented yet.
2026-08-06 19:44:26 INFO     services.eks: [VERIFY]    EKS clean
2026-08-06 19:44:26 INFO     services.elasticbeanstalk: [VERIFY]    Elastic Beanstalk clean
2026-08-06 19:44:26 INFO     services.rds: [VERIFY]    RDS clean
2026-08-06 19:44:26 INFO     services.cloudformation: [VERIFY]    CloudFormation clean
2026-08-06 19:44:26 INFO     services.s3: [VERIFY]    S3 clean
2026-08-06 19:44:26 INFO     services.ecs: [VERIFY]    ECS clean
2026-08-06 19:44:27 INFO     services.eventbridge: [VERIFY]    EventBridge clean
2026-08-06 19:44:27 INFO     services.ec2: [VERIFY]    EC2 clean
2026-08-06 19:44:28 INFO     services.iam: [VERIFY]    IAM FAIL - 4 resources remain
2026-08-06 19:44:28 INFO     orchestrator: [VERIFY]    Verification pass 3/5 found remaining resources in ['apigateway', 'ecr', 'elb', 'kms', 'application_autoscaling', 'autoscaling', 'lambda', 'iam']; retrying in 15s
2026-08-06 19:44:43 INFO     services.cloudformation: [VERIFY]    Verifying CloudFormation is clean ...
2026-08-06 19:44:43 INFO     services.ec2: [VERIFY]    Verifying EC2 is clean ...
2026-08-06 19:44:43 INFO     services.eks: [VERIFY]    Verifying EKS is clean ...
2026-08-06 19:44:43 INFO     services.ecs: [VERIFY]    Verifying ECS is clean ...
2026-08-06 19:44:43 INFO     services.elasticbeanstalk: [VERIFY]    Verifying Elastic Beanstalk is clean ...
2026-08-06 19:44:43 INFO     services.iam: [VERIFY]    Verifying IAM is clean ...
2026-08-06 19:44:43 INFO     services.eventbridge: [VERIFY]    Verifying EventBridge is clean ...
2026-08-06 19:44:43 INFO     services.rds: [VERIFY]    Verifying RDS is clean ...
2026-08-06 19:44:43 ERROR    orchestrator: [ERROR]     Verification for 'kms' raised: Service 'kms' is a placeholder and has not been implemented yet.
2026-08-06 19:44:43 ERROR    orchestrator: [ERROR]     Verification for 'lambda' raised: Service 'lambda' is a placeholder and has not been implemented yet.
2026-08-06 19:44:43 INFO     services.s3: [VERIFY]    Verifying S3 is clean ...
2026-08-06 19:44:43 ERROR    orchestrator: [ERROR]     Verification for 'autoscaling' raised: Service 'autoscaling' is a placeholder and has not been implemented yet.
2026-08-06 19:44:43 ERROR    orchestrator: [ERROR]     Verification for 'apigateway' raised: Service 'apigateway' is a placeholder and has not been implemented yet.
2026-08-06 19:44:43 ERROR    orchestrator: [ERROR]     Verification for 'elb' raised: Service 'elb' is a placeholder and has not been implemented yet.
2026-08-06 19:44:43 ERROR    orchestrator: [ERROR]     Verification for 'application_autoscaling' raised: Service 'application_autoscaling' is a placeholder and has not been implemented yet.
2026-08-06 19:44:43 ERROR    orchestrator: [ERROR]     Verification for 'ecr' raised: Service 'ecr' is a placeholder and has not been implemented yet.
2026-08-06 19:44:43 INFO     services.eks: [VERIFY]    EKS clean
2026-08-06 19:44:43 INFO     services.elasticbeanstalk: [VERIFY]    Elastic Beanstalk clean
2026-08-06 19:44:43 INFO     services.cloudformation: [VERIFY]    CloudFormation clean
2026-08-06 19:44:43 INFO     services.rds: [VERIFY]    RDS clean
2026-08-06 19:44:43 INFO     services.s3: [VERIFY]    S3 clean
2026-08-06 19:44:43 INFO     services.ecs: [VERIFY]    ECS clean
2026-08-06 19:44:43 INFO     services.ec2: [VERIFY]    EC2 clean
2026-08-06 19:44:44 INFO     services.eventbridge: [VERIFY]    EventBridge clean
2026-08-06 19:44:44 INFO     services.iam: [VERIFY]    IAM FAIL - 4 resources remain
2026-08-06 19:44:44 INFO     orchestrator: [VERIFY]    Verification pass 4/5 found remaining resources in ['kms', 'lambda', 'autoscaling', 'apigateway', 'elb', 'application_autoscaling', 'ecr', 'iam']; retrying in 15s
2026-08-06 19:44:59 INFO     services.ec2: [VERIFY]    Verifying EC2 is clean ...
2026-08-06 19:44:59 INFO     services.ecs: [VERIFY]    Verifying ECS is clean ...
2026-08-06 19:44:59 INFO     services.cloudformation: [VERIFY]    Verifying CloudFormation is clean ...
2026-08-06 19:44:59 INFO     services.eks: [VERIFY]    Verifying EKS is clean ...
2026-08-06 19:44:59 INFO     services.elasticbeanstalk: [VERIFY]    Verifying Elastic Beanstalk is clean ...
2026-08-06 19:44:59 INFO     services.iam: [VERIFY]    Verifying IAM is clean ...
2026-08-06 19:44:59 INFO     services.eventbridge: [VERIFY]    Verifying EventBridge is clean ...
2026-08-06 19:44:59 INFO     services.rds: [VERIFY]    Verifying RDS is clean ...
2026-08-06 19:44:59 ERROR    orchestrator: [ERROR]     Verification for 'application_autoscaling' raised: Service 'application_autoscaling' is a placeholder and has not been implemented yet.
2026-08-06 19:44:59 INFO     services.s3: [VERIFY]    Verifying S3 is clean ...
2026-08-06 19:44:59 ERROR    orchestrator: [ERROR]     Verification for 'ecr' raised: Service 'ecr' is a placeholder and has not been implemented yet.
2026-08-06 19:44:59 ERROR    orchestrator: [ERROR]     Verification for 'elb' raised: Service 'elb' is a placeholder and has not been implemented yet.
2026-08-06 19:44:59 ERROR    orchestrator: [ERROR]     Verification for 'lambda' raised: Service 'lambda' is a placeholder and has not been implemented yet.
2026-08-06 19:44:59 ERROR    orchestrator: [ERROR]     Verification for 'autoscaling' raised: Service 'autoscaling' is a placeholder and has not been implemented yet.
2026-08-06 19:44:59 ERROR    orchestrator: [ERROR]     Verification for 'apigateway' raised: Service 'apigateway' is a placeholder and has not been implemented yet.
2026-08-06 19:44:59 ERROR    orchestrator: [ERROR]     Verification for 'kms' raised: Service 'kms' is a placeholder and has not been implemented yet.
2026-08-06 19:44:59 INFO     services.eks: [VERIFY]    EKS clean
2026-08-06 19:44:59 INFO     services.elasticbeanstalk: [VERIFY]    Elastic Beanstalk clean
2026-08-06 19:44:59 INFO     services.rds: [VERIFY]    RDS clean
2026-08-06 19:44:59 INFO     services.cloudformation: [VERIFY]    CloudFormation clean
2026-08-06 19:44:59 INFO     services.s3: [VERIFY]    S3 clean
2026-08-06 19:44:59 INFO     services.ecs: [VERIFY]    ECS clean
2026-08-06 19:45:00 INFO     services.eventbridge: [VERIFY]    EventBridge clean
2026-08-06 19:45:00 INFO     services.ec2: [VERIFY]    EC2 clean
2026-08-06 19:45:02 INFO     services.iam: [VERIFY]    IAM FAIL - 4 resources remain
2026-08-06 19:45:02 INFO     orchestrator: Verification written to logs/reports/070640552464/ap-south-1/verification.json
2026-08-06 19:45:02 INFO     main: [070640552464/ap-south-1] verification=FAIL discovered=13 deleted=6 remaining=4
2026-08-06 19:45:02 INFO     main: ======================================================================
2026-08-06 19:45:02 INFO     main: Combined summary written to logs/reports/cleanup_report_summary.json
2026-08-06 19:45:02 INFO     main: Overall result across all regions/accounts: FAIL
2026-08-06 19:45:02 INFO     main: ======================================================================
2026-08-10 15:35:15 INFO     main: ======================================================================
2026-08-10 15:35:15 INFO     main: AWS Sandbox Cleanup Engine
2026-08-10 15:35:15 INFO     main: Regions: ap-south-1 | Dry run: False
2026-08-10 15:35:15 INFO     main: Cross-account targets: 070640552464 via OrganizationAccountAccessRole
2026-08-10 15:35:15 INFO     main: ======================================================================
2026-08-10 15:35:34 INFO     main: ======================================================================
2026-08-10 15:35:34 INFO     main: AWS Sandbox Cleanup Engine
2026-08-10 15:35:34 INFO     main: Regions: ap-south-1 | Dry run: True
2026-08-10 15:35:34 INFO     main: Cross-account targets: 070640552464 via OrganizationAccountAccessRole
2026-08-10 15:35:34 INFO     main: ======================================================================
2026-08-10 15:35:34 INFO     main: --- Account 070640552464 / role OrganizationAccountAccessRole / region ap-south-1 ---
2026-08-10 15:35:34 INFO     botocore.credentials: Found credentials in shared credentials file: ~/.aws/credentials
2026-08-10 15:35:35 INFO     orchestrator: Starting cleanup run for account 070640552464 in ap-south-1
2026-08-10 15:35:35 INFO     orchestrator: Discovered 16 service plugins: apigateway, application-autoscaling, autoscaling, cloudformation, ec2, ecr, ecs, eks, elasticbeanstalk, elb, eventbridge, iam, kms, lambda, rds, s3
2026-08-10 15:35:35 INFO     orchestrator: PHASE 1 - Inventory
2026-08-10 15:35:35 INFO     services.apigateway: [DISCOVER]  Scanning API Gateway (REST + HTTP/WebSocket) resources ...
2026-08-10 15:35:35 INFO     services.application-autoscaling: [DISCOVER]  Scanning Application Auto Scaling across 15 service namespaces ...
2026-08-10 15:35:35 INFO     services.autoscaling: [DISCOVER]  Scanning Auto Scaling groups and launch configurations ...
2026-08-10 15:35:35 INFO     services.cloudformation: [DISCOVER]  Scanning CloudFormation stacks ...
2026-08-10 15:35:35 INFO     services.ec2: [DISCOVER]  Scanning EC2 instances, volumes, snapshots, and networking resources ...
2026-08-10 15:35:35 INFO     services.ecr: [DISCOVER]  Scanning ECR repositories ...
2026-08-10 15:35:35 INFO     services.ecs: [DISCOVER]  Scanning ECS clusters, services, tasks, container instances, and task definitions ...
2026-08-10 15:35:35 INFO     services.eks: [DISCOVER]  Scanning EKS clusters and their node groups, Fargate profiles, and add-ons ...
2026-08-10 15:35:35 INFO     services.elasticbeanstalk: [DISCOVER]  Scanning Elastic Beanstalk applications, environments, versions, and configuration templates ...
2026-08-10 15:35:35 INFO     services.elb: [DISCOVER]  Scanning ELB (v2 + classic) load balancers and target groups ...
2026-08-10 15:35:35 INFO     services.eventbridge: [DISCOVER]  Scanning EventBridge buses, rules, archives, and schema registries ...
2026-08-10 15:35:35 INFO     services.iam: [DISCOVER]  Scanning IAM roles, policies, instance profiles, users, and groups ...
2026-08-10 15:35:35 INFO     services.kms: [DISCOVER]  Scanning KMS customer managed keys and aliases ...
2026-08-10 15:35:35 INFO     services.lambda: [DISCOVER]  Scanning Lambda functions, event source mappings, and layer versions ...
2026-08-10 15:35:35 INFO     services.rds: [DISCOVER]  Scanning RDS clusters and instances ...
2026-08-10 15:35:35 INFO     services.s3: [DISCOVER]  Scanning S3 buckets ...
2026-08-10 15:35:35 INFO     services.elasticbeanstalk: [DISCOVER]  Found 0 applications, 0 environments, 0 application versions, 0 configuration templates
2026-08-10 15:35:36 INFO     services.s3: [DISCOVER]  Found 0 buckets
2026-08-10 15:35:36 INFO     services.elb: [DISCOVER]  Found 0 v2 load balancers, 0 target groups, 0 classic load balancers
2026-08-10 15:35:36 INFO     services.eventbridge: [DISCOVER]  Found 0 custom event buses, 0 rules, 0 archives, 0 custom schema registries, 0 schemas
2026-08-10 15:35:36 INFO     services.cloudformation: [DISCOVER]  Found 0 stacks
2026-08-10 15:35:36 INFO     services.autoscaling: [DISCOVER]  Found 0 Auto Scaling groups, 0 launch configurations
2026-08-10 15:35:36 INFO     services.ecr: [DISCOVER]  Found 0 repositories
2026-08-10 15:35:36 INFO     services.eks: [DISCOVER]  Found 0 clusters, 0 node groups, 0 Fargate profiles, 0 add-ons, 0 access entries
2026-08-10 15:35:36 INFO     services.ecs: [DISCOVER]  Found 0 clusters, 0 services, 0 standalone tasks, 0 container instances, 0 active task definitions
2026-08-10 15:35:36 INFO     services.rds: [DISCOVER]  Found 0 DB clusters and 0 DB instances
2026-08-10 15:35:36 INFO     services.kms: [DISCOVER]  Found 0 customer managed keys, 0 aliases (4 AWS managed keys excluded -- not customer-deletable)
2026-08-10 15:35:36 INFO     services.lambda: [DISCOVER]  Found 0 functions, 0 event source mappings, 0 layer versions
2026-08-10 15:35:37 INFO     services.ec2: [DISCOVER]  Found 0 instances, 0 volumes, 0 snapshots, 0 networking resources
2026-08-10 15:35:39 INFO     services.iam: [DISCOVER]  Protecting currently-assumed role 'OrganizationAccountAccessRole' from deletion
2026-08-10 15:35:39 INFO     services.iam: [DISCOVER]  Found 0 deletable roles, 2 customer-managed policies, 0 instance profiles, 0 users, 0 groups
2026-08-10 15:35:48 INFO     services.application-autoscaling: [DISCOVER]  Found 0 scalable targets, 0 scaling policies, 0 scheduled actions
2026-08-10 15:36:04 ERROR    orchestrator: [ERROR]     Inventory scan for 'apigateway' raised: Operation cannot be paginated: get_vpc_links
2026-08-10 15:36:04 INFO     orchestrator: Inventory written to logs/reports/070640552464/ap-south-1/inventory.json
2026-08-10 15:36:04 INFO     orchestrator: PHASE 2 - Custom cleanup
2026-08-10 15:36:04 WARNING  orchestrator: [WARN]      Skipping cleanup for 'apigateway' because discovery failed: Operation cannot be paginated: get_vpc_links
2026-08-10 15:36:04 INFO     orchestrator: Cleaning up service: application-autoscaling
2026-08-10 15:36:04 INFO     services.application-autoscaling: [CLEANUP]   No Application Auto Scaling resources to delete
2026-08-10 15:36:04 INFO     orchestrator: Cleaning up service: autoscaling
2026-08-10 15:36:04 INFO     services.autoscaling: [CLEANUP]   No Auto Scaling resources to delete
2026-08-10 15:36:04 INFO     orchestrator: Cleaning up service: cloudformation
2026-08-10 15:36:04 INFO     services.cloudformation: [CLEANUP]   No CloudFormation stacks to delete
2026-08-10 15:36:04 INFO     orchestrator: Cleaning up service: ec2
2026-08-10 15:36:04 INFO     services.ec2: [CLEANUP]   No EC2 resources to delete
2026-08-10 15:36:04 INFO     orchestrator: Cleaning up service: ecr
2026-08-10 15:36:04 INFO     services.ecr: [CLEANUP]   No ECR resources to delete
2026-08-10 15:36:04 INFO     orchestrator: Cleaning up service: ecs
2026-08-10 15:36:04 INFO     services.ecs: [CLEANUP]   No ECS resources to delete
2026-08-10 15:36:04 INFO     orchestrator: Cleaning up service: eks
2026-08-10 15:36:04 INFO     services.eks: [CLEANUP]   No EKS resources to delete
2026-08-10 15:36:04 INFO     orchestrator: Cleaning up service: elasticbeanstalk
2026-08-10 15:36:04 INFO     services.elasticbeanstalk: [CLEANUP]   No Elastic Beanstalk resources to delete
2026-08-10 15:36:04 INFO     orchestrator: Cleaning up service: elb
2026-08-10 15:36:04 INFO     services.elb: [CLEANUP]   No ELB resources to delete
2026-08-10 15:36:04 INFO     orchestrator: Cleaning up service: eventbridge
2026-08-10 15:36:04 INFO     services.eventbridge: [CLEANUP]   No EventBridge resources to delete
2026-08-10 15:36:04 INFO     orchestrator: Cleaning up service: iam
2026-08-10 15:36:04 INFO     services.iam: [CLEANUP]   [DRY-RUN] Would delete IAM policy DefaultIamPolicy
2026-08-10 15:36:04 INFO     services.iam: [CLEANUP]   [DRY-RUN] Would delete IAM policy CoderCreatedIdentityBoundary
2026-08-10 15:36:04 INFO     orchestrator: Cleaning up service: kms
2026-08-10 15:36:04 INFO     services.kms: [CLEANUP]   No KMS resources to delete
2026-08-10 15:36:04 INFO     orchestrator: Cleaning up service: lambda
2026-08-10 15:36:04 INFO     services.lambda: [CLEANUP]   No Lambda resources to delete
2026-08-10 15:36:04 INFO     orchestrator: Cleaning up service: rds
2026-08-10 15:36:04 INFO     services.rds: [CLEANUP]   No RDS clusters or instances to delete
2026-08-10 15:36:04 INFO     orchestrator: Cleaning up service: s3
2026-08-10 15:36:04 INFO     services.s3: [CLEANUP]   No S3 buckets to delete
2026-08-10 15:36:04 INFO     orchestrator: PHASE 3 - Pre aws-nuke verification
2026-08-10 15:36:04 INFO     services.apigateway: [VERIFY]    Verifying API Gateway is clean ...
2026-08-10 15:36:04 INFO     services.application-autoscaling: [VERIFY]    Verifying Application Auto Scaling is clean ...
2026-08-10 15:36:04 INFO     services.autoscaling: [VERIFY]    Verifying Auto Scaling is clean ...
2026-08-10 15:36:04 INFO     services.cloudformation: [VERIFY]    Verifying CloudFormation is clean ...
2026-08-10 15:36:04 INFO     services.ec2: [VERIFY]    Verifying EC2 is clean ...
2026-08-10 15:36:04 INFO     services.ecr: [VERIFY]    Verifying ECR is clean ...
2026-08-10 15:36:04 INFO     services.ecs: [VERIFY]    Verifying ECS is clean ...
2026-08-10 15:36:04 INFO     services.eks: [VERIFY]    Verifying EKS is clean ...
2026-08-10 15:36:04 INFO     services.elasticbeanstalk: [VERIFY]    Verifying Elastic Beanstalk is clean ...
2026-08-10 15:36:04 INFO     services.elb: [VERIFY]    Verifying ELB (v2 + classic) is clean ...
2026-08-10 15:36:04 INFO     services.eventbridge: [VERIFY]    Verifying EventBridge is clean ...
2026-08-10 15:36:04 INFO     services.iam: [VERIFY]    Verifying IAM is clean ...
2026-08-10 15:36:04 INFO     services.kms: [VERIFY]    Verifying KMS is clean (or all customer keys scheduled for deletion) ...
2026-08-10 15:36:04 INFO     services.lambda: [VERIFY]    Verifying Lambda is clean ...
2026-08-10 15:36:04 INFO     services.rds: [VERIFY]    Verifying RDS is clean ...
2026-08-10 15:36:04 INFO     services.s3: [VERIFY]    Verifying S3 is clean ...
2026-08-10 15:36:04 INFO     services.ecr: [VERIFY]    ECR clean
2026-08-10 15:36:04 INFO     services.eks: [VERIFY]    EKS clean
2026-08-10 15:36:04 INFO     services.elasticbeanstalk: [VERIFY]    Elastic Beanstalk clean
2026-08-10 15:36:04 INFO     services.cloudformation: [VERIFY]    CloudFormation clean
2026-08-10 15:36:04 INFO     services.rds: [VERIFY]    RDS clean
2026-08-10 15:36:04 INFO     services.s3: [VERIFY]    S3 clean
2026-08-10 15:36:04 INFO     services.elb: [VERIFY]    ELB clean
2026-08-10 15:36:04 INFO     services.lambda: [VERIFY]    Lambda clean
2026-08-10 15:36:04 INFO     services.ecs: [VERIFY]    ECS clean
2026-08-10 15:36:04 INFO     services.autoscaling: [VERIFY]    Auto Scaling clean
2026-08-10 15:36:04 INFO     services.eventbridge: [VERIFY]    EventBridge clean
2026-08-10 15:36:04 INFO     services.kms: [VERIFY]    KMS clean (0 customer keys scheduled for deletion, pending their waiting period)
2026-08-10 15:36:05 INFO     services.ec2: [VERIFY]    EC2 clean
2026-08-10 15:36:05 INFO     services.iam: [VERIFY]    IAM FAIL - 2 resources remain
2026-08-10 15:36:15 INFO     services.application-autoscaling: [VERIFY]    Application Auto Scaling clean
2026-08-10 15:36:33 ERROR    orchestrator: [ERROR]     Verification for 'apigateway' raised: Operation cannot be paginated: get_vpc_links
2026-08-10 15:36:33 INFO     orchestrator: [VERIFY]    Verification pass 1/5 found remaining resources in ['iam', 'apigateway']; retrying in 15s
2026-08-10 15:36:48 INFO     services.apigateway: [VERIFY]    Verifying API Gateway is clean ...
2026-08-10 15:36:48 INFO     services.application-autoscaling: [VERIFY]    Verifying Application Auto Scaling is clean ...
2026-08-10 15:36:48 INFO     services.autoscaling: [VERIFY]    Verifying Auto Scaling is clean ...
2026-08-10 15:36:48 INFO     services.cloudformation: [VERIFY]    Verifying CloudFormation is clean ...
2026-08-10 15:36:48 INFO     services.ec2: [VERIFY]    Verifying EC2 is clean ...
2026-08-10 15:36:48 INFO     services.ecr: [VERIFY]    Verifying ECR is clean ...
2026-08-10 15:36:48 INFO     services.ecs: [VERIFY]    Verifying ECS is clean ...
2026-08-10 15:36:48 INFO     services.eks: [VERIFY]    Verifying EKS is clean ...
2026-08-10 15:36:48 INFO     services.elasticbeanstalk: [VERIFY]    Verifying Elastic Beanstalk is clean ...
2026-08-10 15:36:48 INFO     services.elb: [VERIFY]    Verifying ELB (v2 + classic) is clean ...
2026-08-10 15:36:48 INFO     services.eventbridge: [VERIFY]    Verifying EventBridge is clean ...
2026-08-10 15:36:48 INFO     services.iam: [VERIFY]    Verifying IAM is clean ...
2026-08-10 15:36:48 INFO     services.kms: [VERIFY]    Verifying KMS is clean (or all customer keys scheduled for deletion) ...
2026-08-10 15:36:48 INFO     services.lambda: [VERIFY]    Verifying Lambda is clean ...
2026-08-10 15:36:48 INFO     services.rds: [VERIFY]    Verifying RDS is clean ...
2026-08-10 15:36:49 INFO     services.s3: [VERIFY]    Verifying S3 is clean ...
2026-08-10 15:36:51 INFO     services.eks: [VERIFY]    EKS clean
2026-08-10 15:36:51 INFO     services.ecr: [VERIFY]    ECR clean
2026-08-10 15:36:51 INFO     services.elasticbeanstalk: [VERIFY]    Elastic Beanstalk clean
2026-08-10 15:36:52 INFO     services.lambda: [VERIFY]    Lambda clean
2026-08-10 15:36:52 INFO     services.rds: [VERIFY]    RDS clean
2026-08-10 15:36:52 INFO     services.s3: [VERIFY]    S3 clean
2026-08-10 15:36:52 INFO     services.elb: [VERIFY]    ELB clean
2026-08-10 15:36:52 INFO     services.ecs: [VERIFY]    ECS clean
2026-08-10 15:36:52 INFO     services.eventbridge: [VERIFY]    EventBridge clean
2026-08-10 15:36:52 INFO     services.kms: [VERIFY]    KMS clean (0 customer keys scheduled for deletion, pending their waiting period)
2026-08-10 15:36:52 INFO     services.ec2: [VERIFY]    EC2 clean
2026-08-10 15:36:52 INFO     services.cloudformation: [VERIFY]    CloudFormation clean
2026-08-10 15:36:53 INFO     services.autoscaling: [VERIFY]    Auto Scaling clean
2026-08-10 15:36:53 INFO     services.iam: [VERIFY]    IAM FAIL - 2 resources remain
2026-08-10 15:37:12 INFO     services.application-autoscaling: [VERIFY]    Application Auto Scaling clean
2026-08-10 15:37:18 ERROR    orchestrator: [ERROR]     Verification for 'apigateway' raised: Operation cannot be paginated: get_vpc_links
2026-08-10 15:37:18 INFO     orchestrator: [VERIFY]    Verification pass 2/5 found remaining resources in ['iam', 'apigateway']; retrying in 15s
2026-08-10 15:37:33 INFO     services.apigateway: [VERIFY]    Verifying API Gateway is clean ...
2026-08-10 15:37:33 INFO     services.application-autoscaling: [VERIFY]    Verifying Application Auto Scaling is clean ...
2026-08-10 15:37:33 INFO     services.autoscaling: [VERIFY]    Verifying Auto Scaling is clean ...
2026-08-10 15:37:33 INFO     services.cloudformation: [VERIFY]    Verifying CloudFormation is clean ...
2026-08-10 15:37:33 INFO     services.ec2: [VERIFY]    Verifying EC2 is clean ...
2026-08-10 15:37:33 INFO     services.ecr: [VERIFY]    Verifying ECR is clean ...
2026-08-10 15:37:33 INFO     services.ecs: [VERIFY]    Verifying ECS is clean ...
2026-08-10 15:37:33 INFO     services.eks: [VERIFY]    Verifying EKS is clean ...
2026-08-10 15:37:33 INFO     services.elasticbeanstalk: [VERIFY]    Verifying Elastic Beanstalk is clean ...
2026-08-10 15:37:33 INFO     services.elb: [VERIFY]    Verifying ELB (v2 + classic) is clean ...
2026-08-10 15:37:33 INFO     services.eventbridge: [VERIFY]    Verifying EventBridge is clean ...
2026-08-10 15:37:33 INFO     services.iam: [VERIFY]    Verifying IAM is clean ...
2026-08-10 15:37:33 INFO     services.kms: [VERIFY]    Verifying KMS is clean (or all customer keys scheduled for deletion) ...
2026-08-10 15:37:33 INFO     services.lambda: [VERIFY]    Verifying Lambda is clean ...
2026-08-10 15:37:33 INFO     services.rds: [VERIFY]    Verifying RDS is clean ...
2026-08-10 15:37:33 INFO     services.s3: [VERIFY]    Verifying S3 is clean ...
2026-08-10 15:37:33 INFO     services.cloudformation: [VERIFY]    CloudFormation clean
2026-08-10 15:37:33 INFO     services.lambda: [VERIFY]    Lambda clean
2026-08-10 15:37:33 INFO     services.elb: [VERIFY]    ELB clean
2026-08-10 15:37:33 INFO     services.s3: [VERIFY]    S3 clean
2026-08-10 15:37:33 INFO     services.rds: [VERIFY]    RDS clean
2026-08-10 15:37:34 INFO     services.ecs: [VERIFY]    ECS clean
2026-08-10 15:37:34 INFO     services.autoscaling: [VERIFY]    Auto Scaling clean
2026-08-10 15:37:34 INFO     services.kms: [VERIFY]    KMS clean (0 customer keys scheduled for deletion, pending their waiting period)
2026-08-10 15:37:48 INFO     services.ec2: [VERIFY]    EC2 clean
2026-08-10 15:37:48 INFO     services.eventbridge: [VERIFY]    EventBridge clean
2026-08-10 15:37:49 INFO     services.iam: [VERIFY]    IAM FAIL - 2 resources remain
2026-08-10 15:37:55 INFO     services.application-autoscaling: [VERIFY]    Application Auto Scaling clean
2026-08-10 15:38:04 INFO     services.ecr: [VERIFY]    ECR clean
2026-08-10 15:38:04 ERROR    orchestrator: [ERROR]     Verification for 'apigateway' raised: Operation cannot be paginated: get_vpc_links
2026-08-10 15:38:04 INFO     services.elasticbeanstalk: [VERIFY]    Elastic Beanstalk clean
2026-08-10 15:38:04 INFO     services.eks: [VERIFY]    EKS clean
2026-08-10 15:38:04 INFO     orchestrator: [VERIFY]    Verification pass 3/5 found remaining resources in ['iam', 'apigateway']; retrying in 15s
2026-08-10 15:38:19 INFO     services.apigateway: [VERIFY]    Verifying API Gateway is clean ...
2026-08-10 15:38:19 INFO     services.application-autoscaling: [VERIFY]    Verifying Application Auto Scaling is clean ...
2026-08-10 15:38:19 INFO     services.autoscaling: [VERIFY]    Verifying Auto Scaling is clean ...
2026-08-10 15:38:19 INFO     services.cloudformation: [VERIFY]    Verifying CloudFormation is clean ...
2026-08-10 15:38:19 INFO     services.ec2: [VERIFY]    Verifying EC2 is clean ...
2026-08-10 15:38:19 INFO     services.ecr: [VERIFY]    Verifying ECR is clean ...
2026-08-10 15:38:19 INFO     services.ecs: [VERIFY]    Verifying ECS is clean ...
2026-08-10 15:38:19 INFO     services.eks: [VERIFY]    Verifying EKS is clean ...
2026-08-10 15:38:19 INFO     services.elasticbeanstalk: [VERIFY]    Verifying Elastic Beanstalk is clean ...
2026-08-10 15:38:19 INFO     services.elb: [VERIFY]    Verifying ELB (v2 + classic) is clean ...
2026-08-10 15:38:19 INFO     services.eventbridge: [VERIFY]    Verifying EventBridge is clean ...
2026-08-10 15:38:19 INFO     services.iam: [VERIFY]    Verifying IAM is clean ...
2026-08-10 15:38:19 INFO     services.kms: [VERIFY]    Verifying KMS is clean (or all customer keys scheduled for deletion) ...
2026-08-10 15:38:19 INFO     services.lambda: [VERIFY]    Verifying Lambda is clean ...
2026-08-10 15:38:19 INFO     services.rds: [VERIFY]    Verifying RDS is clean ...
2026-08-10 15:38:19 INFO     services.s3: [VERIFY]    Verifying S3 is clean ...
2026-08-10 15:38:20 INFO     services.ecr: [VERIFY]    ECR clean
2026-08-10 15:38:20 INFO     services.eks: [VERIFY]    EKS clean
2026-08-10 15:38:20 INFO     services.elasticbeanstalk: [VERIFY]    Elastic Beanstalk clean
2026-08-10 15:38:20 INFO     services.rds: [VERIFY]    RDS clean
2026-08-10 15:38:20 INFO     services.lambda: [VERIFY]    Lambda clean
2026-08-10 15:38:20 INFO     services.elb: [VERIFY]    ELB clean
2026-08-10 15:38:20 INFO     services.s3: [VERIFY]    S3 clean
2026-08-10 15:38:20 INFO     services.cloudformation: [VERIFY]    CloudFormation clean
2026-08-10 15:38:20 INFO     services.ecs: [VERIFY]    ECS clean
2026-08-10 15:38:20 INFO     services.autoscaling: [VERIFY]    Auto Scaling clean
2026-08-10 15:38:20 INFO     services.eventbridge: [VERIFY]    EventBridge clean
2026-08-10 15:38:20 INFO     services.kms: [VERIFY]    KMS clean (0 customer keys scheduled for deletion, pending their waiting period)
2026-08-10 15:38:21 INFO     services.ec2: [VERIFY]    EC2 clean
2026-08-10 15:38:21 INFO     services.iam: [VERIFY]    IAM FAIL - 2 resources remain
2026-08-10 15:38:31 INFO     services.application-autoscaling: [VERIFY]    Application Auto Scaling clean
2026-08-10 15:38:44 ERROR    orchestrator: [ERROR]     Verification for 'apigateway' raised: Operation cannot be paginated: get_vpc_links
2026-08-10 15:38:44 INFO     orchestrator: [VERIFY]    Verification pass 4/5 found remaining resources in ['iam', 'apigateway']; retrying in 15s
2026-08-10 15:38:59 INFO     services.apigateway: [VERIFY]    Verifying API Gateway is clean ...
2026-08-10 15:38:59 INFO     services.application-autoscaling: [VERIFY]    Verifying Application Auto Scaling is clean ...
2026-08-10 15:38:59 INFO     services.autoscaling: [VERIFY]    Verifying Auto Scaling is clean ...
2026-08-10 15:38:59 INFO     services.cloudformation: [VERIFY]    Verifying CloudFormation is clean ...
2026-08-10 15:38:59 INFO     services.ec2: [VERIFY]    Verifying EC2 is clean ...
2026-08-10 15:38:59 INFO     services.ecr: [VERIFY]    Verifying ECR is clean ...
2026-08-10 15:38:59 INFO     services.ecs: [VERIFY]    Verifying ECS is clean ...
2026-08-10 15:38:59 INFO     services.eks: [VERIFY]    Verifying EKS is clean ...
2026-08-10 15:38:59 INFO     services.elasticbeanstalk: [VERIFY]    Verifying Elastic Beanstalk is clean ...
2026-08-10 15:38:59 INFO     services.elb: [VERIFY]    Verifying ELB (v2 + classic) is clean ...
2026-08-10 15:38:59 INFO     services.eventbridge: [VERIFY]    Verifying EventBridge is clean ...
2026-08-10 15:38:59 INFO     services.iam: [VERIFY]    Verifying IAM is clean ...
2026-08-10 15:38:59 INFO     services.kms: [VERIFY]    Verifying KMS is clean (or all customer keys scheduled for deletion) ...
2026-08-10 15:38:59 INFO     services.lambda: [VERIFY]    Verifying Lambda is clean ...
2026-08-10 15:38:59 INFO     services.rds: [VERIFY]    Verifying RDS is clean ...
2026-08-10 15:38:59 INFO     services.s3: [VERIFY]    Verifying S3 is clean ...
2026-08-10 15:38:59 INFO     services.eks: [VERIFY]    EKS clean
2026-08-10 15:38:59 INFO     services.ecr: [VERIFY]    ECR clean
2026-08-10 15:38:59 INFO     services.elasticbeanstalk: [VERIFY]    Elastic Beanstalk clean
2026-08-10 15:39:00 INFO     services.cloudformation: [VERIFY]    CloudFormation clean
2026-08-10 15:39:00 INFO     services.elb: [VERIFY]    ELB clean
2026-08-10 15:39:00 INFO     services.rds: [VERIFY]    RDS clean
2026-08-10 15:39:00 INFO     services.s3: [VERIFY]    S3 clean
2026-08-10 15:39:00 INFO     services.lambda: [VERIFY]    Lambda clean
2026-08-10 15:39:00 INFO     services.autoscaling: [VERIFY]    Auto Scaling clean
2026-08-10 15:39:00 INFO     services.ecs: [VERIFY]    ECS clean
2026-08-10 15:39:00 INFO     services.eventbridge: [VERIFY]    EventBridge clean
2026-08-10 15:39:00 INFO     services.kms: [VERIFY]    KMS clean (0 customer keys scheduled for deletion, pending their waiting period)
2026-08-10 15:39:00 INFO     services.ec2: [VERIFY]    EC2 clean
2026-08-10 15:39:02 INFO     services.iam: [VERIFY]    IAM FAIL - 2 resources remain
2026-08-10 15:39:09 INFO     services.application-autoscaling: [VERIFY]    Application Auto Scaling clean
2026-08-10 15:39:31 ERROR    orchestrator: [ERROR]     Verification for 'apigateway' raised: Operation cannot be paginated: get_vpc_links
2026-08-10 15:39:31 INFO     orchestrator: Verification written to logs/reports/070640552464/ap-south-1/verification_pre_nuke.json
2026-08-10 15:39:31 WARNING  orchestrator: [WARN]      Pre aws-nuke verification: FAIL. Continuing to aws-nuke so it can attempt removal of remaining resources.
2026-08-10 15:39:31 INFO     orchestrator: PHASE 4 - aws-nuke
2026-08-10 15:39:31 ERROR    main: [ERROR]     Cleanup engine failed for region ap-south-1: aws-nuke config file not found: nuke-config.yaml
2026-08-10 15:39:31 INFO     main: ======================================================================
2026-08-10 15:39:31 INFO     main: Combined summary written to logs/reports/cleanup_report_summary.json
2026-08-10 15:39:31 INFO     main: Overall result across all regions/accounts: FAIL
2026-08-10 15:39:31 INFO     main: ======================================================================
2026-08-10 15:58:26 INFO     main: ======================================================================
2026-08-10 15:58:26 INFO     main: AWS Sandbox Cleanup Engine
2026-08-10 15:58:26 INFO     main: Regions: ap-south-1 | Dry run: True
2026-08-10 15:58:26 INFO     main: Cross-account targets: 070640552464 via OrganizationAccountAccessRole
2026-08-10 15:58:26 INFO     main: ======================================================================
2026-08-10 15:58:26 INFO     main: --- Account 070640552464 / role OrganizationAccountAccessRole / region ap-south-1 ---
2026-08-10 15:58:26 INFO     botocore.credentials: Found credentials in shared credentials file: ~/.aws/credentials
2026-08-10 15:58:27 INFO     orchestrator: Starting cleanup run for account 070640552464 in ap-south-1
2026-08-10 15:58:27 INFO     orchestrator: Discovered 16 service plugins: apigateway, application-autoscaling, autoscaling, cloudformation, ec2, ecr, ecs, eks, elasticbeanstalk, elb, eventbridge, iam, kms, lambda, rds, s3
2026-08-10 15:58:27 INFO     orchestrator: PHASE 1 - Inventory
2026-08-10 15:58:27 INFO     services.apigateway: [DISCOVER]  Scanning API Gateway (REST + HTTP/WebSocket) resources ...
2026-08-10 15:58:27 INFO     services.application-autoscaling: [DISCOVER]  Scanning Application Auto Scaling across 15 service namespaces ...
2026-08-10 15:58:27 INFO     services.autoscaling: [DISCOVER]  Scanning Auto Scaling groups and launch configurations ...
2026-08-10 15:58:27 INFO     services.cloudformation: [DISCOVER]  Scanning CloudFormation stacks ...
2026-08-10 15:58:27 INFO     services.ec2: [DISCOVER]  Scanning EC2 instances, volumes, snapshots, and networking resources ...
2026-08-10 15:58:27 INFO     services.ecr: [DISCOVER]  Scanning ECR repositories ...
2026-08-10 15:58:27 INFO     services.ecs: [DISCOVER]  Scanning ECS clusters, services, tasks, container instances, and task definitions ...
2026-08-10 15:58:27 INFO     services.eks: [DISCOVER]  Scanning EKS clusters and their node groups, Fargate profiles, and add-ons ...
2026-08-10 15:58:27 INFO     services.elasticbeanstalk: [DISCOVER]  Scanning Elastic Beanstalk applications, environments, versions, and configuration templates ...
2026-08-10 15:58:27 INFO     services.elb: [DISCOVER]  Scanning ELB (v2 + classic) load balancers and target groups ...
2026-08-10 15:58:27 INFO     services.eventbridge: [DISCOVER]  Scanning EventBridge buses, rules, archives, and schema registries ...
2026-08-10 15:58:27 INFO     services.iam: [DISCOVER]  Scanning IAM roles, policies, instance profiles, users, and groups ...
2026-08-10 15:58:27 INFO     services.kms: [DISCOVER]  Scanning KMS customer managed keys and aliases ...
2026-08-10 15:58:27 INFO     services.lambda: [DISCOVER]  Scanning Lambda functions, event source mappings, and layer versions ...
2026-08-10 15:58:27 INFO     services.rds: [DISCOVER]  Scanning RDS clusters and instances ...
2026-08-10 15:58:27 INFO     services.s3: [DISCOVER]  Scanning S3 buckets ...
2026-08-10 15:58:27 INFO     services.elasticbeanstalk: [DISCOVER]  Found 0 applications, 0 environments, 0 application versions, 0 configuration templates
2026-08-10 15:58:28 INFO     services.cloudformation: [DISCOVER]  Found 0 stacks
2026-08-10 15:58:28 INFO     services.autoscaling: [DISCOVER]  Found 0 Auto Scaling groups, 0 launch configurations
2026-08-10 15:58:28 INFO     services.eks: [DISCOVER]  Found 0 clusters, 0 node groups, 0 Fargate profiles, 0 add-ons, 0 access entries
2026-08-10 15:58:28 INFO     services.ecs: [DISCOVER]  Found 0 clusters, 0 services, 0 standalone tasks, 0 container instances, 0 active task definitions
2026-08-10 15:58:28 INFO     services.ecr: [DISCOVER]  Found 0 repositories
2026-08-10 15:58:28 INFO     services.elb: [DISCOVER]  Found 0 v2 load balancers, 0 target groups, 0 classic load balancers
2026-08-10 15:58:28 INFO     services.kms: [DISCOVER]  Found 0 customer managed keys, 0 aliases (4 AWS managed keys excluded -- not customer-deletable)
2026-08-10 15:58:28 INFO     services.lambda: [DISCOVER]  Found 0 functions, 0 event source mappings, 0 layer versions
2026-08-10 15:58:29 INFO     services.ec2: [DISCOVER]  Found 0 instances, 0 volumes, 0 snapshots, 0 networking resources
2026-08-10 15:58:29 INFO     services.rds: [DISCOVER]  Found 0 DB clusters and 0 DB instances
2026-08-10 15:58:30 INFO     services.iam: [DISCOVER]  Protecting currently-assumed role 'OrganizationAccountAccessRole' from deletion
2026-08-10 15:58:30 INFO     services.iam: [DISCOVER]  Found 0 deletable roles, 2 customer-managed policies, 0 instance profiles, 0 users, 0 groups
2026-08-10 15:58:33 INFO     services.s3: [DISCOVER]  Found 0 buckets
2026-08-10 15:58:33 INFO     services.eventbridge: [DISCOVER]  Found 0 custom event buses, 0 rules, 0 archives, 0 custom schema registries, 0 schemas
2026-08-10 15:58:40 INFO     services.application-autoscaling: [DISCOVER]  Found 0 scalable targets, 0 scaling policies, 0 scheduled actions
2026-08-10 15:59:01 ERROR    orchestrator: [ERROR]     Inventory scan for 'apigateway' raised: Operation cannot be paginated: get_vpc_links
2026-08-10 15:59:01 INFO     orchestrator: Inventory written to logs/reports/070640552464/ap-south-1/inventory.json
2026-08-10 15:59:01 INFO     orchestrator: PHASE 2 - Custom cleanup
2026-08-10 15:59:01 WARNING  orchestrator: [WARN]      Skipping cleanup for 'apigateway' because discovery failed: Operation cannot be paginated: get_vpc_links
2026-08-10 15:59:01 INFO     orchestrator: Cleaning up service: application-autoscaling
2026-08-10 15:59:01 INFO     services.application-autoscaling: [CLEANUP]   No Application Auto Scaling resources to delete
2026-08-10 15:59:01 INFO     orchestrator: Cleaning up service: autoscaling
2026-08-10 15:59:01 INFO     services.autoscaling: [CLEANUP]   No Auto Scaling resources to delete
2026-08-10 15:59:01 INFO     orchestrator: Cleaning up service: cloudformation
2026-08-10 15:59:01 INFO     services.cloudformation: [CLEANUP]   No CloudFormation stacks to delete
2026-08-10 15:59:01 INFO     orchestrator: Cleaning up service: ec2
2026-08-10 15:59:01 INFO     services.ec2: [CLEANUP]   No EC2 resources to delete
2026-08-10 15:59:01 INFO     orchestrator: Cleaning up service: ecr
2026-08-10 15:59:01 INFO     services.ecr: [CLEANUP]   No ECR resources to delete
2026-08-10 15:59:01 INFO     orchestrator: Cleaning up service: ecs
2026-08-10 15:59:01 INFO     services.ecs: [CLEANUP]   No ECS resources to delete
2026-08-10 15:59:01 INFO     orchestrator: Cleaning up service: eks
2026-08-10 15:59:01 INFO     services.eks: [CLEANUP]   No EKS resources to delete
2026-08-10 15:59:01 INFO     orchestrator: Cleaning up service: elasticbeanstalk
2026-08-10 15:59:01 INFO     services.elasticbeanstalk: [CLEANUP]   No Elastic Beanstalk resources to delete
2026-08-10 15:59:01 INFO     orchestrator: Cleaning up service: elb
2026-08-10 15:59:01 INFO     services.elb: [CLEANUP]   No ELB resources to delete
2026-08-10 15:59:01 INFO     orchestrator: Cleaning up service: eventbridge
2026-08-10 15:59:01 INFO     services.eventbridge: [CLEANUP]   No EventBridge resources to delete
2026-08-10 15:59:01 INFO     orchestrator: Cleaning up service: iam
2026-08-10 15:59:01 INFO     services.iam: [CLEANUP]   [DRY-RUN] Would delete IAM policy DefaultIamPolicy
2026-08-10 15:59:01 INFO     services.iam: [CLEANUP]   [DRY-RUN] Would delete IAM policy CoderCreatedIdentityBoundary
2026-08-10 15:59:01 INFO     orchestrator: Cleaning up service: kms
2026-08-10 15:59:01 INFO     services.kms: [CLEANUP]   No KMS resources to delete
2026-08-10 15:59:01 INFO     orchestrator: Cleaning up service: lambda
2026-08-10 15:59:01 INFO     services.lambda: [CLEANUP]   No Lambda resources to delete
2026-08-10 15:59:01 INFO     orchestrator: Cleaning up service: rds
2026-08-10 15:59:01 INFO     services.rds: [CLEANUP]   No RDS clusters or instances to delete
2026-08-10 15:59:01 INFO     orchestrator: Cleaning up service: s3
2026-08-10 15:59:01 INFO     services.s3: [CLEANUP]   No S3 buckets to delete
2026-08-10 15:59:01 INFO     orchestrator: PHASE 3 - Pre aws-nuke verification
2026-08-10 15:59:01 INFO     services.apigateway: [VERIFY]    Verifying API Gateway is clean ...
2026-08-10 15:59:01 INFO     services.application-autoscaling: [VERIFY]    Verifying Application Auto Scaling is clean ...
2026-08-10 15:59:01 INFO     services.autoscaling: [VERIFY]    Verifying Auto Scaling is clean ...
2026-08-10 15:59:01 INFO     services.cloudformation: [VERIFY]    Verifying CloudFormation is clean ...
2026-08-10 15:59:01 INFO     services.ec2: [VERIFY]    Verifying EC2 is clean ...
2026-08-10 15:59:01 INFO     services.ecr: [VERIFY]    Verifying ECR is clean ...
2026-08-10 15:59:01 INFO     services.ecs: [VERIFY]    Verifying ECS is clean ...
2026-08-10 15:59:01 INFO     services.eks: [VERIFY]    Verifying EKS is clean ...
2026-08-10 15:59:01 INFO     services.elasticbeanstalk: [VERIFY]    Verifying Elastic Beanstalk is clean ...
2026-08-10 15:59:01 INFO     services.elb: [VERIFY]    Verifying ELB (v2 + classic) is clean ...
2026-08-10 15:59:01 INFO     services.eventbridge: [VERIFY]    Verifying EventBridge is clean ...
2026-08-10 15:59:01 INFO     services.iam: [VERIFY]    Verifying IAM is clean ...
2026-08-10 15:59:01 INFO     services.kms: [VERIFY]    Verifying KMS is clean (or all customer keys scheduled for deletion) ...
2026-08-10 15:59:01 INFO     services.lambda: [VERIFY]    Verifying Lambda is clean ...
2026-08-10 15:59:01 INFO     services.rds: [VERIFY]    Verifying RDS is clean ...
2026-08-10 15:59:01 INFO     services.s3: [VERIFY]    Verifying S3 is clean ...
2026-08-10 15:59:01 INFO     services.ecr: [VERIFY]    ECR clean
2026-08-10 15:59:01 INFO     services.eks: [VERIFY]    EKS clean
2026-08-10 15:59:01 INFO     services.elasticbeanstalk: [VERIFY]    Elastic Beanstalk clean
2026-08-10 15:59:01 INFO     services.rds: [VERIFY]    RDS clean
2026-08-10 15:59:01 INFO     services.cloudformation: [VERIFY]    CloudFormation clean
2026-08-10 15:59:01 INFO     services.s3: [VERIFY]    S3 clean
2026-08-10 15:59:01 INFO     services.elb: [VERIFY]    ELB clean
2026-08-10 15:59:01 INFO     services.ecs: [VERIFY]    ECS clean
2026-08-10 15:59:01 INFO     services.lambda: [VERIFY]    Lambda clean
2026-08-10 15:59:01 INFO     services.autoscaling: [VERIFY]    Auto Scaling clean
2026-08-10 15:59:01 INFO     services.eventbridge: [VERIFY]    EventBridge clean
2026-08-10 15:59:01 INFO     services.kms: [VERIFY]    KMS clean (0 customer keys scheduled for deletion, pending their waiting period)
2026-08-10 15:59:01 INFO     services.ec2: [VERIFY]    EC2 clean
2026-08-10 15:59:02 INFO     services.iam: [VERIFY]    IAM clean
2026-08-10 15:59:07 INFO     services.application-autoscaling: [VERIFY]    Application Auto Scaling clean
2026-08-10 15:59:32 ERROR    orchestrator: [ERROR]     Verification for 'apigateway' raised: Operation cannot be paginated: get_vpc_links
2026-08-10 15:59:32 INFO     orchestrator: [VERIFY]    Verification pass 1/5 found remaining resources in ['apigateway']; retrying in 15s
2026-08-10 15:59:47 INFO     services.apigateway: [VERIFY]    Verifying API Gateway is clean ...
2026-08-10 15:59:47 INFO     services.application-autoscaling: [VERIFY]    Verifying Application Auto Scaling is clean ...
2026-08-10 15:59:47 INFO     services.autoscaling: [VERIFY]    Verifying Auto Scaling is clean ...
2026-08-10 15:59:47 INFO     services.cloudformation: [VERIFY]    Verifying CloudFormation is clean ...
2026-08-10 15:59:47 INFO     services.ec2: [VERIFY]    Verifying EC2 is clean ...
2026-08-10 15:59:47 INFO     services.ecr: [VERIFY]    Verifying ECR is clean ...
2026-08-10 15:59:47 INFO     services.ecs: [VERIFY]    Verifying ECS is clean ...
2026-08-10 15:59:47 INFO     services.eks: [VERIFY]    Verifying EKS is clean ...
2026-08-10 15:59:47 INFO     services.elasticbeanstalk: [VERIFY]    Verifying Elastic Beanstalk is clean ...
2026-08-10 15:59:47 INFO     services.elb: [VERIFY]    Verifying ELB (v2 + classic) is clean ...
2026-08-10 15:59:47 INFO     services.eventbridge: [VERIFY]    Verifying EventBridge is clean ...
2026-08-10 15:59:47 INFO     services.iam: [VERIFY]    Verifying IAM is clean ...
2026-08-10 15:59:47 INFO     services.kms: [VERIFY]    Verifying KMS is clean (or all customer keys scheduled for deletion) ...
2026-08-10 15:59:47 INFO     services.lambda: [VERIFY]    Verifying Lambda is clean ...
2026-08-10 15:59:47 INFO     services.rds: [VERIFY]    Verifying RDS is clean ...
2026-08-10 15:59:47 INFO     services.s3: [VERIFY]    Verifying S3 is clean ...
2026-08-10 15:59:47 INFO     services.ecr: [VERIFY]    ECR clean
2026-08-10 15:59:47 INFO     services.eks: [VERIFY]    EKS clean
2026-08-10 15:59:47 INFO     services.elasticbeanstalk: [VERIFY]    Elastic Beanstalk clean
2026-08-10 15:59:47 INFO     services.rds: [VERIFY]    RDS clean
2026-08-10 15:59:47 INFO     services.cloudformation: [VERIFY]    CloudFormation clean
2026-08-10 15:59:47 INFO     services.elb: [VERIFY]    ELB clean
2026-08-10 15:59:47 INFO     services.s3: [VERIFY]    S3 clean
2026-08-10 15:59:47 INFO     services.lambda: [VERIFY]    Lambda clean
2026-08-10 15:59:47 INFO     services.autoscaling: [VERIFY]    Auto Scaling clean
2026-08-10 15:59:47 INFO     services.eventbridge: [VERIFY]    EventBridge clean
2026-08-10 15:59:47 INFO     services.kms: [VERIFY]    KMS clean (0 customer keys scheduled for deletion, pending their waiting period)
2026-08-10 15:59:48 INFO     services.ec2: [VERIFY]    EC2 clean
2026-08-10 15:59:48 INFO     services.ecs: [VERIFY]    ECS clean
2026-08-10 15:59:49 INFO     services.iam: [VERIFY]    IAM clean
2026-08-10 15:59:58 INFO     services.application-autoscaling: [VERIFY]    Application Auto Scaling clean
2026-08-10 16:00:17 ERROR    orchestrator: [ERROR]     Verification for 'apigateway' raised: Operation cannot be paginated: get_vpc_links
2026-08-10 16:00:17 INFO     orchestrator: [VERIFY]    Verification pass 2/5 found remaining resources in ['apigateway']; retrying in 15s
2026-08-10 16:00:32 INFO     services.apigateway: [VERIFY]    Verifying API Gateway is clean ...
2026-08-10 16:00:32 INFO     services.application-autoscaling: [VERIFY]    Verifying Application Auto Scaling is clean ...
2026-08-10 16:00:32 INFO     services.autoscaling: [VERIFY]    Verifying Auto Scaling is clean ...
2026-08-10 16:00:32 INFO     services.cloudformation: [VERIFY]    Verifying CloudFormation is clean ...
2026-08-10 16:00:32 INFO     services.ec2: [VERIFY]    Verifying EC2 is clean ...
2026-08-10 16:00:32 INFO     services.ecr: [VERIFY]    Verifying ECR is clean ...
2026-08-10 16:00:32 INFO     services.ecs: [VERIFY]    Verifying ECS is clean ...
2026-08-10 16:00:32 INFO     services.eks: [VERIFY]    Verifying EKS is clean ...
2026-08-10 16:00:32 INFO     services.elasticbeanstalk: [VERIFY]    Verifying Elastic Beanstalk is clean ...
2026-08-10 16:00:32 INFO     services.elb: [VERIFY]    Verifying ELB (v2 + classic) is clean ...
2026-08-10 16:00:32 INFO     services.eventbridge: [VERIFY]    Verifying EventBridge is clean ...
2026-08-10 16:00:32 INFO     services.iam: [VERIFY]    Verifying IAM is clean ...
2026-08-10 16:00:32 INFO     services.kms: [VERIFY]    Verifying KMS is clean (or all customer keys scheduled for deletion) ...
2026-08-10 16:00:32 INFO     services.lambda: [VERIFY]    Verifying Lambda is clean ...
2026-08-10 16:00:32 INFO     services.rds: [VERIFY]    Verifying RDS is clean ...
2026-08-10 16:00:32 INFO     services.s3: [VERIFY]    Verifying S3 is clean ...
2026-08-10 16:00:32 INFO     services.ecr: [VERIFY]    ECR clean
2026-08-10 16:00:32 INFO     services.eks: [VERIFY]    EKS clean
2026-08-10 16:00:32 INFO     services.elasticbeanstalk: [VERIFY]    Elastic Beanstalk clean
2026-08-10 16:00:32 INFO     services.cloudformation: [VERIFY]    CloudFormation clean
2026-08-10 16:00:32 INFO     services.rds: [VERIFY]    RDS clean
2026-08-10 16:00:32 INFO     services.autoscaling: [VERIFY]    Auto Scaling clean
2026-08-10 16:00:32 INFO     services.elb: [VERIFY]    ELB clean
2026-08-10 16:00:32 INFO     services.s3: [VERIFY]    S3 clean
2026-08-10 16:00:32 INFO     services.ecs: [VERIFY]    ECS clean
2026-08-10 16:00:32 INFO     services.lambda: [VERIFY]    Lambda clean
2026-08-10 16:00:33 INFO     services.eventbridge: [VERIFY]    EventBridge clean
2026-08-10 16:00:33 INFO     services.kms: [VERIFY]    KMS clean (0 customer keys scheduled for deletion, pending their waiting period)
2026-08-10 16:00:33 INFO     services.ec2: [VERIFY]    EC2 clean
2026-08-10 16:00:34 INFO     services.iam: [VERIFY]    IAM clean
2026-08-10 16:00:43 INFO     services.application-autoscaling: [VERIFY]    Application Auto Scaling clean
2026-08-10 16:00:57 ERROR    orchestrator: [ERROR]     Verification for 'apigateway' raised: Operation cannot be paginated: get_vpc_links
2026-08-10 16:00:57 INFO     orchestrator: [VERIFY]    Verification pass 3/5 found remaining resources in ['apigateway']; retrying in 15s
2026-08-10 16:01:12 INFO     services.apigateway: [VERIFY]    Verifying API Gateway is clean ...
2026-08-10 16:01:12 INFO     services.application-autoscaling: [VERIFY]    Verifying Application Auto Scaling is clean ...
2026-08-10 16:01:12 INFO     services.autoscaling: [VERIFY]    Verifying Auto Scaling is clean ...
2026-08-10 16:01:12 INFO     services.cloudformation: [VERIFY]    Verifying CloudFormation is clean ...
2026-08-10 16:01:12 INFO     services.ec2: [VERIFY]    Verifying EC2 is clean ...
2026-08-10 16:01:12 INFO     services.ecr: [VERIFY]    Verifying ECR is clean ...
2026-08-10 16:01:12 INFO     services.ecs: [VERIFY]    Verifying ECS is clean ...
2026-08-10 16:01:12 INFO     services.eks: [VERIFY]    Verifying EKS is clean ...
2026-08-10 16:01:12 INFO     services.elasticbeanstalk: [VERIFY]    Verifying Elastic Beanstalk is clean ...
2026-08-10 16:01:12 INFO     services.elb: [VERIFY]    Verifying ELB (v2 + classic) is clean ...
2026-08-10 16:01:12 INFO     services.eventbridge: [VERIFY]    Verifying EventBridge is clean ...
2026-08-10 16:01:12 INFO     services.iam: [VERIFY]    Verifying IAM is clean ...
2026-08-10 16:01:12 INFO     services.kms: [VERIFY]    Verifying KMS is clean (or all customer keys scheduled for deletion) ...
2026-08-10 16:01:12 INFO     services.lambda: [VERIFY]    Verifying Lambda is clean ...
2026-08-10 16:01:12 INFO     services.rds: [VERIFY]    Verifying RDS is clean ...
2026-08-10 16:01:12 INFO     services.s3: [VERIFY]    Verifying S3 is clean ...
2026-08-10 16:01:12 INFO     services.ecr: [VERIFY]    ECR clean
2026-08-10 16:01:12 INFO     services.eks: [VERIFY]    EKS clean
2026-08-10 16:01:12 INFO     services.elasticbeanstalk: [VERIFY]    Elastic Beanstalk clean
2026-08-10 16:01:12 INFO     services.cloudformation: [VERIFY]    CloudFormation clean
2026-08-10 16:01:12 INFO     services.rds: [VERIFY]    RDS clean
2026-08-10 16:01:12 INFO     services.ecs: [VERIFY]    ECS clean
2026-08-10 16:01:12 INFO     services.elb: [VERIFY]    ELB clean
2026-08-10 16:01:12 INFO     services.s3: [VERIFY]    S3 clean
2026-08-10 16:01:12 INFO     services.lambda: [VERIFY]    Lambda clean
2026-08-10 16:01:12 INFO     services.autoscaling: [VERIFY]    Auto Scaling clean
2026-08-10 16:01:12 INFO     services.eventbridge: [VERIFY]    EventBridge clean
2026-08-10 16:01:12 INFO     services.kms: [VERIFY]    KMS clean (0 customer keys scheduled for deletion, pending their waiting period)
2026-08-10 16:01:12 INFO     services.ec2: [VERIFY]    EC2 clean
2026-08-10 16:01:14 INFO     services.iam: [VERIFY]    IAM clean
2026-08-10 16:01:21 INFO     services.application-autoscaling: [VERIFY]    Application Auto Scaling clean
2026-08-10 16:01:32 ERROR    orchestrator: [ERROR]     Verification for 'apigateway' raised: Operation cannot be paginated: get_vpc_links
2026-08-10 16:01:32 INFO     orchestrator: [VERIFY]    Verification pass 4/5 found remaining resources in ['apigateway']; retrying in 15s
2026-08-10 16:01:47 INFO     services.apigateway: [VERIFY]    Verifying API Gateway is clean ...
2026-08-10 16:01:47 INFO     services.application-autoscaling: [VERIFY]    Verifying Application Auto Scaling is clean ...
2026-08-10 16:01:47 INFO     services.autoscaling: [VERIFY]    Verifying Auto Scaling is clean ...
2026-08-10 16:01:47 INFO     services.cloudformation: [VERIFY]    Verifying CloudFormation is clean ...
2026-08-10 16:01:47 INFO     services.ec2: [VERIFY]    Verifying EC2 is clean ...
2026-08-10 16:01:47 INFO     services.ecr: [VERIFY]    Verifying ECR is clean ...
2026-08-10 16:01:47 INFO     services.ecs: [VERIFY]    Verifying ECS is clean ...
2026-08-10 16:01:47 INFO     services.eks: [VERIFY]    Verifying EKS is clean ...
2026-08-10 16:01:47 INFO     services.elasticbeanstalk: [VERIFY]    Verifying Elastic Beanstalk is clean ...
2026-08-10 16:01:47 INFO     services.elb: [VERIFY]    Verifying ELB (v2 + classic) is clean ...
2026-08-10 16:01:47 INFO     services.eventbridge: [VERIFY]    Verifying EventBridge is clean ...
2026-08-10 16:01:47 INFO     services.iam: [VERIFY]    Verifying IAM is clean ...
2026-08-10 16:01:47 INFO     services.kms: [VERIFY]    Verifying KMS is clean (or all customer keys scheduled for deletion) ...
2026-08-10 16:01:47 INFO     services.lambda: [VERIFY]    Verifying Lambda is clean ...
2026-08-10 16:01:47 INFO     services.rds: [VERIFY]    Verifying RDS is clean ...
2026-08-10 16:01:47 INFO     services.s3: [VERIFY]    Verifying S3 is clean ...
2026-08-10 16:01:47 INFO     services.ecr: [VERIFY]    ECR clean
2026-08-10 16:01:47 INFO     services.eks: [VERIFY]    EKS clean
2026-08-10 16:01:47 INFO     services.elasticbeanstalk: [VERIFY]    Elastic Beanstalk clean
2026-08-10 16:01:47 INFO     services.cloudformation: [VERIFY]    CloudFormation clean
2026-08-10 16:01:47 INFO     services.rds: [VERIFY]    RDS clean
2026-08-10 16:01:47 INFO     services.autoscaling: [VERIFY]    Auto Scaling clean
2026-08-10 16:01:47 INFO     services.elb: [VERIFY]    ELB clean
2026-08-10 16:01:47 INFO     services.ecs: [VERIFY]    ECS clean
2026-08-10 16:01:47 INFO     services.s3: [VERIFY]    S3 clean
2026-08-10 16:01:47 INFO     services.lambda: [VERIFY]    Lambda clean
2026-08-10 16:01:47 INFO     services.eventbridge: [VERIFY]    EventBridge clean
2026-08-10 16:01:47 INFO     services.kms: [VERIFY]    KMS clean (0 customer keys scheduled for deletion, pending their waiting period)
2026-08-10 16:01:47 INFO     services.ec2: [VERIFY]    EC2 clean
2026-08-10 16:01:48 INFO     services.iam: [VERIFY]    IAM clean
2026-08-10 16:01:52 INFO     services.application-autoscaling: [VERIFY]    Application Auto Scaling clean
2026-08-10 16:02:17 ERROR    orchestrator: [ERROR]     Verification for 'apigateway' raised: Operation cannot be paginated: get_vpc_links
2026-08-10 16:02:17 INFO     orchestrator: Verification written to logs/reports/070640552464/ap-south-1/verification_pre_nuke.json
2026-08-10 16:02:17 WARNING  orchestrator: [WARN]      Pre aws-nuke verification: FAIL. Continuing to aws-nuke so it can attempt removal of remaining resources.
2026-08-10 16:02:17 INFO     orchestrator: PHASE 4 - aws-nuke
2026-08-10 16:02:17 INFO     aws_nuke: Starting aws-nuke [DRY RUN] for account 070640552464 in region ap-south-1
2026-08-10 16:04:43 INFO     aws_nuke: aws-nuke completed successfully
2026-08-10 16:04:43 INFO     orchestrator: aws-nuke phase completed successfully
2026-08-10 16:04:43 INFO     orchestrator: PHASE 5 - Final verification
2026-08-10 16:04:43 INFO     services.apigateway: [VERIFY]    Verifying API Gateway is clean ...
2026-08-10 16:04:43 INFO     services.application-autoscaling: [VERIFY]    Verifying Application Auto Scaling is clean ...
2026-08-10 16:04:43 INFO     services.autoscaling: [VERIFY]    Verifying Auto Scaling is clean ...
2026-08-10 16:04:43 INFO     services.cloudformation: [VERIFY]    Verifying CloudFormation is clean ...
2026-08-10 16:04:43 INFO     services.ec2: [VERIFY]    Verifying EC2 is clean ...
2026-08-10 16:04:43 INFO     services.ecr: [VERIFY]    Verifying ECR is clean ...
2026-08-10 16:04:43 INFO     services.ecs: [VERIFY]    Verifying ECS is clean ...
2026-08-10 16:04:43 INFO     services.eks: [VERIFY]    Verifying EKS is clean ...
2026-08-10 16:04:43 INFO     services.elasticbeanstalk: [VERIFY]    Verifying Elastic Beanstalk is clean ...
2026-08-10 16:04:43 INFO     services.elb: [VERIFY]    Verifying ELB (v2 + classic) is clean ...
2026-08-10 16:04:43 INFO     services.eventbridge: [VERIFY]    Verifying EventBridge is clean ...
2026-08-10 16:04:43 INFO     services.iam: [VERIFY]    Verifying IAM is clean ...
2026-08-10 16:04:43 INFO     services.kms: [VERIFY]    Verifying KMS is clean (or all customer keys scheduled for deletion) ...
2026-08-10 16:04:43 INFO     services.lambda: [VERIFY]    Verifying Lambda is clean ...
2026-08-10 16:04:43 INFO     services.rds: [VERIFY]    Verifying RDS is clean ...
2026-08-10 16:04:43 INFO     services.s3: [VERIFY]    Verifying S3 is clean ...
2026-08-10 16:04:43 INFO     services.eks: [VERIFY]    EKS clean
2026-08-10 16:04:43 INFO     services.ecr: [VERIFY]    ECR clean
2026-08-10 16:04:43 INFO     services.ecs: [VERIFY]    ECS clean
2026-08-10 16:04:43 INFO     services.elasticbeanstalk: [VERIFY]    Elastic Beanstalk clean
2026-08-10 16:04:43 INFO     services.lambda: [VERIFY]    Lambda clean
2026-08-10 16:04:43 INFO     services.autoscaling: [VERIFY]    Auto Scaling clean
2026-08-10 16:04:43 INFO     services.elb: [VERIFY]    ELB clean
2026-08-10 16:04:43 INFO     services.kms: [VERIFY]    KMS clean (0 customer keys scheduled for deletion, pending their waiting period)
2026-08-10 16:04:44 INFO     services.cloudformation: [VERIFY]    CloudFormation clean
2026-08-10 16:04:44 INFO     services.s3: [VERIFY]    S3 clean
2026-08-10 16:04:45 INFO     services.ec2: [VERIFY]    EC2 clean
2026-08-10 16:04:45 INFO     services.iam: [VERIFY]    IAM clean
2026-08-10 16:04:45 INFO     services.rds: [VERIFY]    RDS clean
2026-08-10 16:04:45 INFO     services.eventbridge: [VERIFY]    EventBridge clean
2026-08-10 16:04:57 INFO     services.application-autoscaling: [VERIFY]    Application Auto Scaling clean
2026-08-10 16:05:10 ERROR    orchestrator: [ERROR]     Verification for 'apigateway' raised: Operation cannot be paginated: get_vpc_links
2026-08-10 16:05:10 INFO     orchestrator: [VERIFY]    Verification pass 1/5 found remaining resources in ['apigateway']; retrying in 15s
2026-08-10 16:05:25 INFO     services.apigateway: [VERIFY]    Verifying API Gateway is clean ...
2026-08-10 16:05:25 INFO     services.application-autoscaling: [VERIFY]    Verifying Application Auto Scaling is clean ...
2026-08-10 16:05:25 INFO     services.autoscaling: [VERIFY]    Verifying Auto Scaling is clean ...
2026-08-10 16:05:25 INFO     services.cloudformation: [VERIFY]    Verifying CloudFormation is clean ...
2026-08-10 16:05:25 INFO     services.ec2: [VERIFY]    Verifying EC2 is clean ...
2026-08-10 16:05:25 INFO     services.ecr: [VERIFY]    Verifying ECR is clean ...
2026-08-10 16:05:25 INFO     services.ecs: [VERIFY]    Verifying ECS is clean ...
2026-08-10 16:05:25 INFO     services.eks: [VERIFY]    Verifying EKS is clean ...
2026-08-10 16:05:25 INFO     services.elasticbeanstalk: [VERIFY]    Verifying Elastic Beanstalk is clean ...
2026-08-10 16:05:25 INFO     services.elb: [VERIFY]    Verifying ELB (v2 + classic) is clean ...
2026-08-10 16:05:25 INFO     services.eventbridge: [VERIFY]    Verifying EventBridge is clean ...
2026-08-10 16:05:25 INFO     services.iam: [VERIFY]    Verifying IAM is clean ...
2026-08-10 16:05:25 INFO     services.kms: [VERIFY]    Verifying KMS is clean (or all customer keys scheduled for deletion) ...
2026-08-10 16:05:25 INFO     services.lambda: [VERIFY]    Verifying Lambda is clean ...
2026-08-10 16:05:25 INFO     services.rds: [VERIFY]    Verifying RDS is clean ...
2026-08-10 16:05:25 INFO     services.s3: [VERIFY]    Verifying S3 is clean ...
2026-08-10 16:05:25 INFO     services.ecr: [VERIFY]    ECR clean
2026-08-10 16:05:25 INFO     services.eks: [VERIFY]    EKS clean
2026-08-10 16:05:25 INFO     services.elasticbeanstalk: [VERIFY]    Elastic Beanstalk clean
2026-08-10 16:05:25 INFO     services.cloudformation: [VERIFY]    CloudFormation clean
2026-08-10 16:05:25 INFO     services.rds: [VERIFY]    RDS clean
2026-08-10 16:05:25 INFO     services.elb: [VERIFY]    ELB clean
2026-08-10 16:05:25 INFO     services.ecs: [VERIFY]    ECS clean
2026-08-10 16:05:25 INFO     services.lambda: [VERIFY]    Lambda clean
2026-08-10 16:05:25 INFO     services.s3: [VERIFY]    S3 clean
2026-08-10 16:05:25 INFO     services.autoscaling: [VERIFY]    Auto Scaling clean
2026-08-10 16:05:25 INFO     services.eventbridge: [VERIFY]    EventBridge clean
2026-08-10 16:05:25 INFO     services.kms: [VERIFY]    KMS clean (0 customer keys scheduled for deletion, pending their waiting period)
2026-08-10 16:05:26 INFO     services.ec2: [VERIFY]    EC2 clean
2026-08-10 16:05:27 INFO     services.iam: [VERIFY]    IAM clean
2026-08-10 16:05:32 INFO     services.application-autoscaling: [VERIFY]    Application Auto Scaling clean
2026-08-10 16:05:53 ERROR    orchestrator: [ERROR]     Verification for 'apigateway' raised: Operation cannot be paginated: get_vpc_links
2026-08-10 16:05:53 INFO     orchestrator: [VERIFY]    Verification pass 2/5 found remaining resources in ['apigateway']; retrying in 15s
2026-08-10 16:06:08 INFO     services.apigateway: [VERIFY]    Verifying API Gateway is clean ...
2026-08-10 16:06:08 INFO     services.application-autoscaling: [VERIFY]    Verifying Application Auto Scaling is clean ...
2026-08-10 16:06:08 INFO     services.autoscaling: [VERIFY]    Verifying Auto Scaling is clean ...
2026-08-10 16:06:08 INFO     services.cloudformation: [VERIFY]    Verifying CloudFormation is clean ...
2026-08-10 16:06:08 INFO     services.ec2: [VERIFY]    Verifying EC2 is clean ...
2026-08-10 16:06:08 INFO     services.ecr: [VERIFY]    Verifying ECR is clean ...
2026-08-10 16:06:08 INFO     services.ecs: [VERIFY]    Verifying ECS is clean ...
2026-08-10 16:06:08 INFO     services.eks: [VERIFY]    Verifying EKS is clean ...
2026-08-10 16:06:08 INFO     services.elasticbeanstalk: [VERIFY]    Verifying Elastic Beanstalk is clean ...
2026-08-10 16:06:08 INFO     services.elb: [VERIFY]    Verifying ELB (v2 + classic) is clean ...
2026-08-10 16:06:08 INFO     services.eventbridge: [VERIFY]    Verifying EventBridge is clean ...
2026-08-10 16:06:08 INFO     services.iam: [VERIFY]    Verifying IAM is clean ...
2026-08-10 16:06:08 INFO     services.kms: [VERIFY]    Verifying KMS is clean (or all customer keys scheduled for deletion) ...
2026-08-10 16:06:08 INFO     services.lambda: [VERIFY]    Verifying Lambda is clean ...
2026-08-10 16:06:08 INFO     services.rds: [VERIFY]    Verifying RDS is clean ...
2026-08-10 16:06:08 INFO     services.s3: [VERIFY]    Verifying S3 is clean ...
2026-08-10 16:06:08 INFO     services.ecr: [VERIFY]    ECR clean
2026-08-10 16:06:08 INFO     services.eks: [VERIFY]    EKS clean
2026-08-10 16:06:08 INFO     services.elasticbeanstalk: [VERIFY]    Elastic Beanstalk clean
2026-08-10 16:06:08 INFO     services.cloudformation: [VERIFY]    CloudFormation clean
2026-08-10 16:06:08 INFO     services.rds: [VERIFY]    RDS clean
2026-08-10 16:06:08 INFO     services.ecs: [VERIFY]    ECS clean
2026-08-10 16:06:08 INFO     services.s3: [VERIFY]    S3 clean
2026-08-10 16:06:08 INFO     services.elb: [VERIFY]    ELB clean
2026-08-10 16:06:08 INFO     services.lambda: [VERIFY]    Lambda clean
2026-08-10 16:06:08 INFO     services.autoscaling: [VERIFY]    Auto Scaling clean
2026-08-10 16:06:09 INFO     services.eventbridge: [VERIFY]    EventBridge clean
2026-08-10 16:06:09 INFO     services.ec2: [VERIFY]    EC2 clean
2026-08-10 16:06:10 INFO     services.kms: [VERIFY]    KMS clean (0 customer keys scheduled for deletion, pending their waiting period)
2026-08-10 16:06:10 INFO     services.iam: [VERIFY]    IAM clean
2026-08-10 16:06:20 INFO     services.application-autoscaling: [VERIFY]    Application Auto Scaling clean
2026-08-10 16:06:35 ERROR    orchestrator: [ERROR]     Verification for 'apigateway' raised: Operation cannot be paginated: get_vpc_links
2026-08-10 16:06:35 INFO     orchestrator: [VERIFY]    Verification pass 3/5 found remaining resources in ['apigateway']; retrying in 15s
2026-08-10 16:06:50 INFO     services.apigateway: [VERIFY]    Verifying API Gateway is clean ...
2026-08-10 16:06:50 INFO     services.application-autoscaling: [VERIFY]    Verifying Application Auto Scaling is clean ...
2026-08-10 16:06:50 INFO     services.autoscaling: [VERIFY]    Verifying Auto Scaling is clean ...
2026-08-10 16:06:50 INFO     services.cloudformation: [VERIFY]    Verifying CloudFormation is clean ...
2026-08-10 16:06:50 INFO     services.ec2: [VERIFY]    Verifying EC2 is clean ...
2026-08-10 16:06:50 INFO     services.ecr: [VERIFY]    Verifying ECR is clean ...
2026-08-10 16:06:50 INFO     services.ecs: [VERIFY]    Verifying ECS is clean ...
2026-08-10 16:06:50 INFO     services.eks: [VERIFY]    Verifying EKS is clean ...
2026-08-10 16:06:50 INFO     services.elasticbeanstalk: [VERIFY]    Verifying Elastic Beanstalk is clean ...
2026-08-10 16:06:50 INFO     services.elb: [VERIFY]    Verifying ELB (v2 + classic) is clean ...
2026-08-10 16:06:50 INFO     services.eventbridge: [VERIFY]    Verifying EventBridge is clean ...
2026-08-10 16:06:50 INFO     services.iam: [VERIFY]    Verifying IAM is clean ...
2026-08-10 16:06:50 INFO     services.kms: [VERIFY]    Verifying KMS is clean (or all customer keys scheduled for deletion) ...
2026-08-10 16:06:50 INFO     services.lambda: [VERIFY]    Verifying Lambda is clean ...
2026-08-10 16:06:50 INFO     services.rds: [VERIFY]    Verifying RDS is clean ...
2026-08-10 16:06:50 INFO     services.s3: [VERIFY]    Verifying S3 is clean ...
2026-08-10 16:06:50 INFO     services.ecr: [VERIFY]    ECR clean
2026-08-10 16:06:50 INFO     services.eks: [VERIFY]    EKS clean
2026-08-10 16:06:50 INFO     services.elasticbeanstalk: [VERIFY]    Elastic Beanstalk clean
2026-08-10 16:06:51 INFO     services.rds: [VERIFY]    RDS clean
2026-08-10 16:06:51 INFO     services.cloudformation: [VERIFY]    CloudFormation clean
2026-08-10 16:06:51 INFO     services.ecs: [VERIFY]    ECS clean
2026-08-10 16:06:51 INFO     services.elb: [VERIFY]    ELB clean
2026-08-10 16:06:51 INFO     services.s3: [VERIFY]    S3 clean
2026-08-10 16:06:51 INFO     services.autoscaling: [VERIFY]    Auto Scaling clean
2026-08-10 16:06:51 INFO     services.lambda: [VERIFY]    Lambda clean
2026-08-10 16:06:51 INFO     services.eventbridge: [VERIFY]    EventBridge clean
2026-08-10 16:06:51 INFO     services.kms: [VERIFY]    KMS clean (0 customer keys scheduled for deletion, pending their waiting period)
2026-08-10 16:06:52 INFO     services.ec2: [VERIFY]    EC2 clean
2026-08-10 16:06:52 INFO     services.iam: [VERIFY]    IAM clean
2026-08-10 16:06:58 INFO     services.application-autoscaling: [VERIFY]    Application Auto Scaling clean
2026-08-10 16:07:18 ERROR    orchestrator: [ERROR]     Verification for 'apigateway' raised: Operation cannot be paginated: get_vpc_links
2026-08-10 16:07:18 INFO     orchestrator: [VERIFY]    Verification pass 4/5 found remaining resources in ['apigateway']; retrying in 15s
2026-08-10 16:07:33 INFO     services.apigateway: [VERIFY]    Verifying API Gateway is clean ...
2026-08-10 16:07:33 INFO     services.application-autoscaling: [VERIFY]    Verifying Application Auto Scaling is clean ...
2026-08-10 16:07:33 INFO     services.autoscaling: [VERIFY]    Verifying Auto Scaling is clean ...
2026-08-10 16:07:33 INFO     services.cloudformation: [VERIFY]    Verifying CloudFormation is clean ...
2026-08-10 16:07:33 INFO     services.ec2: [VERIFY]    Verifying EC2 is clean ...
2026-08-10 16:07:33 INFO     services.ecr: [VERIFY]    Verifying ECR is clean ...
2026-08-10 16:07:33 INFO     services.ecs: [VERIFY]    Verifying ECS is clean ...
2026-08-10 16:07:33 INFO     services.eks: [VERIFY]    Verifying EKS is clean ...
2026-08-10 16:07:33 INFO     services.elasticbeanstalk: [VERIFY]    Verifying Elastic Beanstalk is clean ...
2026-08-10 16:07:33 INFO     services.elb: [VERIFY]    Verifying ELB (v2 + classic) is clean ...
2026-08-10 16:07:33 INFO     services.eventbridge: [VERIFY]    Verifying EventBridge is clean ...
2026-08-10 16:07:33 INFO     services.iam: [VERIFY]    Verifying IAM is clean ...
2026-08-10 16:07:33 INFO     services.kms: [VERIFY]    Verifying KMS is clean (or all customer keys scheduled for deletion) ...
2026-08-10 16:07:33 INFO     services.lambda: [VERIFY]    Verifying Lambda is clean ...
2026-08-10 16:07:33 INFO     services.rds: [VERIFY]    Verifying RDS is clean ...
2026-08-10 16:07:33 INFO     services.s3: [VERIFY]    Verifying S3 is clean ...
2026-08-10 16:07:33 INFO     services.ecr: [VERIFY]    ECR clean
2026-08-10 16:07:33 INFO     services.eks: [VERIFY]    EKS clean
2026-08-10 16:07:33 INFO     services.elasticbeanstalk: [VERIFY]    Elastic Beanstalk clean
2026-08-10 16:07:33 INFO     services.rds: [VERIFY]    RDS clean
2026-08-10 16:07:33 INFO     services.s3: [VERIFY]    S3 clean
2026-08-10 16:07:33 INFO     services.ecs: [VERIFY]    ECS clean
2026-08-10 16:07:33 INFO     services.autoscaling: [VERIFY]    Auto Scaling clean
2026-08-10 16:07:33 INFO     services.elb: [VERIFY]    ELB clean
2026-08-10 16:07:33 INFO     services.lambda: [VERIFY]    Lambda clean
2026-08-10 16:07:33 INFO     services.eventbridge: [VERIFY]    EventBridge clean
2026-08-10 16:07:33 INFO     services.kms: [VERIFY]    KMS clean (0 customer keys scheduled for deletion, pending their waiting period)
2026-08-10 16:07:34 INFO     services.ec2: [VERIFY]    EC2 clean
2026-08-10 16:07:34 INFO     services.cloudformation: [VERIFY]    CloudFormation clean
2026-08-10 16:07:35 INFO     services.iam: [VERIFY]    IAM clean
2026-08-10 16:07:44 INFO     services.application-autoscaling: [VERIFY]    Application Auto Scaling clean
2026-08-10 16:08:04 ERROR    orchestrator: [ERROR]     Verification for 'apigateway' raised: Operation cannot be paginated: get_vpc_links
2026-08-10 16:08:04 INFO     orchestrator: Verification written to logs/reports/070640552464/ap-south-1/verification_final.json
2026-08-10 16:08:04 ERROR    orchestrator: [ERROR]     Final verification: FAIL
2026-08-10 16:08:04 INFO     orchestrator: PHASE 6 - Report generation
2026-08-10 16:08:04 INFO     main: [070640552464/ap-south-1] verification=FAIL discovered=2 deleted=0 remaining=0
2026-08-10 16:08:04 INFO     main: ======================================================================
2026-08-10 16:08:04 INFO     main: Combined summary written to logs/reports/cleanup_report_summary.json
2026-08-10 16:08:04 INFO     main: Overall result across all regions/accounts: FAIL
2026-08-10 16:08:04 INFO     main: ======================================================================
2026-08-10 16:22:27 INFO     main: ======================================================================
2026-08-10 16:22:27 INFO     main: AWS Sandbox Cleanup Engine
2026-08-10 16:22:27 INFO     main: Regions: ap-south-1 | Dry run: True
2026-08-10 16:22:27 INFO     main: Cross-account targets: 070640552464 via OrganizationAccountAccessRole
2026-08-10 16:22:27 INFO     main: ======================================================================
2026-08-10 16:22:27 INFO     main: --- Account 070640552464 / role OrganizationAccountAccessRole / region ap-south-1 ---
2026-08-10 16:22:27 INFO     botocore.credentials: Found credentials in shared credentials file: ~/.aws/credentials
2026-08-10 16:22:27 INFO     orchestrator: Starting cleanup run for account 070640552464 in ap-south-1
2026-08-10 16:22:27 INFO     orchestrator: Discovered 16 service plugins: apigateway, application-autoscaling, autoscaling, cloudformation, ec2, ecr, ecs, eks, elasticbeanstalk, elb, eventbridge, iam, kms, lambda, rds, s3
2026-08-10 16:22:27 INFO     orchestrator: PHASE 1 - Inventory
2026-08-10 16:22:27 INFO     services.apigateway: [DISCOVER]  Scanning API Gateway (REST + HTTP/WebSocket) resources ...
2026-08-10 16:22:27 INFO     services.application-autoscaling: [DISCOVER]  Scanning Application Auto Scaling across 15 service namespaces ...
2026-08-10 16:22:27 INFO     services.autoscaling: [DISCOVER]  Scanning Auto Scaling groups and launch configurations ...
2026-08-10 16:22:27 INFO     services.cloudformation: [DISCOVER]  Scanning CloudFormation stacks ...
2026-08-10 16:22:27 INFO     services.ec2: [DISCOVER]  Scanning EC2 instances, volumes, snapshots, and networking resources ...
2026-08-10 16:22:27 INFO     services.ecr: [DISCOVER]  Scanning ECR repositories ...
2026-08-10 16:22:27 INFO     services.ecs: [DISCOVER]  Scanning ECS clusters, services, tasks, container instances, and task definitions ...
2026-08-10 16:22:27 INFO     services.eks: [DISCOVER]  Scanning EKS clusters and their node groups, Fargate profiles, and add-ons ...
2026-08-10 16:22:27 INFO     services.elasticbeanstalk: [DISCOVER]  Scanning Elastic Beanstalk applications, environments, versions, and configuration templates ...
2026-08-10 16:22:27 INFO     services.elb: [DISCOVER]  Scanning ELB (v2 + classic) load balancers and target groups ...
2026-08-10 16:22:27 INFO     services.eventbridge: [DISCOVER]  Scanning EventBridge buses, rules, archives, and schema registries ...
2026-08-10 16:22:27 INFO     services.iam: [DISCOVER]  Scanning IAM roles, policies, instance profiles, users, and groups ...
2026-08-10 16:22:27 INFO     services.kms: [DISCOVER]  Scanning KMS customer managed keys and aliases ...
2026-08-10 16:22:27 INFO     services.lambda: [DISCOVER]  Scanning Lambda functions, event source mappings, and layer versions ...
2026-08-10 16:22:27 INFO     services.rds: [DISCOVER]  Scanning RDS clusters and instances ...
2026-08-10 16:22:27 INFO     services.s3: [DISCOVER]  Scanning S3 buckets ...
2026-08-10 16:22:28 INFO     services.elasticbeanstalk: [DISCOVER]  Found 0 applications, 0 environments, 0 application versions, 0 configuration templates
2026-08-10 16:22:28 INFO     services.s3: [DISCOVER]  Found 0 buckets
2026-08-10 16:22:28 INFO     services.elb: [DISCOVER]  Found 0 v2 load balancers, 0 target groups, 0 classic load balancers
2026-08-10 16:22:28 INFO     services.eventbridge: [DISCOVER]  Found 0 custom event buses, 0 rules, 0 archives, 0 custom schema registries, 0 schemas
2026-08-10 16:22:28 INFO     services.cloudformation: [DISCOVER]  Found 0 stacks
2026-08-10 16:22:28 INFO     services.autoscaling: [DISCOVER]  Found 0 Auto Scaling groups, 0 launch configurations
2026-08-10 16:22:28 INFO     services.ecr: [DISCOVER]  Found 0 repositories
2026-08-10 16:22:28 INFO     services.eks: [DISCOVER]  Found 0 clusters, 0 node groups, 0 Fargate profiles, 0 add-ons, 0 access entries
2026-08-10 16:22:28 INFO     services.ecs: [DISCOVER]  Found 0 clusters, 0 services, 0 standalone tasks, 0 container instances, 0 active task definitions
2026-08-10 16:22:29 INFO     services.rds: [DISCOVER]  Found 0 DB clusters and 0 DB instances
2026-08-10 16:22:29 INFO     services.kms: [DISCOVER]  Found 0 customer managed keys, 0 aliases (4 AWS managed keys excluded -- not customer-deletable)
2026-08-10 16:22:29 INFO     services.lambda: [DISCOVER]  Found 0 functions, 0 event source mappings, 0 layer versions
2026-08-10 16:22:29 INFO     services.apigateway: [DISCOVER]  Found API Gateway resources: {}
2026-08-10 16:22:29 INFO     services.ec2: [DISCOVER]  Found 0 instances, 0 volumes, 0 snapshots, 0 networking resources
2026-08-10 16:22:31 INFO     services.iam: [DISCOVER]  Protecting currently-assumed role 'OrganizationAccountAccessRole' from deletion
2026-08-10 16:22:31 INFO     services.iam: [DISCOVER]  Found 0 deletable roles, 2 customer-managed policies, 0 instance profiles, 0 users, 0 groups
2026-08-10 16:22:41 INFO     services.application-autoscaling: [DISCOVER]  Found 0 scalable targets, 0 scaling policies, 0 scheduled actions
2026-08-10 16:22:41 INFO     orchestrator: Inventory written to logs/reports/070640552464/ap-south-1/inventory.json
2026-08-10 16:22:41 INFO     orchestrator: PHASE 2 - Custom cleanup
2026-08-10 16:22:41 INFO     orchestrator: Cleaning up service: apigateway
2026-08-10 16:22:41 INFO     services.apigateway: [CLEANUP]   No API Gateway resources to delete
2026-08-10 16:22:41 INFO     orchestrator: Cleaning up service: application-autoscaling
2026-08-10 16:22:41 INFO     services.application-autoscaling: [CLEANUP]   No Application Auto Scaling resources to delete
2026-08-10 16:22:41 INFO     orchestrator: Cleaning up service: autoscaling
2026-08-10 16:22:41 INFO     services.autoscaling: [CLEANUP]   No Auto Scaling resources to delete
2026-08-10 16:22:41 INFO     orchestrator: Cleaning up service: cloudformation
2026-08-10 16:22:41 INFO     services.cloudformation: [CLEANUP]   No CloudFormation stacks to delete
2026-08-10 16:22:41 INFO     orchestrator: Cleaning up service: ec2
2026-08-10 16:22:41 INFO     services.ec2: [CLEANUP]   No EC2 resources to delete
2026-08-10 16:22:41 INFO     orchestrator: Cleaning up service: ecr
2026-08-10 16:22:41 INFO     services.ecr: [CLEANUP]   No ECR resources to delete
2026-08-10 16:22:41 INFO     orchestrator: Cleaning up service: ecs
2026-08-10 16:22:41 INFO     services.ecs: [CLEANUP]   No ECS resources to delete
2026-08-10 16:22:41 INFO     orchestrator: Cleaning up service: eks
2026-08-10 16:22:41 INFO     services.eks: [CLEANUP]   No EKS resources to delete
2026-08-10 16:22:41 INFO     orchestrator: Cleaning up service: elasticbeanstalk
2026-08-10 16:22:41 INFO     services.elasticbeanstalk: [CLEANUP]   No Elastic Beanstalk resources to delete
2026-08-10 16:22:41 INFO     orchestrator: Cleaning up service: elb
2026-08-10 16:22:41 INFO     services.elb: [CLEANUP]   No ELB resources to delete
2026-08-10 16:22:41 INFO     orchestrator: Cleaning up service: eventbridge
2026-08-10 16:22:41 INFO     services.eventbridge: [CLEANUP]   No EventBridge resources to delete
2026-08-10 16:22:41 INFO     orchestrator: Cleaning up service: iam
2026-08-10 16:22:41 INFO     services.iam: [CLEANUP]   [DRY-RUN] Would delete IAM policy DefaultIamPolicy
2026-08-10 16:22:41 INFO     services.iam: [CLEANUP]   [DRY-RUN] Would delete IAM policy CoderCreatedIdentityBoundary
2026-08-10 16:22:41 INFO     orchestrator: Cleaning up service: kms
2026-08-10 16:22:41 INFO     services.kms: [CLEANUP]   No KMS resources to delete
2026-08-10 16:22:41 INFO     orchestrator: Cleaning up service: lambda
2026-08-10 16:22:41 INFO     services.lambda: [CLEANUP]   No Lambda resources to delete
2026-08-10 16:22:41 INFO     orchestrator: Cleaning up service: rds
2026-08-10 16:22:41 INFO     services.rds: [CLEANUP]   No RDS clusters or instances to delete
2026-08-10 16:22:41 INFO     orchestrator: Cleaning up service: s3
2026-08-10 16:22:41 INFO     services.s3: [CLEANUP]   No S3 buckets to delete
2026-08-10 16:22:41 INFO     orchestrator: PHASE 3 - Pre aws-nuke verification
2026-08-10 16:22:41 INFO     services.apigateway: [VERIFY]    Verifying API Gateway is clean ...
2026-08-10 16:22:41 INFO     services.application-autoscaling: [VERIFY]    Verifying Application Auto Scaling is clean ...
2026-08-10 16:22:41 INFO     services.autoscaling: [VERIFY]    Verifying Auto Scaling is clean ...
2026-08-10 16:22:41 INFO     services.cloudformation: [VERIFY]    Verifying CloudFormation is clean ...
2026-08-10 16:22:41 INFO     services.ec2: [VERIFY]    Verifying EC2 is clean ...
2026-08-10 16:22:41 INFO     services.ecr: [VERIFY]    Verifying ECR is clean ...
2026-08-10 16:22:41 INFO     services.ecs: [VERIFY]    Verifying ECS is clean ...
2026-08-10 16:22:41 INFO     services.eks: [VERIFY]    Verifying EKS is clean ...
2026-08-10 16:22:41 INFO     services.elasticbeanstalk: [VERIFY]    Verifying Elastic Beanstalk is clean ...
2026-08-10 16:22:41 INFO     services.elb: [VERIFY]    Verifying ELB (v2 + classic) is clean ...
2026-08-10 16:22:41 INFO     services.eventbridge: [VERIFY]    Verifying EventBridge is clean ...
2026-08-10 16:22:41 INFO     services.iam: [VERIFY]    Verifying IAM is clean ...
2026-08-10 16:22:41 INFO     services.kms: [VERIFY]    Verifying KMS is clean (or all customer keys scheduled for deletion) ...
2026-08-10 16:22:41 INFO     services.lambda: [VERIFY]    Verifying Lambda is clean ...
2026-08-10 16:22:41 INFO     services.rds: [VERIFY]    Verifying RDS is clean ...
2026-08-10 16:22:41 INFO     services.s3: [VERIFY]    Verifying S3 is clean ...
2026-08-10 16:22:41 INFO     services.ecr: [VERIFY]    ECR clean
2026-08-10 16:22:41 INFO     services.eks: [VERIFY]    EKS clean
2026-08-10 16:22:41 INFO     services.elasticbeanstalk: [VERIFY]    Elastic Beanstalk clean
2026-08-10 16:22:41 INFO     services.rds: [VERIFY]    RDS clean
2026-08-10 16:22:41 INFO     services.cloudformation: [VERIFY]    CloudFormation clean
2026-08-10 16:22:41 INFO     services.s3: [VERIFY]    S3 clean
2026-08-10 16:22:41 INFO     services.ecs: [VERIFY]    ECS clean
2026-08-10 16:22:41 INFO     services.elb: [VERIFY]    ELB clean
2026-08-10 16:22:41 INFO     services.autoscaling: [VERIFY]    Auto Scaling clean
2026-08-10 16:22:41 INFO     services.lambda: [VERIFY]    Lambda clean
2026-08-10 16:22:41 INFO     services.kms: [VERIFY]    KMS clean (0 customer keys scheduled for deletion, pending their waiting period)
2026-08-10 16:22:41 INFO     services.eventbridge: [VERIFY]    EventBridge clean
2026-08-10 16:22:41 INFO     services.apigateway: [VERIFY]    API Gateway clean
2026-08-10 16:22:42 INFO     services.ec2: [VERIFY]    EC2 clean
2026-08-10 16:22:42 INFO     services.iam: [VERIFY]    IAM clean
2026-08-10 16:22:56 INFO     services.application-autoscaling: [VERIFY]    Application Auto Scaling clean
2026-08-10 16:22:56 INFO     orchestrator: Verification written to logs/reports/070640552464/ap-south-1/verification_pre_nuke.json
2026-08-10 16:22:56 INFO     orchestrator: Pre aws-nuke verification: PASS
2026-08-10 16:22:56 INFO     orchestrator: PHASE 4 - aws-nuke
2026-08-10 16:22:56 INFO     aws_nuke: Starting aws-nuke [DRY RUN] for account 070640552464 in region ap-south-1
2026-08-10 16:25:21 INFO     aws_nuke: aws-nuke completed successfully
2026-08-10 16:25:21 INFO     orchestrator: aws-nuke phase completed successfully
2026-08-10 16:25:21 INFO     orchestrator: PHASE 5 - Final verification
2026-08-10 16:25:21 INFO     services.apigateway: [VERIFY]    Verifying API Gateway is clean ...
2026-08-10 16:25:21 INFO     services.application-autoscaling: [VERIFY]    Verifying Application Auto Scaling is clean ...
2026-08-10 16:25:21 INFO     services.autoscaling: [VERIFY]    Verifying Auto Scaling is clean ...
2026-08-10 16:25:21 INFO     services.cloudformation: [VERIFY]    Verifying CloudFormation is clean ...
2026-08-10 16:25:21 INFO     services.ec2: [VERIFY]    Verifying EC2 is clean ...
2026-08-10 16:25:21 INFO     services.ecr: [VERIFY]    Verifying ECR is clean ...
2026-08-10 16:25:21 INFO     services.ecs: [VERIFY]    Verifying ECS is clean ...
2026-08-10 16:25:21 INFO     services.eks: [VERIFY]    Verifying EKS is clean ...
2026-08-10 16:25:21 INFO     services.elasticbeanstalk: [VERIFY]    Verifying Elastic Beanstalk is clean ...
2026-08-10 16:25:21 INFO     services.elb: [VERIFY]    Verifying ELB (v2 + classic) is clean ...
2026-08-10 16:25:21 INFO     services.eventbridge: [VERIFY]    Verifying EventBridge is clean ...
2026-08-10 16:25:21 INFO     services.iam: [VERIFY]    Verifying IAM is clean ...
2026-08-10 16:25:21 INFO     services.kms: [VERIFY]    Verifying KMS is clean (or all customer keys scheduled for deletion) ...
2026-08-10 16:25:21 INFO     services.lambda: [VERIFY]    Verifying Lambda is clean ...
2026-08-10 16:25:21 INFO     services.rds: [VERIFY]    Verifying RDS is clean ...
2026-08-10 16:25:21 INFO     services.s3: [VERIFY]    Verifying S3 is clean ...
2026-08-10 16:25:21 INFO     services.eks: [VERIFY]    EKS clean
2026-08-10 16:25:21 INFO     services.cloudformation: [VERIFY]    CloudFormation clean
2026-08-10 16:25:21 INFO     services.elasticbeanstalk: [VERIFY]    Elastic Beanstalk clean
2026-08-10 16:25:21 INFO     services.s3: [VERIFY]    S3 clean
2026-08-10 16:25:22 INFO     services.lambda: [VERIFY]    Lambda clean
2026-08-10 16:25:22 INFO     services.ecs: [VERIFY]    ECS clean
2026-08-10 16:25:22 INFO     services.rds: [VERIFY]    RDS clean
2026-08-10 16:25:22 INFO     services.eventbridge: [VERIFY]    EventBridge clean
2026-08-10 16:25:22 INFO     services.kms: [VERIFY]    KMS clean (0 customer keys scheduled for deletion, pending their waiting period)
2026-08-10 16:25:22 INFO     services.elb: [VERIFY]    ELB clean
2026-08-10 16:25:22 INFO     services.apigateway: [VERIFY]    API Gateway clean
2026-08-10 16:25:22 INFO     services.ec2: [VERIFY]    EC2 clean
2026-08-10 16:25:22 INFO     services.ecr: [VERIFY]    ECR clean
2026-08-10 16:25:23 INFO     services.autoscaling: [VERIFY]    Auto Scaling clean
2026-08-10 16:25:23 INFO     services.iam: [VERIFY]    IAM clean
2026-08-10 16:25:32 INFO     services.application-autoscaling: [VERIFY]    Application Auto Scaling clean
2026-08-10 16:25:32 INFO     orchestrator: Verification written to logs/reports/070640552464/ap-south-1/verification_final.json
2026-08-10 16:25:32 INFO     orchestrator: Final verification: PASS
2026-08-10 16:25:32 INFO     orchestrator: PHASE 6 - Report generation
2026-08-10 16:25:33 INFO     main: [070640552464/ap-south-1] verification=PASS discovered=2 deleted=0 remaining=0
2026-08-10 16:25:33 INFO     main: ======================================================================
2026-08-10 16:25:33 INFO     main: Combined summary written to logs/reports/cleanup_report_summary.json
2026-08-10 16:25:33 INFO     main: Overall result across all regions/accounts: PASS
2026-08-10 16:25:33 INFO     main: ======================================================================
2026-08-10 16:32:17 INFO     main: ======================================================================
2026-08-10 16:32:17 INFO     main: AWS Sandbox Cleanup Engine
2026-08-10 16:32:17 INFO     main: Regions: ap-south-1 | Dry run: True
2026-08-10 16:32:17 INFO     main: Cross-account targets: 070640552464 via OrganizationAccountAccessRole
2026-08-10 16:32:17 INFO     main: ======================================================================
2026-08-10 16:32:17 INFO     main: --- Account 070640552464 / role OrganizationAccountAccessRole / region ap-south-1 ---
2026-08-10 16:32:17 INFO     botocore.credentials: Found credentials in shared credentials file: ~/.aws/credentials
2026-08-10 16:32:17 INFO     orchestrator: Starting cleanup run for account 070640552464 in ap-south-1
2026-08-10 16:32:17 INFO     orchestrator: Discovered 16 service plugins: apigateway, application-autoscaling, autoscaling, cloudformation, ec2, ecr, ecs, eks, elasticbeanstalk, elb, eventbridge, iam, kms, lambda, rds, s3
2026-08-10 16:32:17 INFO     orchestrator: PHASE 1 - Inventory
2026-08-10 16:32:17 INFO     services.apigateway: [DISCOVER]  Scanning API Gateway (REST + HTTP/WebSocket) resources ...
2026-08-10 16:32:17 INFO     services.application-autoscaling: [DISCOVER]  Scanning Application Auto Scaling across 15 service namespaces ...
2026-08-10 16:32:17 INFO     services.autoscaling: [DISCOVER]  Scanning Auto Scaling groups and launch configurations ...
2026-08-10 16:32:17 INFO     services.cloudformation: [DISCOVER]  Scanning CloudFormation stacks ...
2026-08-10 16:32:17 INFO     services.ec2: [DISCOVER]  Scanning EC2 instances, volumes, snapshots, and networking resources ...
2026-08-10 16:32:17 INFO     services.ecr: [DISCOVER]  Scanning ECR repositories ...
2026-08-10 16:32:17 INFO     services.ecs: [DISCOVER]  Scanning ECS clusters, services, tasks, container instances, and task definitions ...
2026-08-10 16:32:17 INFO     services.eks: [DISCOVER]  Scanning EKS clusters and their node groups, Fargate profiles, and add-ons ...
2026-08-10 16:32:17 INFO     services.elasticbeanstalk: [DISCOVER]  Scanning Elastic Beanstalk applications, environments, versions, and configuration templates ...
2026-08-10 16:32:17 INFO     services.elb: [DISCOVER]  Scanning ELB (v2 + classic) load balancers and target groups ...
2026-08-10 16:32:17 INFO     services.eventbridge: [DISCOVER]  Scanning EventBridge buses, rules, archives, and schema registries ...
2026-08-10 16:32:17 INFO     services.iam: [DISCOVER]  Scanning IAM roles, policies, instance profiles, users, and groups ...
2026-08-10 16:32:17 INFO     services.kms: [DISCOVER]  Scanning KMS customer managed keys and aliases ...
2026-08-10 16:32:17 INFO     services.lambda: [DISCOVER]  Scanning Lambda functions, event source mappings, and layer versions ...
2026-08-10 16:32:17 INFO     services.rds: [DISCOVER]  Scanning RDS clusters and instances ...
2026-08-10 16:32:17 INFO     services.s3: [DISCOVER]  Scanning S3 buckets ...
2026-08-10 16:32:17 INFO     services.elasticbeanstalk: [DISCOVER]  Found 0 applications, 0 environments, 0 application versions, 0 configuration templates
2026-08-10 16:32:18 INFO     services.s3: [DISCOVER]  Found 0 buckets
2026-08-10 16:32:18 INFO     services.elb: [DISCOVER]  Found 0 v2 load balancers, 0 target groups, 0 classic load balancers
2026-08-10 16:32:18 INFO     services.cloudformation: [DISCOVER]  Found 0 stacks
2026-08-10 16:32:18 INFO     services.ecr: [DISCOVER]  Found 0 repositories
2026-08-10 16:32:18 INFO     services.autoscaling: [DISCOVER]  Found 0 Auto Scaling groups, 0 launch configurations
2026-08-10 16:32:18 INFO     services.eks: [DISCOVER]  Found 0 clusters, 0 node groups, 0 Fargate profiles, 0 add-ons, 0 access entries
2026-08-10 16:32:18 INFO     services.ecs: [DISCOVER]  Found 0 clusters, 0 services, 0 standalone tasks, 0 container instances, 0 active task definitions
2026-08-10 16:32:18 INFO     services.eventbridge: [DISCOVER]  Found 0 custom event buses, 0 rules, 0 archives, 0 custom schema registries, 0 schemas
2026-08-10 16:32:18 INFO     services.rds: [DISCOVER]  Found 0 DB clusters and 0 DB instances
2026-08-10 16:32:18 INFO     services.lambda: [DISCOVER]  Found 0 functions, 0 event source mappings, 0 layer versions
2026-08-10 16:32:18 INFO     services.kms: [DISCOVER]  Found 0 customer managed keys, 0 aliases (4 AWS managed keys excluded -- not customer-deletable)
2026-08-10 16:32:19 INFO     services.apigateway: [DISCOVER]  Found API Gateway resources: {}
2026-08-10 16:32:19 INFO     services.ec2: [DISCOVER]  Found 0 instances, 0 volumes, 0 snapshots, 0 networking resources
2026-08-10 16:32:21 INFO     services.iam: [DISCOVER]  Protecting currently-assumed role 'OrganizationAccountAccessRole' from deletion
2026-08-10 16:32:21 INFO     services.iam: [DISCOVER]  Found 0 deletable roles, 2 customer-managed policies, 0 instance profiles, 0 users, 0 groups
2026-08-10 16:32:30 INFO     services.application-autoscaling: [DISCOVER]  Found 0 scalable targets, 0 scaling policies, 0 scheduled actions
2026-08-10 16:32:30 INFO     orchestrator: Inventory written to logs/reports/070640552464/ap-south-1/inventory.json
2026-08-10 16:32:30 INFO     orchestrator: PHASE 2 - Custom cleanup
2026-08-10 16:32:30 INFO     orchestrator: Cleaning up service: apigateway
2026-08-10 16:32:30 INFO     services.apigateway: [CLEANUP]   No API Gateway resources to delete
2026-08-10 16:32:30 INFO     orchestrator: Cleaning up service: application-autoscaling
2026-08-10 16:32:30 INFO     services.application-autoscaling: [CLEANUP]   No Application Auto Scaling resources to delete
2026-08-10 16:32:30 INFO     orchestrator: Cleaning up service: autoscaling
2026-08-10 16:32:30 INFO     services.autoscaling: [CLEANUP]   No Auto Scaling resources to delete
2026-08-10 16:32:30 INFO     orchestrator: Cleaning up service: cloudformation
2026-08-10 16:32:30 INFO     services.cloudformation: [CLEANUP]   No CloudFormation stacks to delete
2026-08-10 16:32:30 INFO     orchestrator: Cleaning up service: ec2
2026-08-10 16:32:30 INFO     services.ec2: [CLEANUP]   No EC2 resources to delete
2026-08-10 16:32:30 INFO     orchestrator: Cleaning up service: ecr
2026-08-10 16:32:30 INFO     services.ecr: [CLEANUP]   No ECR resources to delete
2026-08-10 16:32:30 INFO     orchestrator: Cleaning up service: ecs
2026-08-10 16:32:30 INFO     services.ecs: [CLEANUP]   No ECS resources to delete
2026-08-10 16:32:30 INFO     orchestrator: Cleaning up service: eks
2026-08-10 16:32:30 INFO     services.eks: [CLEANUP]   No EKS resources to delete
2026-08-10 16:32:30 INFO     orchestrator: Cleaning up service: elasticbeanstalk
2026-08-10 16:32:30 INFO     services.elasticbeanstalk: [CLEANUP]   No Elastic Beanstalk resources to delete
2026-08-10 16:32:30 INFO     orchestrator: Cleaning up service: elb
2026-08-10 16:32:30 INFO     services.elb: [CLEANUP]   No ELB resources to delete
2026-08-10 16:32:30 INFO     orchestrator: Cleaning up service: eventbridge
2026-08-10 16:32:30 INFO     services.eventbridge: [CLEANUP]   No EventBridge resources to delete
2026-08-10 16:32:30 INFO     orchestrator: Cleaning up service: iam
2026-08-10 16:32:30 INFO     services.iam: [CLEANUP]   [DRY-RUN] Would delete IAM policy DefaultIamPolicy
2026-08-10 16:32:30 INFO     services.iam: [CLEANUP]   [DRY-RUN] Would delete IAM policy CoderCreatedIdentityBoundary
2026-08-10 16:32:30 INFO     orchestrator: Cleaning up service: kms
2026-08-10 16:32:30 INFO     services.kms: [CLEANUP]   No KMS resources to delete
2026-08-10 16:32:30 INFO     orchestrator: Cleaning up service: lambda
2026-08-10 16:32:30 INFO     services.lambda: [CLEANUP]   No Lambda resources to delete
2026-08-10 16:32:30 INFO     orchestrator: Cleaning up service: rds
2026-08-10 16:32:30 INFO     services.rds: [CLEANUP]   No RDS clusters or instances to delete
2026-08-10 16:32:30 INFO     orchestrator: Cleaning up service: s3
2026-08-10 16:32:30 INFO     services.s3: [CLEANUP]   No S3 buckets to delete
2026-08-10 16:32:30 INFO     orchestrator: PHASE 3 - Pre aws-nuke verification
2026-08-10 16:32:30 INFO     services.apigateway: [VERIFY]    Verifying API Gateway is clean ...
2026-08-10 16:32:30 INFO     services.application-autoscaling: [VERIFY]    Verifying Application Auto Scaling is clean ...
2026-08-10 16:32:30 INFO     services.autoscaling: [VERIFY]    Verifying Auto Scaling is clean ...
2026-08-10 16:32:30 INFO     services.cloudformation: [VERIFY]    Verifying CloudFormation is clean ...
2026-08-10 16:32:30 INFO     services.ec2: [VERIFY]    Verifying EC2 is clean ...
2026-08-10 16:32:30 INFO     services.ecr: [VERIFY]    Verifying ECR is clean ...
2026-08-10 16:32:30 INFO     services.ecs: [VERIFY]    Verifying ECS is clean ...
2026-08-10 16:32:30 INFO     services.eks: [VERIFY]    Verifying EKS is clean ...
2026-08-10 16:32:30 INFO     services.elasticbeanstalk: [VERIFY]    Verifying Elastic Beanstalk is clean ...
2026-08-10 16:32:30 INFO     services.elb: [VERIFY]    Verifying ELB (v2 + classic) is clean ...
2026-08-10 16:32:30 INFO     services.eventbridge: [VERIFY]    Verifying EventBridge is clean ...
2026-08-10 16:32:30 INFO     services.iam: [VERIFY]    Verifying IAM is clean ...
2026-08-10 16:32:30 INFO     services.kms: [VERIFY]    Verifying KMS is clean (or all customer keys scheduled for deletion) ...
2026-08-10 16:32:30 INFO     services.lambda: [VERIFY]    Verifying Lambda is clean ...
2026-08-10 16:32:30 INFO     services.rds: [VERIFY]    Verifying RDS is clean ...
2026-08-10 16:32:30 INFO     services.s3: [VERIFY]    Verifying S3 is clean ...
2026-08-10 16:32:30 INFO     services.ecr: [VERIFY]    ECR clean
2026-08-10 16:32:30 INFO     services.eks: [VERIFY]    EKS clean
2026-08-10 16:32:30 INFO     services.elasticbeanstalk: [VERIFY]    Elastic Beanstalk clean
2026-08-10 16:32:31 INFO     services.cloudformation: [VERIFY]    CloudFormation clean
2026-08-10 16:32:31 INFO     services.rds: [VERIFY]    RDS clean
2026-08-10 16:32:31 INFO     services.elb: [VERIFY]    ELB clean
2026-08-10 16:32:31 INFO     services.s3: [VERIFY]    S3 clean
2026-08-10 16:32:31 INFO     services.ecs: [VERIFY]    ECS clean
2026-08-10 16:32:31 INFO     services.lambda: [VERIFY]    Lambda clean
2026-08-10 16:32:31 INFO     services.autoscaling: [VERIFY]    Auto Scaling clean
2026-08-10 16:32:31 INFO     services.eventbridge: [VERIFY]    EventBridge clean
2026-08-10 16:32:31 INFO     services.kms: [VERIFY]    KMS clean (0 customer keys scheduled for deletion, pending their waiting period)
2026-08-10 16:32:31 INFO     services.ec2: [VERIFY]    EC2 clean
2026-08-10 16:32:31 INFO     services.apigateway: [VERIFY]    API Gateway clean
2026-08-10 16:32:33 INFO     services.iam: [VERIFY]    IAM clean
2026-08-10 16:32:46 INFO     services.application-autoscaling: [VERIFY]    Application Auto Scaling clean
2026-08-10 16:32:46 INFO     orchestrator: Verification written to logs/reports/070640552464/ap-south-1/verification_pre_nuke.json
2026-08-10 16:32:46 INFO     orchestrator: Pre aws-nuke verification: PASS
2026-08-10 16:32:46 INFO     orchestrator: PHASE 4 - aws-nuke
2026-08-10 16:32:46 INFO     aws_nuke: Starting aws-nuke [DRY RUN] for account 070640552464 in region ap-south-1
2026-08-10 16:35:08 INFO     aws_nuke: aws-nuke completed successfully
2026-08-10 16:35:08 INFO     orchestrator: aws-nuke phase completed successfully
2026-08-10 16:35:08 INFO     orchestrator: PHASE 5 - Final verification
2026-08-10 16:35:08 INFO     services.apigateway: [VERIFY]    Verifying API Gateway is clean ...
2026-08-10 16:35:08 INFO     services.application-autoscaling: [VERIFY]    Verifying Application Auto Scaling is clean ...
2026-08-10 16:35:08 INFO     services.autoscaling: [VERIFY]    Verifying Auto Scaling is clean ...
2026-08-10 16:35:08 INFO     services.cloudformation: [VERIFY]    Verifying CloudFormation is clean ...
2026-08-10 16:35:08 INFO     services.ec2: [VERIFY]    Verifying EC2 is clean ...
2026-08-10 16:35:08 INFO     services.ecr: [VERIFY]    Verifying ECR is clean ...
2026-08-10 16:35:08 INFO     services.ecs: [VERIFY]    Verifying ECS is clean ...
2026-08-10 16:35:08 INFO     services.eks: [VERIFY]    Verifying EKS is clean ...
2026-08-10 16:35:08 INFO     services.elasticbeanstalk: [VERIFY]    Verifying Elastic Beanstalk is clean ...
2026-08-10 16:35:08 INFO     services.elb: [VERIFY]    Verifying ELB (v2 + classic) is clean ...
2026-08-10 16:35:08 INFO     services.eventbridge: [VERIFY]    Verifying EventBridge is clean ...
2026-08-10 16:35:08 INFO     services.iam: [VERIFY]    Verifying IAM is clean ...
2026-08-10 16:35:08 INFO     services.kms: [VERIFY]    Verifying KMS is clean (or all customer keys scheduled for deletion) ...
2026-08-10 16:35:08 INFO     services.lambda: [VERIFY]    Verifying Lambda is clean ...
2026-08-10 16:35:08 INFO     services.rds: [VERIFY]    Verifying RDS is clean ...
2026-08-10 16:35:08 INFO     services.s3: [VERIFY]    Verifying S3 is clean ...
2026-08-10 16:35:08 INFO     services.eks: [VERIFY]    EKS clean
2026-08-10 16:35:09 INFO     services.cloudformation: [VERIFY]    CloudFormation clean
2026-08-10 16:35:09 INFO     services.elasticbeanstalk: [VERIFY]    Elastic Beanstalk clean
2026-08-10 16:35:09 INFO     services.s3: [VERIFY]    S3 clean
2026-08-10 16:35:09 INFO     services.ecr: [VERIFY]    ECR clean
2026-08-10 16:35:09 INFO     services.lambda: [VERIFY]    Lambda clean
2026-08-10 16:35:09 INFO     services.rds: [VERIFY]    RDS clean
2026-08-10 16:35:09 INFO     services.autoscaling: [VERIFY]    Auto Scaling clean
2026-08-10 16:35:09 INFO     services.kms: [VERIFY]    KMS clean (0 customer keys scheduled for deletion, pending their waiting period)
2026-08-10 16:35:09 INFO     services.eventbridge: [VERIFY]    EventBridge clean
2026-08-10 16:35:09 INFO     services.elb: [VERIFY]    ELB clean
2026-08-10 16:35:09 INFO     services.apigateway: [VERIFY]    API Gateway clean
2026-08-10 16:35:10 INFO     services.ecs: [VERIFY]    ECS clean
2026-08-10 16:35:10 INFO     services.ec2: [VERIFY]    EC2 clean
2026-08-10 16:35:10 INFO     services.iam: [VERIFY]    IAM clean
2026-08-10 16:35:21 INFO     services.application-autoscaling: [VERIFY]    Application Auto Scaling clean
2026-08-10 16:35:21 INFO     orchestrator: Verification written to logs/reports/070640552464/ap-south-1/verification_final.json
2026-08-10 16:35:21 INFO     orchestrator: Final verification: PASS
2026-08-10 16:35:21 INFO     orchestrator: PHASE 6 - Report generation
2026-08-10 16:35:21 INFO     main: [070640552464/ap-south-1] verification=PASS discovered=2 deleted=0 remaining=0
2026-08-10 16:35:21 INFO     main: ======================================================================
2026-08-10 16:35:21 INFO     main: Combined summary written to logs/reports/cleanup_report_summary.json
2026-08-10 16:35:21 INFO     main: Overall result across all regions/accounts: PASS
2026-08-10 16:35:21 INFO     main: ======================================================================
2026-08-10 16:45:37 INFO     main: ======================================================================
2026-08-10 16:45:37 INFO     main: AWS Sandbox Cleanup Engine
2026-08-10 16:45:37 INFO     main: Regions: ap-south-1 | Dry run: True
2026-08-10 16:45:37 INFO     main: Cross-account targets: 070640552464 via OrganizationAccountAccessRole
2026-08-10 16:45:37 INFO     main: ======================================================================
2026-08-10 16:45:37 INFO     main: --- Account 070640552464 / role OrganizationAccountAccessRole / region ap-south-1 ---
2026-08-10 16:45:37 INFO     botocore.credentials: Found credentials in shared credentials file: ~/.aws/credentials
2026-08-10 16:45:38 INFO     orchestrator: Starting cleanup run for account 070640552464 in ap-south-1
2026-08-10 16:45:38 INFO     orchestrator: Discovered 16 service plugins: apigateway, application-autoscaling, autoscaling, cloudformation, ec2, ecr, ecs, eks, elasticbeanstalk, elb, eventbridge, iam, kms, lambda, rds, s3
2026-08-10 16:45:38 INFO     orchestrator: PHASE 1 - Inventory
2026-08-10 16:45:38 INFO     services.apigateway: [DISCOVER]  Scanning API Gateway (REST + HTTP/WebSocket) resources ...
2026-08-10 16:45:38 INFO     services.application-autoscaling: [DISCOVER]  Scanning Application Auto Scaling across 15 service namespaces ...
2026-08-10 16:45:38 INFO     services.autoscaling: [DISCOVER]  Scanning Auto Scaling groups and launch configurations ...
2026-08-10 16:45:38 INFO     services.cloudformation: [DISCOVER]  Scanning CloudFormation stacks ...
2026-08-10 16:45:38 INFO     services.ec2: [DISCOVER]  Scanning EC2 instances, volumes, snapshots, and networking resources ...
2026-08-10 16:45:38 INFO     services.ecr: [DISCOVER]  Scanning ECR repositories ...
2026-08-10 16:45:38 INFO     services.ecs: [DISCOVER]  Scanning ECS clusters, services, tasks, container instances, and task definitions ...
2026-08-10 16:45:38 INFO     services.eks: [DISCOVER]  Scanning EKS clusters and their node groups, Fargate profiles, and add-ons ...
2026-08-10 16:45:38 INFO     services.elasticbeanstalk: [DISCOVER]  Scanning Elastic Beanstalk applications, environments, versions, and configuration templates ...
2026-08-10 16:45:38 INFO     services.elb: [DISCOVER]  Scanning ELB (v2 + classic) load balancers and target groups ...
2026-08-10 16:45:38 INFO     services.eventbridge: [DISCOVER]  Scanning EventBridge buses, rules, archives, and schema registries ...
2026-08-10 16:45:38 INFO     services.iam: [DISCOVER]  Scanning IAM roles, policies, instance profiles, users, and groups ...
2026-08-10 16:45:38 INFO     services.kms: [DISCOVER]  Scanning KMS customer managed keys and aliases ...
2026-08-10 16:45:38 INFO     services.lambda: [DISCOVER]  Scanning Lambda functions, event source mappings, and layer versions ...
2026-08-10 16:45:38 INFO     services.rds: [DISCOVER]  Scanning RDS clusters and instances ...
2026-08-10 16:45:38 INFO     services.s3: [DISCOVER]  Scanning S3 buckets ...
2026-08-10 16:45:38 INFO     services.elasticbeanstalk: [DISCOVER]  Found 0 applications, 0 environments, 0 application versions, 0 configuration templates
2026-08-10 16:45:39 INFO     services.s3: [DISCOVER]  Found 0 buckets
2026-08-10 16:45:39 INFO     services.elb: [DISCOVER]  Found 0 v2 load balancers, 0 target groups, 0 classic load balancers
2026-08-10 16:45:39 INFO     services.eventbridge: [DISCOVER]  Found 0 custom event buses, 0 rules, 0 archives, 0 custom schema registries, 0 schemas
2026-08-10 16:45:39 INFO     services.cloudformation: [DISCOVER]  Found 0 stacks
2026-08-10 16:45:39 INFO     services.autoscaling: [DISCOVER]  Found 0 Auto Scaling groups, 0 launch configurations
2026-08-10 16:45:39 INFO     services.ecr: [DISCOVER]  Found 0 repositories
2026-08-10 16:45:39 INFO     services.ecs: [DISCOVER]  Found 0 clusters, 0 services, 0 standalone tasks, 0 container instances, 0 active task definitions
2026-08-10 16:45:39 INFO     services.rds: [DISCOVER]  Found 0 DB clusters and 0 DB instances
2026-08-10 16:45:39 INFO     services.kms: [DISCOVER]  Found 0 customer managed keys, 0 aliases (4 AWS managed keys excluded -- not customer-deletable)
2026-08-10 16:45:39 INFO     services.lambda: [DISCOVER]  Found 0 functions, 0 event source mappings, 0 layer versions
2026-08-10 16:45:39 INFO     services.apigateway: [DISCOVER]  Found API Gateway resources: {}
2026-08-10 16:45:40 INFO     services.ec2: [DISCOVER]  Found 0 instances, 0 volumes, 0 snapshots, 0 networking resources
2026-08-10 16:45:40 INFO     services.eks: [DISCOVER]  Found 0 clusters, 0 node groups, 0 Fargate profiles, 0 add-ons, 0 access entries
2026-08-10 16:45:50 INFO     services.application-autoscaling: [DISCOVER]  Found 0 scalable targets, 0 scaling policies, 0 scheduled actions
2026-08-10 16:45:52 INFO     services.iam: [DISCOVER]  Protecting IAM policy 'DefaultIamPolicy' from deletion
2026-08-10 16:45:52 INFO     services.iam: [DISCOVER]  Protecting IAM policy 'CoderCreatedIdentityBoundary' from deletion
2026-08-10 16:45:52 INFO     services.iam: [DISCOVER]  Protecting currently-assumed role 'OrganizationAccountAccessRole' from deletion
2026-08-10 16:45:52 INFO     services.iam: [DISCOVER]  Found 0 deletable roles, 0 deletable customer-managed policies, 0 instance profiles, 0 users, 0 groups
2026-08-10 16:45:52 INFO     orchestrator: Inventory written to logs/reports/070640552464/ap-south-1/inventory.json
2026-08-10 16:45:52 INFO     orchestrator: PHASE 2 - Custom cleanup
2026-08-10 16:45:52 INFO     orchestrator: Cleaning up service: apigateway
2026-08-10 16:45:52 INFO     services.apigateway: [CLEANUP]   No API Gateway resources to delete
2026-08-10 16:45:52 INFO     orchestrator: Cleaning up service: application-autoscaling
2026-08-10 16:45:52 INFO     services.application-autoscaling: [CLEANUP]   No Application Auto Scaling resources to delete
2026-08-10 16:45:52 INFO     orchestrator: Cleaning up service: autoscaling
2026-08-10 16:45:52 INFO     services.autoscaling: [CLEANUP]   No Auto Scaling resources to delete
2026-08-10 16:45:52 INFO     orchestrator: Cleaning up service: cloudformation
2026-08-10 16:45:52 INFO     services.cloudformation: [CLEANUP]   No CloudFormation stacks to delete
2026-08-10 16:45:52 INFO     orchestrator: Cleaning up service: ec2
2026-08-10 16:45:52 INFO     services.ec2: [CLEANUP]   No EC2 resources to delete
2026-08-10 16:45:52 INFO     orchestrator: Cleaning up service: ecr
2026-08-10 16:45:52 INFO     services.ecr: [CLEANUP]   No ECR resources to delete
2026-08-10 16:45:52 INFO     orchestrator: Cleaning up service: ecs
2026-08-10 16:45:52 INFO     services.ecs: [CLEANUP]   No ECS resources to delete
2026-08-10 16:45:52 INFO     orchestrator: Cleaning up service: eks
2026-08-10 16:45:52 INFO     services.eks: [CLEANUP]   No EKS resources to delete
2026-08-10 16:45:52 INFO     orchestrator: Cleaning up service: elasticbeanstalk
2026-08-10 16:45:52 INFO     services.elasticbeanstalk: [CLEANUP]   No Elastic Beanstalk resources to delete
2026-08-10 16:45:52 INFO     orchestrator: Cleaning up service: elb
2026-08-10 16:45:52 INFO     services.elb: [CLEANUP]   No ELB resources to delete
2026-08-10 16:45:52 INFO     orchestrator: Cleaning up service: eventbridge
2026-08-10 16:45:52 INFO     services.eventbridge: [CLEANUP]   No EventBridge resources to delete
2026-08-10 16:45:52 INFO     orchestrator: Cleaning up service: iam
2026-08-10 16:45:52 INFO     services.iam: [CLEANUP]   No IAM resources to delete
2026-08-10 16:45:52 INFO     orchestrator: Cleaning up service: kms
2026-08-10 16:45:52 INFO     services.kms: [CLEANUP]   No KMS resources to delete
2026-08-10 16:45:52 INFO     orchestrator: Cleaning up service: lambda
2026-08-10 16:45:52 INFO     services.lambda: [CLEANUP]   No Lambda resources to delete
2026-08-10 16:45:52 INFO     orchestrator: Cleaning up service: rds
2026-08-10 16:45:52 INFO     services.rds: [CLEANUP]   No RDS clusters or instances to delete
2026-08-10 16:45:52 INFO     orchestrator: Cleaning up service: s3
2026-08-10 16:45:52 INFO     services.s3: [CLEANUP]   No S3 buckets to delete
2026-08-10 16:45:52 INFO     orchestrator: PHASE 3 - Pre aws-nuke verification
2026-08-10 16:45:52 INFO     services.apigateway: [VERIFY]    Verifying API Gateway is clean ...
2026-08-10 16:45:52 INFO     services.application-autoscaling: [VERIFY]    Verifying Application Auto Scaling is clean ...
2026-08-10 16:45:52 INFO     services.autoscaling: [VERIFY]    Verifying Auto Scaling is clean ...
2026-08-10 16:45:52 INFO     services.cloudformation: [VERIFY]    Verifying CloudFormation is clean ...
2026-08-10 16:45:52 INFO     services.ec2: [VERIFY]    Verifying EC2 is clean ...
2026-08-10 16:45:52 INFO     services.ecr: [VERIFY]    Verifying ECR is clean ...
2026-08-10 16:45:52 INFO     services.ecs: [VERIFY]    Verifying ECS is clean ...
2026-08-10 16:45:52 INFO     services.eks: [VERIFY]    Verifying EKS is clean ...
2026-08-10 16:45:52 INFO     services.elasticbeanstalk: [VERIFY]    Verifying Elastic Beanstalk is clean ...
2026-08-10 16:45:52 INFO     services.elb: [VERIFY]    Verifying ELB (v2 + classic) is clean ...
2026-08-10 16:45:52 INFO     services.eventbridge: [VERIFY]    Verifying EventBridge is clean ...
2026-08-10 16:45:52 INFO     services.iam: [VERIFY]    Verifying IAM is clean ...
2026-08-10 16:45:52 INFO     services.kms: [VERIFY]    Verifying KMS is clean (or all customer keys scheduled for deletion) ...
2026-08-10 16:45:52 INFO     services.lambda: [VERIFY]    Verifying Lambda is clean ...
2026-08-10 16:45:52 INFO     services.rds: [VERIFY]    Verifying RDS is clean ...
2026-08-10 16:45:52 INFO     services.s3: [VERIFY]    Verifying S3 is clean ...
2026-08-10 16:45:52 INFO     services.ecr: [VERIFY]    ECR clean
2026-08-10 16:45:52 INFO     services.eks: [VERIFY]    EKS clean
2026-08-10 16:45:52 INFO     services.elasticbeanstalk: [VERIFY]    Elastic Beanstalk clean
2026-08-10 16:45:52 INFO     services.cloudformation: [VERIFY]    CloudFormation clean
2026-08-10 16:45:52 INFO     services.rds: [VERIFY]    RDS clean
2026-08-10 16:45:52 INFO     services.elb: [VERIFY]    ELB clean
2026-08-10 16:45:52 INFO     services.s3: [VERIFY]    S3 clean
2026-08-10 16:45:52 INFO     services.autoscaling: [VERIFY]    Auto Scaling clean
2026-08-10 16:45:52 INFO     services.ecs: [VERIFY]    ECS clean
2026-08-10 16:45:52 INFO     services.lambda: [VERIFY]    Lambda clean
2026-08-10 16:45:52 INFO     services.eventbridge: [VERIFY]    EventBridge clean
2026-08-10 16:45:52 INFO     services.kms: [VERIFY]    KMS clean (0 customer keys scheduled for deletion, pending their waiting period)
2026-08-10 16:45:53 INFO     services.apigateway: [VERIFY]    API Gateway clean
2026-08-10 16:45:53 INFO     services.ec2: [VERIFY]    EC2 clean
2026-08-10 16:45:53 INFO     services.iam: [VERIFY]    IAM clean
2026-08-10 16:46:06 INFO     services.application-autoscaling: [VERIFY]    Application Auto Scaling clean
2026-08-10 16:46:06 INFO     orchestrator: Verification written to logs/reports/070640552464/ap-south-1/verification_pre_nuke.json
2026-08-10 16:46:06 INFO     orchestrator: Pre aws-nuke verification: PASS
2026-08-10 16:46:06 INFO     orchestrator: PHASE 4 - aws-nuke
2026-08-10 16:46:06 INFO     aws_nuke: Starting aws-nuke [DRY RUN] for account 070640552464 in region ap-south-1
2026-08-10 16:48:51 INFO     aws_nuke: aws-nuke completed successfully
2026-08-10 16:48:51 INFO     orchestrator: aws-nuke phase completed successfully
2026-08-10 16:48:51 INFO     orchestrator: PHASE 5 - Final verification
2026-08-10 16:48:51 INFO     services.apigateway: [VERIFY]    Verifying API Gateway is clean ...
2026-08-10 16:48:51 INFO     services.application-autoscaling: [VERIFY]    Verifying Application Auto Scaling is clean ...
2026-08-10 16:48:51 INFO     services.autoscaling: [VERIFY]    Verifying Auto Scaling is clean ...
2026-08-10 16:48:51 INFO     services.cloudformation: [VERIFY]    Verifying CloudFormation is clean ...
2026-08-10 16:48:51 INFO     services.ec2: [VERIFY]    Verifying EC2 is clean ...
2026-08-10 16:48:51 INFO     services.ecr: [VERIFY]    Verifying ECR is clean ...
2026-08-10 16:48:51 INFO     services.ecs: [VERIFY]    Verifying ECS is clean ...
2026-08-10 16:48:51 INFO     services.eks: [VERIFY]    Verifying EKS is clean ...
2026-08-10 16:48:51 INFO     services.elasticbeanstalk: [VERIFY]    Verifying Elastic Beanstalk is clean ...
2026-08-10 16:48:51 INFO     services.elb: [VERIFY]    Verifying ELB (v2 + classic) is clean ...
2026-08-10 16:48:51 INFO     services.eventbridge: [VERIFY]    Verifying EventBridge is clean ...
2026-08-10 16:48:51 INFO     services.iam: [VERIFY]    Verifying IAM is clean ...
2026-08-10 16:48:51 INFO     services.kms: [VERIFY]    Verifying KMS is clean (or all customer keys scheduled for deletion) ...
2026-08-10 16:48:51 INFO     services.lambda: [VERIFY]    Verifying Lambda is clean ...
2026-08-10 16:48:51 INFO     services.rds: [VERIFY]    Verifying RDS is clean ...
2026-08-10 16:48:51 INFO     services.s3: [VERIFY]    Verifying S3 is clean ...
2026-08-10 16:48:51 INFO     services.eks: [VERIFY]    EKS clean
2026-08-10 16:48:51 INFO     services.ecr: [VERIFY]    ECR clean
2026-08-10 16:48:51 INFO     services.lambda: [VERIFY]    Lambda clean
2026-08-10 16:48:51 INFO     services.cloudformation: [VERIFY]    CloudFormation clean
2026-08-10 16:48:52 INFO     services.autoscaling: [VERIFY]    Auto Scaling clean
2026-08-10 16:48:52 INFO     services.elasticbeanstalk: [VERIFY]    Elastic Beanstalk clean
2026-08-10 16:48:52 INFO     services.s3: [VERIFY]    S3 clean
2026-08-10 16:48:52 INFO     services.ecs: [VERIFY]    ECS clean
2026-08-10 16:48:52 INFO     services.rds: [VERIFY]    RDS clean
2026-08-10 16:48:53 INFO     services.elb: [VERIFY]    ELB clean
2026-08-10 16:48:53 INFO     services.eventbridge: [VERIFY]    EventBridge clean
2026-08-10 16:48:54 INFO     services.apigateway: [VERIFY]    API Gateway clean
2026-08-10 16:48:54 INFO     services.ec2: [VERIFY]    EC2 clean
2026-08-10 16:48:54 INFO     services.iam: [VERIFY]    IAM clean
2026-08-10 16:48:54 INFO     services.kms: [VERIFY]    KMS clean (0 customer keys scheduled for deletion, pending their waiting period)
2026-08-10 16:49:07 INFO     services.application-autoscaling: [VERIFY]    Application Auto Scaling clean
2026-08-10 16:49:07 INFO     orchestrator: Verification written to logs/reports/070640552464/ap-south-1/verification_final.json
2026-08-10 16:49:07 INFO     orchestrator: Final verification: PASS
2026-08-10 16:49:07 INFO     orchestrator: PHASE 6 - Report generation
2026-08-10 16:49:07 INFO     main: [070640552464/ap-south-1] verification=PASS discovered=0 deleted=0 remaining=0
2026-08-10 16:49:07 INFO     main: ======================================================================
2026-08-10 16:49:07 INFO     main: Combined summary written to logs/reports/cleanup_report_summary.json
2026-08-10 16:49:07 INFO     main: Overall result across all regions/accounts: PASS
2026-08-10 16:49:07 INFO     main: ======================================================================
2026-08-10 16:51:03 INFO     main: ======================================================================
2026-08-10 16:51:03 INFO     main: AWS Sandbox Cleanup Engine
2026-08-10 16:51:03 INFO     main: Regions: ap-south-1 | Dry run: False
2026-08-10 16:51:03 INFO     main: Cross-account targets: 070640552464 via OrganizationAccountAccessRole
2026-08-10 16:51:03 INFO     main: ======================================================================
2026-08-10 16:51:10 INFO     main: --- Account 070640552464 / role OrganizationAccountAccessRole / region ap-south-1 ---
2026-08-10 16:51:10 INFO     botocore.credentials: Found credentials in shared credentials file: ~/.aws/credentials
2026-08-10 16:51:11 INFO     orchestrator: Starting cleanup run for account 070640552464 in ap-south-1
2026-08-10 16:51:11 INFO     orchestrator: Discovered 16 service plugins: apigateway, application-autoscaling, autoscaling, cloudformation, ec2, ecr, ecs, eks, elasticbeanstalk, elb, eventbridge, iam, kms, lambda, rds, s3
2026-08-10 16:51:11 INFO     orchestrator: PHASE 1 - Inventory
2026-08-10 16:51:11 INFO     services.apigateway: [DISCOVER]  Scanning API Gateway (REST + HTTP/WebSocket) resources ...
2026-08-10 16:51:11 INFO     services.application-autoscaling: [DISCOVER]  Scanning Application Auto Scaling across 15 service namespaces ...
2026-08-10 16:51:11 INFO     services.autoscaling: [DISCOVER]  Scanning Auto Scaling groups and launch configurations ...
2026-08-10 16:51:11 INFO     services.cloudformation: [DISCOVER]  Scanning CloudFormation stacks ...
2026-08-10 16:51:11 INFO     services.ec2: [DISCOVER]  Scanning EC2 instances, volumes, snapshots, and networking resources ...
2026-08-10 16:51:11 INFO     services.ecr: [DISCOVER]  Scanning ECR repositories ...
2026-08-10 16:51:11 INFO     services.ecs: [DISCOVER]  Scanning ECS clusters, services, tasks, container instances, and task definitions ...
2026-08-10 16:51:11 INFO     services.eks: [DISCOVER]  Scanning EKS clusters and their node groups, Fargate profiles, and add-ons ...
2026-08-10 16:51:11 INFO     services.elasticbeanstalk: [DISCOVER]  Scanning Elastic Beanstalk applications, environments, versions, and configuration templates ...
2026-08-10 16:51:11 INFO     services.elb: [DISCOVER]  Scanning ELB (v2 + classic) load balancers and target groups ...
2026-08-10 16:51:11 INFO     services.eventbridge: [DISCOVER]  Scanning EventBridge buses, rules, archives, and schema registries ...
2026-08-10 16:51:11 INFO     services.iam: [DISCOVER]  Scanning IAM roles, policies, instance profiles, users, and groups ...
2026-08-10 16:51:11 INFO     services.kms: [DISCOVER]  Scanning KMS customer managed keys and aliases ...
2026-08-10 16:51:11 INFO     services.lambda: [DISCOVER]  Scanning Lambda functions, event source mappings, and layer versions ...
2026-08-10 16:51:11 INFO     services.rds: [DISCOVER]  Scanning RDS clusters and instances ...
2026-08-10 16:51:11 INFO     services.s3: [DISCOVER]  Scanning S3 buckets ...
2026-08-10 16:51:11 INFO     services.elasticbeanstalk: [DISCOVER]  Found 0 applications, 0 environments, 0 application versions, 0 configuration templates
2026-08-10 16:51:12 INFO     services.s3: [DISCOVER]  Found 0 buckets
2026-08-10 16:51:12 INFO     services.elb: [DISCOVER]  Found 0 v2 load balancers, 0 target groups, 0 classic load balancers
2026-08-10 16:51:12 INFO     services.cloudformation: [DISCOVER]  Found 0 stacks
2026-08-10 16:51:12 INFO     services.autoscaling: [DISCOVER]  Found 0 Auto Scaling groups, 0 launch configurations
2026-08-10 16:51:12 INFO     services.ecr: [DISCOVER]  Found 0 repositories
2026-08-10 16:51:12 INFO     services.ecs: [DISCOVER]  Found 0 clusters, 0 services, 0 standalone tasks, 0 container instances, 0 active task definitions
2026-08-10 16:51:12 INFO     services.eks: [DISCOVER]  Found 0 clusters, 0 node groups, 0 Fargate profiles, 0 add-ons, 0 access entries
2026-08-10 16:51:12 INFO     services.rds: [DISCOVER]  Found 0 DB clusters and 0 DB instances
2026-08-10 16:51:12 INFO     services.eventbridge: [DISCOVER]  Found 0 custom event buses, 0 rules, 0 archives, 0 custom schema registries, 0 schemas
2026-08-10 16:51:12 INFO     services.lambda: [DISCOVER]  Found 0 functions, 0 event source mappings, 0 layer versions
2026-08-10 16:51:12 INFO     services.kms: [DISCOVER]  Found 0 customer managed keys, 0 aliases (4 AWS managed keys excluded -- not customer-deletable)
2026-08-10 16:51:12 INFO     services.ec2: [DISCOVER]  Found 0 instances, 0 volumes, 0 snapshots, 0 networking resources
2026-08-10 16:51:14 INFO     services.iam: [DISCOVER]  Protecting IAM policy 'DefaultIamPolicy' from deletion
2026-08-10 16:51:14 INFO     services.iam: [DISCOVER]  Protecting IAM policy 'CoderCreatedIdentityBoundary' from deletion
2026-08-10 16:51:14 INFO     services.iam: [DISCOVER]  Protecting currently-assumed role 'OrganizationAccountAccessRole' from deletion
2026-08-10 16:51:14 INFO     services.iam: [DISCOVER]  Found 0 deletable roles, 0 deletable customer-managed policies, 0 instance profiles, 0 users, 0 groups
2026-08-10 16:51:18 INFO     services.apigateway: [DISCOVER]  Found API Gateway resources: {}
2026-08-10 16:51:24 INFO     services.application-autoscaling: [DISCOVER]  Found 0 scalable targets, 0 scaling policies, 0 scheduled actions
2026-08-10 16:51:24 INFO     orchestrator: Inventory written to logs/reports/070640552464/ap-south-1/inventory.json
2026-08-10 16:51:24 INFO     orchestrator: PHASE 2 - Custom cleanup
2026-08-10 16:51:24 INFO     orchestrator: Cleaning up service: apigateway
2026-08-10 16:51:24 INFO     services.apigateway: [CLEANUP]   No API Gateway resources to delete
2026-08-10 16:51:24 INFO     orchestrator: Cleaning up service: application-autoscaling
2026-08-10 16:51:24 INFO     services.application-autoscaling: [CLEANUP]   No Application Auto Scaling resources to delete
2026-08-10 16:51:24 INFO     orchestrator: Cleaning up service: autoscaling
2026-08-10 16:51:24 INFO     services.autoscaling: [CLEANUP]   No Auto Scaling resources to delete
2026-08-10 16:51:24 INFO     orchestrator: Cleaning up service: cloudformation
2026-08-10 16:51:24 INFO     services.cloudformation: [CLEANUP]   No CloudFormation stacks to delete
2026-08-10 16:51:24 INFO     orchestrator: Cleaning up service: ec2
2026-08-10 16:51:24 INFO     services.ec2: [CLEANUP]   No EC2 resources to delete
2026-08-10 16:51:24 INFO     orchestrator: Cleaning up service: ecr
2026-08-10 16:51:24 INFO     services.ecr: [CLEANUP]   No ECR resources to delete
2026-08-10 16:51:24 INFO     orchestrator: Cleaning up service: ecs
2026-08-10 16:51:24 INFO     services.ecs: [CLEANUP]   No ECS resources to delete
2026-08-10 16:51:24 INFO     orchestrator: Cleaning up service: eks
2026-08-10 16:51:24 INFO     services.eks: [CLEANUP]   No EKS resources to delete
2026-08-10 16:51:24 INFO     orchestrator: Cleaning up service: elasticbeanstalk
2026-08-10 16:51:24 INFO     services.elasticbeanstalk: [CLEANUP]   No Elastic Beanstalk resources to delete
2026-08-10 16:51:24 INFO     orchestrator: Cleaning up service: elb
2026-08-10 16:51:24 INFO     services.elb: [CLEANUP]   No ELB resources to delete
2026-08-10 16:51:24 INFO     orchestrator: Cleaning up service: eventbridge
2026-08-10 16:51:24 INFO     services.eventbridge: [CLEANUP]   No EventBridge resources to delete
2026-08-10 16:51:24 INFO     orchestrator: Cleaning up service: iam
2026-08-10 16:51:24 INFO     services.iam: [CLEANUP]   No IAM resources to delete
2026-08-10 16:51:24 INFO     orchestrator: Cleaning up service: kms
2026-08-10 16:51:24 INFO     services.kms: [CLEANUP]   No KMS resources to delete
2026-08-10 16:51:24 INFO     orchestrator: Cleaning up service: lambda
2026-08-10 16:51:24 INFO     services.lambda: [CLEANUP]   No Lambda resources to delete
2026-08-10 16:51:24 INFO     orchestrator: Cleaning up service: rds
2026-08-10 16:51:24 INFO     services.rds: [CLEANUP]   No RDS clusters or instances to delete
2026-08-10 16:51:24 INFO     orchestrator: Cleaning up service: s3
2026-08-10 16:51:24 INFO     services.s3: [CLEANUP]   No S3 buckets to delete
2026-08-10 16:51:24 INFO     orchestrator: PHASE 3 - Pre aws-nuke verification
2026-08-10 16:51:24 INFO     services.apigateway: [VERIFY]    Verifying API Gateway is clean ...
2026-08-10 16:51:24 INFO     services.application-autoscaling: [VERIFY]    Verifying Application Auto Scaling is clean ...
2026-08-10 16:51:24 INFO     services.autoscaling: [VERIFY]    Verifying Auto Scaling is clean ...
2026-08-10 16:51:24 INFO     services.cloudformation: [VERIFY]    Verifying CloudFormation is clean ...
2026-08-10 16:51:24 INFO     services.ec2: [VERIFY]    Verifying EC2 is clean ...
2026-08-10 16:51:24 INFO     services.ecr: [VERIFY]    Verifying ECR is clean ...
2026-08-10 16:51:24 INFO     services.ecs: [VERIFY]    Verifying ECS is clean ...
2026-08-10 16:51:24 INFO     services.eks: [VERIFY]    Verifying EKS is clean ...
2026-08-10 16:51:24 INFO     services.elasticbeanstalk: [VERIFY]    Verifying Elastic Beanstalk is clean ...
2026-08-10 16:51:24 INFO     services.elb: [VERIFY]    Verifying ELB (v2 + classic) is clean ...
2026-08-10 16:51:24 INFO     services.eventbridge: [VERIFY]    Verifying EventBridge is clean ...
2026-08-10 16:51:24 INFO     services.iam: [VERIFY]    Verifying IAM is clean ...
2026-08-10 16:51:24 INFO     services.kms: [VERIFY]    Verifying KMS is clean (or all customer keys scheduled for deletion) ...
2026-08-10 16:51:24 INFO     services.lambda: [VERIFY]    Verifying Lambda is clean ...
2026-08-10 16:51:24 INFO     services.rds: [VERIFY]    Verifying RDS is clean ...
2026-08-10 16:51:24 INFO     services.s3: [VERIFY]    Verifying S3 is clean ...
2026-08-10 16:51:24 INFO     services.ecr: [VERIFY]    ECR clean
2026-08-10 16:51:24 INFO     services.eks: [VERIFY]    EKS clean
2026-08-10 16:51:24 INFO     services.elasticbeanstalk: [VERIFY]    Elastic Beanstalk clean
2026-08-10 16:51:24 INFO     services.rds: [VERIFY]    RDS clean
2026-08-10 16:51:24 INFO     services.cloudformation: [VERIFY]    CloudFormation clean
2026-08-10 16:51:24 INFO     services.elb: [VERIFY]    ELB clean
2026-08-10 16:51:24 INFO     services.ecs: [VERIFY]    ECS clean
2026-08-10 16:51:24 INFO     services.s3: [VERIFY]    S3 clean
2026-08-10 16:51:24 INFO     services.autoscaling: [VERIFY]    Auto Scaling clean
2026-08-10 16:51:24 INFO     services.lambda: [VERIFY]    Lambda clean
2026-08-10 16:51:24 INFO     services.eventbridge: [VERIFY]    EventBridge clean
2026-08-10 16:51:24 INFO     services.kms: [VERIFY]    KMS clean (0 customer keys scheduled for deletion, pending their waiting period)
2026-08-10 16:51:25 INFO     services.ec2: [VERIFY]    EC2 clean
2026-08-10 16:51:25 INFO     services.apigateway: [VERIFY]    API Gateway clean
2026-08-10 16:51:26 INFO     services.iam: [VERIFY]    IAM clean
2026-08-10 16:51:39 INFO     services.application-autoscaling: [VERIFY]    Application Auto Scaling clean
2026-08-10 16:51:39 INFO     orchestrator: Verification written to logs/reports/070640552464/ap-south-1/verification_pre_nuke.json
2026-08-10 16:51:39 INFO     orchestrator: Pre aws-nuke verification: PASS
2026-08-10 16:51:39 INFO     orchestrator: PHASE 4 - aws-nuke
2026-08-10 16:51:39 INFO     aws_nuke: Starting aws-nuke [DESTRUCTIVE] for account 070640552464 in region ap-south-1
2026-08-10 16:54:59 INFO     aws_nuke: aws-nuke completed successfully
2026-08-10 16:54:59 INFO     orchestrator: aws-nuke phase completed successfully
2026-08-10 16:54:59 INFO     orchestrator: PHASE 5 - Final verification
2026-08-10 16:54:59 INFO     services.apigateway: [VERIFY]    Verifying API Gateway is clean ...
2026-08-10 16:54:59 INFO     services.application-autoscaling: [VERIFY]    Verifying Application Auto Scaling is clean ...
2026-08-10 16:54:59 INFO     services.autoscaling: [VERIFY]    Verifying Auto Scaling is clean ...
2026-08-10 16:54:59 INFO     services.cloudformation: [VERIFY]    Verifying CloudFormation is clean ...
2026-08-10 16:54:59 INFO     services.ec2: [VERIFY]    Verifying EC2 is clean ...
2026-08-10 16:54:59 INFO     services.ecr: [VERIFY]    Verifying ECR is clean ...
2026-08-10 16:54:59 INFO     services.ecs: [VERIFY]    Verifying ECS is clean ...
2026-08-10 16:54:59 INFO     services.eks: [VERIFY]    Verifying EKS is clean ...
2026-08-10 16:54:59 INFO     services.elasticbeanstalk: [VERIFY]    Verifying Elastic Beanstalk is clean ...
2026-08-10 16:54:59 INFO     services.elb: [VERIFY]    Verifying ELB (v2 + classic) is clean ...
2026-08-10 16:54:59 INFO     services.eventbridge: [VERIFY]    Verifying EventBridge is clean ...
2026-08-10 16:54:59 INFO     services.iam: [VERIFY]    Verifying IAM is clean ...
2026-08-10 16:54:59 INFO     services.kms: [VERIFY]    Verifying KMS is clean (or all customer keys scheduled for deletion) ...
2026-08-10 16:54:59 INFO     services.lambda: [VERIFY]    Verifying Lambda is clean ...
2026-08-10 16:54:59 INFO     services.rds: [VERIFY]    Verifying RDS is clean ...
2026-08-10 16:54:59 INFO     services.s3: [VERIFY]    Verifying S3 is clean ...
2026-08-10 16:54:59 INFO     services.eks: [VERIFY]    EKS clean
2026-08-10 16:54:59 INFO     services.cloudformation: [VERIFY]    CloudFormation clean
2026-08-10 16:54:59 INFO     services.ecr: [VERIFY]    ECR clean
2026-08-10 16:54:59 INFO     services.elasticbeanstalk: [VERIFY]    Elastic Beanstalk clean
2026-08-10 16:54:59 INFO     services.s3: [VERIFY]    S3 clean
2026-08-10 16:54:59 INFO     services.lambda: [VERIFY]    Lambda clean
2026-08-10 16:55:00 INFO     services.ecs: [VERIFY]    ECS clean
2026-08-10 16:55:00 INFO     services.rds: [VERIFY]    RDS clean
2026-08-10 16:55:00 INFO     services.eventbridge: [VERIFY]    EventBridge clean
2026-08-10 16:55:00 INFO     services.elb: [VERIFY]    ELB clean
2026-08-10 16:55:00 INFO     services.kms: [VERIFY]    KMS clean (0 customer keys scheduled for deletion, pending their waiting period)
2026-08-10 16:55:00 INFO     services.ec2: [VERIFY]    EC2 clean
2026-08-10 16:55:00 INFO     services.apigateway: [VERIFY]    API Gateway clean
2026-08-10 16:55:01 INFO     services.autoscaling: [VERIFY]    Auto Scaling clean
2026-08-10 16:55:01 INFO     services.iam: [VERIFY]    IAM clean
2026-08-10 16:55:12 INFO     services.application-autoscaling: [VERIFY]    Application Auto Scaling clean
2026-08-10 16:55:12 INFO     orchestrator: Verification written to logs/reports/070640552464/ap-south-1/verification_final.json
2026-08-10 16:55:12 INFO     orchestrator: Final verification: PASS
2026-08-10 16:55:12 INFO     orchestrator: PHASE 6 - Report generation
2026-08-10 16:55:12 INFO     main: [070640552464/ap-south-1] verification=PASS discovered=0 deleted=0 remaining=0
2026-08-10 16:55:12 INFO     main: ======================================================================
2026-08-10 16:55:12 INFO     main: Combined summary written to logs/reports/cleanup_report_summary.json
2026-08-10 16:55:12 INFO     main: Overall result across all regions/accounts: PASS
2026-08-10 16:55:12 INFO     main: ======================================================================
2026-08-10 17:46:10 INFO     cleanup_engine: Attempting to acquire cleanup lock for account 070640552464
2026-08-10 17:46:10 INFO     cleanup_engine: Cleanup lock acquired for account 070640552464
2026-08-10 17:46:10 INFO     cleanup_engine: ======================================================================
2026-08-10 17:46:10 INFO     cleanup_engine: Starting cleanup for account 070640552464
2026-08-10 17:46:10 INFO     cleanup_engine: Role: OrganizationAccountAccessRole
2026-08-10 17:46:10 INFO     cleanup_engine: Regions: ap-south-1
2026-08-10 17:46:10 INFO     cleanup_engine: Dry run: False
2026-08-10 17:46:10 INFO     cleanup_engine: ======================================================================
2026-08-10 17:46:10 INFO     cleanup_engine: --- Account 070640552464 / region ap-south-1 ---
2026-08-10 17:46:10 INFO     botocore.credentials: Found credentials in shared credentials file: ~/.aws/credentials
2026-08-10 17:46:13 INFO     cleanup_engine: STS account verification passed: 070640552464
2026-08-10 17:46:13 INFO     orchestrator: Starting cleanup run for account 070640552464 in ap-south-1
2026-08-10 17:46:13 INFO     orchestrator: Discovered 16 service plugins: apigateway, application-autoscaling, autoscaling, cloudformation, ec2, ecr, ecs, eks, elasticbeanstalk, elb, eventbridge, iam, kms, lambda, rds, s3
2026-08-10 17:46:13 INFO     orchestrator: PHASE 1 - Inventory
2026-08-10 17:46:13 INFO     services.apigateway: [DISCOVER]  Scanning API Gateway (REST + HTTP/WebSocket) resources ...
2026-08-10 17:46:13 INFO     services.application-autoscaling: [DISCOVER]  Scanning Application Auto Scaling across 15 service namespaces ...
2026-08-10 17:46:13 INFO     services.autoscaling: [DISCOVER]  Scanning Auto Scaling groups and launch configurations ...
2026-08-10 17:46:13 INFO     services.cloudformation: [DISCOVER]  Scanning CloudFormation stacks ...
2026-08-10 17:46:13 INFO     services.ec2: [DISCOVER]  Scanning EC2 instances, volumes, snapshots, and networking resources ...
2026-08-10 17:46:13 INFO     services.ecr: [DISCOVER]  Scanning ECR repositories ...
2026-08-10 17:46:13 INFO     services.ecs: [DISCOVER]  Scanning ECS clusters, services, tasks, container instances, and task definitions ...
2026-08-10 17:46:13 INFO     services.eks: [DISCOVER]  Scanning EKS clusters and their node groups, Fargate profiles, and add-ons ...
2026-08-10 17:46:13 INFO     services.elasticbeanstalk: [DISCOVER]  Scanning Elastic Beanstalk applications, environments, versions, and configuration templates ...
2026-08-10 17:46:13 INFO     services.elb: [DISCOVER]  Scanning ELB (v2 + classic) load balancers and target groups ...
2026-08-10 17:46:13 INFO     services.eventbridge: [DISCOVER]  Scanning EventBridge buses, rules, archives, and schema registries ...
2026-08-10 17:46:13 INFO     services.iam: [DISCOVER]  Scanning IAM roles, policies, instance profiles, users, and groups ...
2026-08-10 17:46:13 INFO     services.kms: [DISCOVER]  Scanning KMS customer managed keys and aliases ...
2026-08-10 17:46:13 INFO     services.lambda: [DISCOVER]  Scanning Lambda functions, event source mappings, and layer versions ...
2026-08-10 17:46:13 INFO     services.rds: [DISCOVER]  Scanning RDS clusters and instances ...
2026-08-10 17:46:13 INFO     services.s3: [DISCOVER]  Scanning S3 buckets ...
2026-08-10 17:46:14 INFO     services.s3: [DISCOVER]  Found 0 buckets
2026-08-10 17:46:14 INFO     services.cloudformation: [DISCOVER]  Found 0 stacks
2026-08-10 17:46:14 INFO     services.eventbridge: [DISCOVER]  Found 0 custom event buses, 0 rules, 0 archives, 0 custom schema registries, 0 schemas
2026-08-10 17:46:14 INFO     services.ecr: [DISCOVER]  Found 0 repositories
2026-08-10 17:46:14 INFO     services.ecs: [DISCOVER]  Found 0 clusters, 0 services, 0 standalone tasks, 0 container instances, 0 active task definitions
2026-08-10 17:46:15 INFO     services.lambda: [DISCOVER]  Found 0 functions, 0 event source mappings, 0 layer versions
2026-08-10 17:46:15 INFO     services.eks: [DISCOVER]  Found 0 clusters, 0 node groups, 0 Fargate profiles, 0 add-ons, 0 access entries
2026-08-10 17:46:16 INFO     services.autoscaling: [DISCOVER]  Found 0 Auto Scaling groups, 0 launch configurations
2026-08-10 17:46:16 INFO     services.rds: [DISCOVER]  Found 0 DB clusters and 0 DB instances
2026-08-10 17:46:17 INFO     services.kms: [DISCOVER]  Found 0 customer managed keys, 0 aliases (4 AWS managed keys excluded -- not customer-deletable)
2026-08-10 17:46:17 INFO     services.apigateway: [DISCOVER]  Found API Gateway resources: {}
2026-08-10 17:46:18 INFO     services.ec2: [DISCOVER]  Found 0 instances, 0 volumes, 0 snapshots, 0 networking resources
2026-08-10 17:46:19 INFO     services.iam: [DISCOVER]  Protecting IAM policy 'DefaultIamPolicy' from deletion
2026-08-10 17:46:19 INFO     services.iam: [DISCOVER]  Protecting IAM policy 'CoderCreatedIdentityBoundary' from deletion
2026-08-10 17:46:19 INFO     services.iam: [DISCOVER]  Protecting currently-assumed role 'OrganizationAccountAccessRole' from deletion
2026-08-10 17:46:19 INFO     services.iam: [DISCOVER]  Found 0 deletable roles, 0 deletable customer-managed policies, 0 instance profiles, 0 users, 0 groups
2026-08-10 17:46:20 INFO     services.elasticbeanstalk: [DISCOVER]  Found 0 applications, 0 environments, 0 application versions, 0 configuration templates
2026-08-10 17:46:23 INFO     cleanup_engine: Attempting to acquire cleanup lock for account 070640552464
2026-08-10 17:46:24 INFO     services.elb: [DISCOVER]  Found 0 v2 load balancers, 0 target groups, 0 classic load balancers
2026-08-10 18:47:30 INFO     cleanup_engine: Attempting to acquire cleanup lock for account 070640552464
2026-08-10 18:48:01 INFO     cleanup_engine: Attempting to acquire cleanup lock for account 070640552464
2026-08-10 18:49:22 INFO     cleanup_engine: Attempting to acquire cleanup lock for account 070640552464
2026-08-10 18:49:22 INFO     cleanup_engine: Cleanup lock acquired for account 070640552464
2026-08-10 18:49:22 INFO     cleanup_engine: ======================================================================
2026-08-10 18:49:22 INFO     cleanup_engine: Starting cleanup for account 070640552464
2026-08-10 18:49:22 INFO     cleanup_engine: Role: OrganizationAccountAccessRole
2026-08-10 18:49:22 INFO     cleanup_engine: Regions: ap-south-1
2026-08-10 18:49:22 INFO     cleanup_engine: Dry run: True
2026-08-10 18:49:22 INFO     cleanup_engine: ======================================================================
2026-08-10 18:49:22 INFO     cleanup_engine: Generated aws-nuke config: logs/runtime/070640552464/nuke-config.yaml
2026-08-10 18:49:22 INFO     cleanup_engine: --- Account 070640552464 / region ap-south-1 ---
2026-08-10 18:49:22 INFO     botocore.credentials: Found credentials in shared credentials file: ~/.aws/credentials
2026-08-10 18:49:22 INFO     cleanup_engine: STS account verification passed: 070640552464
2026-08-10 18:49:22 INFO     orchestrator: Starting cleanup run for account 070640552464 in ap-south-1
2026-08-10 18:49:22 INFO     orchestrator: Discovered 16 service plugins: apigateway, application-autoscaling, autoscaling, cloudformation, ec2, ecr, ecs, eks, elasticbeanstalk, elb, eventbridge, iam, kms, lambda, rds, s3
2026-08-10 18:49:22 INFO     orchestrator: PHASE 1 - Inventory
2026-08-10 18:49:22 INFO     services.apigateway: [DISCOVER]  Scanning API Gateway (REST + HTTP/WebSocket) resources ...
2026-08-10 18:49:22 INFO     services.application-autoscaling: [DISCOVER]  Scanning Application Auto Scaling across 15 service namespaces ...
2026-08-10 18:49:22 INFO     services.autoscaling: [DISCOVER]  Scanning Auto Scaling groups and launch configurations ...
2026-08-10 18:49:22 INFO     services.cloudformation: [DISCOVER]  Scanning CloudFormation stacks ...
2026-08-10 18:49:22 INFO     services.ec2: [DISCOVER]  Scanning EC2 instances, volumes, snapshots, and networking resources ...
2026-08-10 18:49:22 INFO     services.ecr: [DISCOVER]  Scanning ECR repositories ...
2026-08-10 18:49:22 INFO     services.ecs: [DISCOVER]  Scanning ECS clusters, services, tasks, container instances, and task definitions ...
2026-08-10 18:49:22 INFO     services.eks: [DISCOVER]  Scanning EKS clusters and their node groups, Fargate profiles, and add-ons ...
2026-08-10 18:49:22 INFO     services.elasticbeanstalk: [DISCOVER]  Scanning Elastic Beanstalk applications, environments, versions, and configuration templates ...
2026-08-10 18:49:22 INFO     services.elb: [DISCOVER]  Scanning ELB (v2 + classic) load balancers and target groups ...
2026-08-10 18:49:22 INFO     services.eventbridge: [DISCOVER]  Scanning EventBridge buses, rules, archives, and schema registries ...
2026-08-10 18:49:22 INFO     services.iam: [DISCOVER]  Scanning IAM roles, policies, instance profiles, users, and groups ...
2026-08-10 18:49:22 INFO     services.kms: [DISCOVER]  Scanning KMS customer managed keys and aliases ...
2026-08-10 18:49:22 INFO     services.lambda: [DISCOVER]  Scanning Lambda functions, event source mappings, and layer versions ...
2026-08-10 18:49:22 INFO     services.rds: [DISCOVER]  Scanning RDS clusters and instances ...
2026-08-10 18:49:22 INFO     services.s3: [DISCOVER]  Scanning S3 buckets ...
2026-08-10 18:49:23 INFO     services.elasticbeanstalk: [DISCOVER]  Found 0 applications, 0 environments, 0 application versions, 0 configuration templates
2026-08-10 18:49:23 INFO     services.s3: [DISCOVER]  Found 0 buckets
2026-08-10 18:49:23 INFO     services.eventbridge: [DISCOVER]  Found 0 custom event buses, 0 rules, 0 archives, 0 custom schema registries, 0 schemas
2026-08-10 18:49:23 INFO     services.cloudformation: [DISCOVER]  Found 0 stacks
2026-08-10 18:49:23 INFO     services.autoscaling: [DISCOVER]  Found 0 Auto Scaling groups, 0 launch configurations
2026-08-10 18:49:23 INFO     services.ecr: [DISCOVER]  Found 0 repositories
2026-08-10 18:49:23 INFO     services.ecs: [DISCOVER]  Found 0 clusters, 0 services, 0 standalone tasks, 0 container instances, 0 active task definitions
2026-08-10 18:49:23 INFO     services.rds: [DISCOVER]  Found 0 DB clusters and 0 DB instances
2026-08-10 18:49:23 INFO     services.kms: [DISCOVER]  Found 0 customer managed keys, 0 aliases (4 AWS managed keys excluded -- not customer-deletable)
2026-08-10 18:49:23 INFO     services.lambda: [DISCOVER]  Found 0 functions, 0 event source mappings, 0 layer versions
2026-08-10 18:49:24 INFO     services.apigateway: [DISCOVER]  Found API Gateway resources: {}
2026-08-10 18:49:24 INFO     services.ec2: [DISCOVER]  Found 0 instances, 0 volumes, 0 snapshots, 0 networking resources
2026-08-10 18:49:24 INFO     services.eks: [DISCOVER]  Found 0 clusters, 0 node groups, 0 Fargate profiles, 0 add-ons, 0 access entries
2026-08-10 18:49:25 INFO     services.iam: [DISCOVER]  Protecting IAM policy 'DefaultIamPolicy' from deletion
2026-08-10 18:49:25 INFO     services.iam: [DISCOVER]  Protecting IAM policy 'CoderCreatedIdentityBoundary' from deletion
2026-08-10 18:49:25 INFO     services.iam: [DISCOVER]  Protecting currently-assumed role 'OrganizationAccountAccessRole' from deletion
2026-08-10 18:49:25 INFO     services.iam: [DISCOVER]  Found 0 deletable roles, 0 deletable customer-managed policies, 0 instance profiles, 0 users, 0 groups
2026-08-10 18:49:28 INFO     services.elb: [DISCOVER]  Found 0 v2 load balancers, 0 target groups, 0 classic load balancers
2026-08-10 18:49:36 INFO     services.application-autoscaling: [DISCOVER]  Found 0 scalable targets, 0 scaling policies, 0 scheduled actions
2026-08-10 18:49:36 INFO     orchestrator: Inventory written to logs/reports/070640552464/ap-south-1/inventory.json
2026-08-10 18:49:36 INFO     orchestrator: PHASE 2 - Custom cleanup
2026-08-10 18:49:36 INFO     orchestrator: Cleaning up service: apigateway
2026-08-10 18:49:36 INFO     services.apigateway: [CLEANUP]   No API Gateway resources to delete
2026-08-10 18:49:36 INFO     orchestrator: Cleaning up service: application-autoscaling
2026-08-10 18:49:36 INFO     services.application-autoscaling: [CLEANUP]   No Application Auto Scaling resources to delete
2026-08-10 18:49:36 INFO     orchestrator: Cleaning up service: autoscaling
2026-08-10 18:49:36 INFO     services.autoscaling: [CLEANUP]   No Auto Scaling resources to delete
2026-08-10 18:49:36 INFO     orchestrator: Cleaning up service: cloudformation
2026-08-10 18:49:36 INFO     services.cloudformation: [CLEANUP]   No CloudFormation stacks to delete
2026-08-10 18:49:36 INFO     orchestrator: Cleaning up service: ec2
2026-08-10 18:49:36 INFO     services.ec2: [CLEANUP]   No EC2 resources to delete
2026-08-10 18:49:36 INFO     orchestrator: Cleaning up service: ecr
2026-08-10 18:49:36 INFO     services.ecr: [CLEANUP]   No ECR resources to delete
2026-08-10 18:49:36 INFO     orchestrator: Cleaning up service: ecs
2026-08-10 18:49:36 INFO     services.ecs: [CLEANUP]   No ECS resources to delete
2026-08-10 18:49:36 INFO     orchestrator: Cleaning up service: eks
2026-08-10 18:49:36 INFO     services.eks: [CLEANUP]   No EKS resources to delete
2026-08-10 18:49:36 INFO     orchestrator: Cleaning up service: elasticbeanstalk
2026-08-10 18:49:36 INFO     services.elasticbeanstalk: [CLEANUP]   No Elastic Beanstalk resources to delete
2026-08-10 18:49:36 INFO     orchestrator: Cleaning up service: elb
2026-08-10 18:49:36 INFO     services.elb: [CLEANUP]   No ELB resources to delete
2026-08-10 18:49:36 INFO     orchestrator: Cleaning up service: eventbridge
2026-08-10 18:49:36 INFO     services.eventbridge: [CLEANUP]   No EventBridge resources to delete
2026-08-10 18:49:36 INFO     orchestrator: Cleaning up service: iam
2026-08-10 18:49:36 INFO     services.iam: [CLEANUP]   No IAM resources to delete
2026-08-10 18:49:36 INFO     orchestrator: Cleaning up service: kms
2026-08-10 18:49:36 INFO     services.kms: [CLEANUP]   No KMS resources to delete
2026-08-10 18:49:36 INFO     orchestrator: Cleaning up service: lambda
2026-08-10 18:49:36 INFO     services.lambda: [CLEANUP]   No Lambda resources to delete
2026-08-10 18:49:36 INFO     orchestrator: Cleaning up service: rds
2026-08-10 18:49:36 INFO     services.rds: [CLEANUP]   No RDS clusters or instances to delete
2026-08-10 18:49:36 INFO     orchestrator: Cleaning up service: s3
2026-08-10 18:49:36 INFO     services.s3: [CLEANUP]   No S3 buckets to delete
2026-08-10 18:49:36 INFO     orchestrator: PHASE 3 - Pre aws-nuke verification
2026-08-10 18:49:36 INFO     services.apigateway: [VERIFY]    Verifying API Gateway is clean ...
2026-08-10 18:49:36 INFO     services.application-autoscaling: [VERIFY]    Verifying Application Auto Scaling is clean ...
2026-08-10 18:49:36 INFO     services.autoscaling: [VERIFY]    Verifying Auto Scaling is clean ...
2026-08-10 18:49:36 INFO     services.cloudformation: [VERIFY]    Verifying CloudFormation is clean ...
2026-08-10 18:49:36 INFO     services.ec2: [VERIFY]    Verifying EC2 is clean ...
2026-08-10 18:49:36 INFO     services.ecr: [VERIFY]    Verifying ECR is clean ...
2026-08-10 18:49:36 INFO     services.ecs: [VERIFY]    Verifying ECS is clean ...
2026-08-10 18:49:36 INFO     services.eks: [VERIFY]    Verifying EKS is clean ...
2026-08-10 18:49:36 INFO     services.elasticbeanstalk: [VERIFY]    Verifying Elastic Beanstalk is clean ...
2026-08-10 18:49:36 INFO     services.elb: [VERIFY]    Verifying ELB (v2 + classic) is clean ...
2026-08-10 18:49:36 INFO     services.eventbridge: [VERIFY]    Verifying EventBridge is clean ...
2026-08-10 18:49:36 INFO     services.iam: [VERIFY]    Verifying IAM is clean ...
2026-08-10 18:49:36 INFO     services.kms: [VERIFY]    Verifying KMS is clean (or all customer keys scheduled for deletion) ...
2026-08-10 18:49:36 INFO     services.lambda: [VERIFY]    Verifying Lambda is clean ...
2026-08-10 18:49:36 INFO     services.rds: [VERIFY]    Verifying RDS is clean ...
2026-08-10 18:49:36 INFO     services.ecr: [VERIFY]    ECR clean
2026-08-10 18:49:36 INFO     services.s3: [VERIFY]    Verifying S3 is clean ...
2026-08-10 18:49:36 INFO     services.elasticbeanstalk: [VERIFY]    Elastic Beanstalk clean
2026-08-10 18:49:36 INFO     services.eks: [VERIFY]    EKS clean
2026-08-10 18:49:37 INFO     services.rds: [VERIFY]    RDS clean
2026-08-10 18:49:37 INFO     services.elb: [VERIFY]    ELB clean
2026-08-10 18:49:37 INFO     services.ecs: [VERIFY]    ECS clean
2026-08-10 18:49:37 INFO     services.s3: [VERIFY]    S3 clean
2026-08-10 18:49:37 INFO     services.lambda: [VERIFY]    Lambda clean
2026-08-10 18:49:37 INFO     services.autoscaling: [VERIFY]    Auto Scaling clean
2026-08-10 18:49:37 INFO     services.eventbridge: [VERIFY]    EventBridge clean
2026-08-10 18:49:37 INFO     services.kms: [VERIFY]    KMS clean (0 customer keys scheduled for deletion, pending their waiting period)
2026-08-10 18:49:37 INFO     services.ec2: [VERIFY]    EC2 clean
2026-08-10 18:49:37 INFO     services.apigateway: [VERIFY]    API Gateway clean
2026-08-10 18:49:38 INFO     services.cloudformation: [VERIFY]    CloudFormation clean
2026-08-10 18:49:38 INFO     services.iam: [VERIFY]    IAM clean
2026-08-10 18:49:52 INFO     services.application-autoscaling: [VERIFY]    Application Auto Scaling clean
2026-08-10 18:49:52 INFO     orchestrator: Verification written to logs/reports/070640552464/ap-south-1/verification_pre_nuke.json
2026-08-10 18:49:52 INFO     orchestrator: Pre aws-nuke verification: PASS
2026-08-10 18:49:52 INFO     orchestrator: PHASE 4 - aws-nuke
2026-08-10 18:49:52 ERROR    cleanup_engine: [ERROR]     Cleanup failed for account 070640552464 / region ap-south-1: AwsNukeRunner.run() missing 1 required positional argument: 'config_file'
2026-08-10 18:49:52 INFO     cleanup_engine: ======================================================================
2026-08-10 18:49:52 INFO     cleanup_engine: Account cleanup result: FAIL
2026-08-10 18:49:52 INFO     cleanup_engine: Reusable: False
2026-08-10 18:49:52 INFO     cleanup_engine: Remaining resources: 0
2026-08-10 18:49:52 INFO     cleanup_engine: ======================================================================
2026-08-11 00:39:29 INFO     cleanup_engine: Attempting to acquire cleanup lock for account 070640552464
2026-08-11 00:39:29 INFO     cleanup_engine: Cleanup lock acquired for account 070640552464
2026-08-11 00:39:29 INFO     cleanup_engine: ======================================================================
2026-08-11 00:39:29 INFO     cleanup_engine: Starting cleanup for account 070640552464
2026-08-11 00:39:29 INFO     cleanup_engine: Role: OrganizationAccountAccessRole
2026-08-11 00:39:29 INFO     cleanup_engine: Regions: ap-south-1
2026-08-11 00:39:29 INFO     cleanup_engine: Dry run: True
2026-08-11 00:39:29 INFO     cleanup_engine: ======================================================================
2026-08-11 00:39:29 INFO     cleanup_engine: Generated aws-nuke config: logs/runtime/070640552464/nuke-config.yaml
2026-08-11 00:39:29 INFO     cleanup_engine: --- Account 070640552464 / region ap-south-1 ---
2026-08-11 00:39:29 INFO     botocore.credentials: Found credentials in shared credentials file: ~/.aws/credentials
2026-08-11 00:39:31 INFO     cleanup_engine: STS account verification passed: 070640552464
2026-08-11 00:39:31 INFO     orchestrator: Starting cleanup run for account 070640552464 in ap-south-1
2026-08-11 00:39:31 INFO     orchestrator: Discovered 16 service plugins: apigateway, application-autoscaling, autoscaling, cloudformation, ec2, ecr, ecs, eks, elasticbeanstalk, elb, eventbridge, iam, kms, lambda, rds, s3
2026-08-11 00:39:31 INFO     orchestrator: PHASE 1 - Inventory
2026-08-11 00:39:31 INFO     services.apigateway: [DISCOVER]  Scanning API Gateway (REST + HTTP/WebSocket) resources ...
2026-08-11 00:39:31 INFO     services.application-autoscaling: [DISCOVER]  Scanning Application Auto Scaling across 15 service namespaces ...
2026-08-11 00:39:31 INFO     services.autoscaling: [DISCOVER]  Scanning Auto Scaling groups and launch configurations ...
2026-08-11 00:39:31 INFO     services.cloudformation: [DISCOVER]  Scanning CloudFormation stacks ...
2026-08-11 00:39:31 INFO     services.ec2: [DISCOVER]  Scanning EC2 instances, volumes, snapshots, and networking resources ...
2026-08-11 00:39:31 INFO     services.ecr: [DISCOVER]  Scanning ECR repositories ...
2026-08-11 00:39:31 INFO     services.ecs: [DISCOVER]  Scanning ECS clusters, services, tasks, container instances, and task definitions ...
2026-08-11 00:39:31 INFO     services.eks: [DISCOVER]  Scanning EKS clusters and their node groups, Fargate profiles, and add-ons ...
2026-08-11 00:39:31 INFO     services.elasticbeanstalk: [DISCOVER]  Scanning Elastic Beanstalk applications, environments, versions, and configuration templates ...
2026-08-11 00:39:31 INFO     services.elb: [DISCOVER]  Scanning ELB (v2 + classic) load balancers and target groups ...
2026-08-11 00:39:31 INFO     services.eventbridge: [DISCOVER]  Scanning EventBridge buses, rules, archives, and schema registries ...
2026-08-11 00:39:31 INFO     services.iam: [DISCOVER]  Scanning IAM roles, policies, instance profiles, users, and groups ...
2026-08-11 00:39:31 INFO     services.kms: [DISCOVER]  Scanning KMS customer managed keys and aliases ...
2026-08-11 00:39:31 INFO     services.lambda: [DISCOVER]  Scanning Lambda functions, event source mappings, and layer versions ...
2026-08-11 00:39:31 INFO     services.rds: [DISCOVER]  Scanning RDS clusters and instances ...
2026-08-11 00:39:31 INFO     services.s3: [DISCOVER]  Scanning S3 buckets ...
2026-08-11 00:39:32 INFO     services.s3: [DISCOVER]  Found 0 buckets
2026-08-11 00:39:32 INFO     services.cloudformation: [DISCOVER]  Found 0 stacks
2026-08-11 00:39:32 INFO     services.autoscaling: [DISCOVER]  Found 0 Auto Scaling groups, 0 launch configurations
2026-08-11 00:39:32 INFO     services.eventbridge: [DISCOVER]  Found 0 custom event buses, 0 rules, 0 archives, 0 custom schema registries, 0 schemas
2026-08-11 00:39:32 INFO     services.ecr: [DISCOVER]  Found 0 repositories
2026-08-11 00:39:32 INFO     services.eks: [DISCOVER]  Found 0 clusters, 0 node groups, 0 Fargate profiles, 0 add-ons, 0 access entries
2026-08-11 00:39:32 INFO     services.ecs: [DISCOVER]  Found 0 clusters, 0 services, 0 standalone tasks, 0 container instances, 0 active task definitions
2026-08-11 00:39:32 INFO     services.rds: [DISCOVER]  Found 0 DB clusters and 0 DB instances
2026-08-11 00:39:32 INFO     services.lambda: [DISCOVER]  Found 0 functions, 0 event source mappings, 0 layer versions
2026-08-11 00:39:33 INFO     services.apigateway: [DISCOVER]  Found API Gateway resources: {}
2026-08-11 00:39:33 INFO     services.ec2: [DISCOVER]  Found 0 instances, 0 volumes, 0 snapshots, 0 networking resources
2026-08-11 00:39:34 INFO     services.kms: [DISCOVER]  Found 0 customer managed keys, 0 aliases (4 AWS managed keys excluded -- not customer-deletable)
2026-08-11 00:39:36 INFO     services.iam: [DISCOVER]  Protecting IAM policy 'DefaultIamPolicy' from deletion
2026-08-11 00:39:36 INFO     services.iam: [DISCOVER]  Protecting IAM policy 'CoderCreatedIdentityBoundary' from deletion
2026-08-11 00:39:36 INFO     services.iam: [DISCOVER]  Protecting currently-assumed role 'OrganizationAccountAccessRole' from deletion
2026-08-11 00:39:36 INFO     services.iam: [DISCOVER]  Found 0 deletable roles, 0 deletable customer-managed policies, 0 instance profiles, 0 users, 0 groups
2026-08-11 00:39:37 INFO     services.elb: [DISCOVER]  Found 0 v2 load balancers, 0 target groups, 0 classic load balancers
2026-08-11 00:39:50 INFO     services.application-autoscaling: [DISCOVER]  Found 0 scalable targets, 0 scaling policies, 0 scheduled actions
2026-08-11 00:40:09 INFO     services.elasticbeanstalk: [DISCOVER]  Found 0 applications, 0 environments, 0 application versions, 0 configuration templates
2026-08-11 00:40:09 INFO     orchestrator: Inventory written to logs/reports/070640552464/ap-south-1/inventory.json
2026-08-11 00:40:09 INFO     orchestrator: PHASE 2 - Custom cleanup
2026-08-11 00:40:09 INFO     orchestrator: Cleaning up service: apigateway
2026-08-11 00:40:09 INFO     services.apigateway: [CLEANUP]   No API Gateway resources to delete
2026-08-11 00:40:09 INFO     orchestrator: Cleaning up service: application-autoscaling
2026-08-11 00:40:09 INFO     services.application-autoscaling: [CLEANUP]   No Application Auto Scaling resources to delete
2026-08-11 00:40:09 INFO     orchestrator: Cleaning up service: autoscaling
2026-08-11 00:40:09 INFO     services.autoscaling: [CLEANUP]   No Auto Scaling resources to delete
2026-08-11 00:40:09 INFO     orchestrator: Cleaning up service: cloudformation
2026-08-11 00:40:09 INFO     services.cloudformation: [CLEANUP]   No CloudFormation stacks to delete
2026-08-11 00:40:09 INFO     orchestrator: Cleaning up service: ec2
2026-08-11 00:40:09 INFO     services.ec2: [CLEANUP]   No EC2 resources to delete
2026-08-11 00:40:09 INFO     orchestrator: Cleaning up service: ecr
2026-08-11 00:40:09 INFO     services.ecr: [CLEANUP]   No ECR resources to delete
2026-08-11 00:40:09 INFO     orchestrator: Cleaning up service: ecs
2026-08-11 00:40:09 INFO     services.ecs: [CLEANUP]   No ECS resources to delete
2026-08-11 00:40:09 INFO     orchestrator: Cleaning up service: eks
2026-08-11 00:40:09 INFO     services.eks: [CLEANUP]   No EKS resources to delete
2026-08-11 00:40:09 INFO     orchestrator: Cleaning up service: elasticbeanstalk
2026-08-11 00:40:09 INFO     services.elasticbeanstalk: [CLEANUP]   No Elastic Beanstalk resources to delete
2026-08-11 00:40:09 INFO     orchestrator: Cleaning up service: elb
2026-08-11 00:40:09 INFO     services.elb: [CLEANUP]   No ELB resources to delete
2026-08-11 00:40:09 INFO     orchestrator: Cleaning up service: eventbridge
2026-08-11 00:40:09 INFO     services.eventbridge: [CLEANUP]   No EventBridge resources to delete
2026-08-11 00:40:09 INFO     orchestrator: Cleaning up service: iam
2026-08-11 00:40:09 INFO     services.iam: [CLEANUP]   No IAM resources to delete
2026-08-11 00:40:09 INFO     orchestrator: Cleaning up service: kms
2026-08-11 00:40:09 INFO     services.kms: [CLEANUP]   No KMS resources to delete
2026-08-11 00:40:09 INFO     orchestrator: Cleaning up service: lambda
2026-08-11 00:40:09 INFO     services.lambda: [CLEANUP]   No Lambda resources to delete
2026-08-11 00:40:09 INFO     orchestrator: Cleaning up service: rds
2026-08-11 00:40:09 INFO     services.rds: [CLEANUP]   No RDS clusters or instances to delete
2026-08-11 00:40:09 INFO     orchestrator: Cleaning up service: s3
2026-08-11 00:40:09 INFO     services.s3: [CLEANUP]   No S3 buckets to delete
2026-08-11 00:40:09 INFO     orchestrator: PHASE 3 - Pre aws-nuke verification
2026-08-11 00:40:09 INFO     services.apigateway: [VERIFY]    Verifying API Gateway is clean ...
2026-08-11 00:40:09 INFO     services.application-autoscaling: [VERIFY]    Verifying Application Auto Scaling is clean ...
2026-08-11 00:40:09 INFO     services.autoscaling: [VERIFY]    Verifying Auto Scaling is clean ...
2026-08-11 00:40:09 INFO     services.cloudformation: [VERIFY]    Verifying CloudFormation is clean ...
2026-08-11 00:40:09 INFO     services.ec2: [VERIFY]    Verifying EC2 is clean ...
2026-08-11 00:40:09 INFO     services.ecr: [VERIFY]    Verifying ECR is clean ...
2026-08-11 00:40:09 INFO     services.ecs: [VERIFY]    Verifying ECS is clean ...
2026-08-11 00:40:09 INFO     services.eks: [VERIFY]    Verifying EKS is clean ...
2026-08-11 00:40:09 INFO     services.elasticbeanstalk: [VERIFY]    Verifying Elastic Beanstalk is clean ...
2026-08-11 00:40:09 INFO     services.elb: [VERIFY]    Verifying ELB (v2 + classic) is clean ...
2026-08-11 00:40:09 INFO     services.eventbridge: [VERIFY]    Verifying EventBridge is clean ...
2026-08-11 00:40:09 INFO     services.iam: [VERIFY]    Verifying IAM is clean ...
2026-08-11 00:40:09 INFO     services.kms: [VERIFY]    Verifying KMS is clean (or all customer keys scheduled for deletion) ...
2026-08-11 00:40:09 INFO     services.lambda: [VERIFY]    Verifying Lambda is clean ...
2026-08-11 00:40:09 INFO     services.rds: [VERIFY]    Verifying RDS is clean ...
2026-08-11 00:40:09 INFO     services.s3: [VERIFY]    Verifying S3 is clean ...
2026-08-11 00:40:09 INFO     services.eks: [VERIFY]    EKS clean
2026-08-11 00:40:09 INFO     services.ecr: [VERIFY]    ECR clean
2026-08-11 00:40:09 INFO     services.elasticbeanstalk: [VERIFY]    Elastic Beanstalk clean
2026-08-11 00:40:09 INFO     services.cloudformation: [VERIFY]    CloudFormation clean
2026-08-11 00:40:09 INFO     services.rds: [VERIFY]    RDS clean
2026-08-11 00:40:09 INFO     services.elb: [VERIFY]    ELB clean
2026-08-11 00:40:09 INFO     services.autoscaling: [VERIFY]    Auto Scaling clean
2026-08-11 00:40:09 INFO     services.s3: [VERIFY]    S3 clean
2026-08-11 00:40:09 INFO     services.lambda: [VERIFY]    Lambda clean
2026-08-11 00:40:09 INFO     services.ecs: [VERIFY]    ECS clean
2026-08-11 00:40:09 INFO     services.eventbridge: [VERIFY]    EventBridge clean
2026-08-11 00:40:09 INFO     services.kms: [VERIFY]    KMS clean (0 customer keys scheduled for deletion, pending their waiting period)
2026-08-11 00:40:10 INFO     services.ec2: [VERIFY]    EC2 clean
2026-08-11 00:40:10 INFO     services.apigateway: [VERIFY]    API Gateway clean
2026-08-11 00:40:11 INFO     services.iam: [VERIFY]    IAM clean
2026-08-11 00:40:24 INFO     services.application-autoscaling: [VERIFY]    Application Auto Scaling clean
2026-08-11 00:40:24 INFO     orchestrator: Verification written to logs/reports/070640552464/ap-south-1/verification_pre_nuke.json
2026-08-11 00:40:24 INFO     orchestrator: Pre aws-nuke verification: PASS
2026-08-11 00:40:24 INFO     orchestrator: PHASE 4 - aws-nuke
2026-08-11 00:40:24 INFO     aws_nuke: Starting aws-nuke [DRY RUN] for account 070640552464 in region ap-south-1
2026-08-11 00:43:07 INFO     aws_nuke: aws-nuke completed successfully
2026-08-11 00:43:07 INFO     orchestrator: aws-nuke phase completed successfully
2026-08-11 00:43:07 INFO     orchestrator: PHASE 5 - Final verification
2026-08-11 00:43:07 INFO     services.apigateway: [VERIFY]    Verifying API Gateway is clean ...
2026-08-11 00:43:07 INFO     services.application-autoscaling: [VERIFY]    Verifying Application Auto Scaling is clean ...
2026-08-11 00:43:07 INFO     services.autoscaling: [VERIFY]    Verifying Auto Scaling is clean ...
2026-08-11 00:43:07 INFO     services.cloudformation: [VERIFY]    Verifying CloudFormation is clean ...
2026-08-11 00:43:07 INFO     services.ec2: [VERIFY]    Verifying EC2 is clean ...
2026-08-11 00:43:07 INFO     services.ecr: [VERIFY]    Verifying ECR is clean ...
2026-08-11 00:43:07 INFO     services.ecs: [VERIFY]    Verifying ECS is clean ...
2026-08-11 00:43:07 INFO     services.eks: [VERIFY]    Verifying EKS is clean ...
2026-08-11 00:43:07 INFO     services.elasticbeanstalk: [VERIFY]    Verifying Elastic Beanstalk is clean ...
2026-08-11 00:43:07 INFO     services.elb: [VERIFY]    Verifying ELB (v2 + classic) is clean ...
2026-08-11 00:43:07 INFO     services.eventbridge: [VERIFY]    Verifying EventBridge is clean ...
2026-08-11 00:43:07 INFO     services.iam: [VERIFY]    Verifying IAM is clean ...
2026-08-11 00:43:07 INFO     services.kms: [VERIFY]    Verifying KMS is clean (or all customer keys scheduled for deletion) ...
2026-08-11 00:43:07 INFO     services.lambda: [VERIFY]    Verifying Lambda is clean ...
2026-08-11 00:43:07 INFO     services.rds: [VERIFY]    Verifying RDS is clean ...
2026-08-11 00:43:07 INFO     services.s3: [VERIFY]    Verifying S3 is clean ...
2026-08-11 00:43:07 INFO     services.eks: [VERIFY]    EKS clean
2026-08-11 00:43:07 INFO     services.cloudformation: [VERIFY]    CloudFormation clean
2026-08-11 00:43:07 INFO     services.ecr: [VERIFY]    ECR clean
2026-08-11 00:43:07 INFO     services.elasticbeanstalk: [VERIFY]    Elastic Beanstalk clean
2026-08-11 00:43:07 INFO     services.s3: [VERIFY]    S3 clean
2026-08-11 00:43:07 INFO     services.ecs: [VERIFY]    ECS clean
2026-08-11 00:43:07 INFO     services.lambda: [VERIFY]    Lambda clean
2026-08-11 00:43:07 INFO     services.rds: [VERIFY]    RDS clean
2026-08-11 00:43:07 INFO     services.eventbridge: [VERIFY]    EventBridge clean
2026-08-11 00:43:08 INFO     services.kms: [VERIFY]    KMS clean (0 customer keys scheduled for deletion, pending their waiting period)
2026-08-11 00:43:08 INFO     services.elb: [VERIFY]    ELB clean
2026-08-11 00:43:08 INFO     services.apigateway: [VERIFY]    API Gateway clean
2026-08-11 00:43:08 INFO     services.ec2: [VERIFY]    EC2 clean
2026-08-11 00:43:08 INFO     services.autoscaling: [VERIFY]    Auto Scaling clean
2026-08-11 00:43:09 INFO     services.iam: [VERIFY]    IAM clean
2026-08-11 00:43:21 INFO     services.application-autoscaling: [VERIFY]    Application Auto Scaling clean
2026-08-11 00:43:21 INFO     orchestrator: Verification written to logs/reports/070640552464/ap-south-1/verification_final.json
2026-08-11 00:43:21 INFO     orchestrator: Final verification: PASS
2026-08-11 00:43:21 INFO     orchestrator: PHASE 6 - Report generation
2026-08-11 00:43:22 INFO     cleanup_engine: ======================================================================
2026-08-11 00:43:22 INFO     cleanup_engine: Account cleanup result: PASS
2026-08-11 00:43:22 INFO     cleanup_engine: Reusable: True
2026-08-11 00:43:22 INFO     cleanup_engine: Remaining resources: 0
2026-08-11 00:43:22 INFO     cleanup_engine: ======================================================================
2026-08-11 01:37:19 INFO     cleanup_engine: Attempting to acquire cleanup lock for account 070640552464
2026-08-11 01:37:19 INFO     cleanup_engine: Cleanup lock acquired for account 070640552464
2026-08-11 01:37:19 INFO     cleanup_engine: ======================================================================
2026-08-11 01:37:19 INFO     cleanup_engine: Starting cleanup for account 070640552464
2026-08-11 01:37:19 INFO     cleanup_engine: Role: OrganizationAccountAccessRole
2026-08-11 01:37:19 INFO     cleanup_engine: Regions: ap-south-1
2026-08-11 01:37:19 INFO     cleanup_engine: Dry run: True
2026-08-11 01:37:19 INFO     cleanup_engine: ======================================================================
2026-08-11 01:37:19 INFO     cleanup_engine: Generated aws-nuke config: logs/runtime/070640552464/nuke-config.yaml
2026-08-11 01:37:19 INFO     cleanup_engine: --- Account 070640552464 / region ap-south-1 ---
2026-08-11 01:37:19 INFO     botocore.credentials: Found credentials in shared credentials file: ~/.aws/credentials
2026-08-11 01:37:19 INFO     cleanup_engine: STS account verification passed: 070640552464
2026-08-11 01:37:20 INFO     orchestrator: Starting cleanup run for account 070640552464 in ap-south-1
2026-08-11 01:37:20 INFO     orchestrator: Discovered 16 service plugins: apigateway, application-autoscaling, autoscaling, cloudformation, ec2, ecr, ecs, eks, elasticbeanstalk, elb, eventbridge, iam, kms, lambda, rds, s3
2026-08-11 01:37:20 INFO     orchestrator: PHASE 1 - Inventory
2026-08-11 01:37:20 INFO     services.apigateway: [DISCOVER]  Scanning API Gateway (REST + HTTP/WebSocket) resources ...
2026-08-11 01:37:20 INFO     services.application-autoscaling: [DISCOVER]  Scanning Application Auto Scaling across 15 service namespaces ...
2026-08-11 01:37:20 INFO     services.autoscaling: [DISCOVER]  Scanning Auto Scaling groups and launch configurations ...
2026-08-11 01:37:20 INFO     services.cloudformation: [DISCOVER]  Scanning CloudFormation stacks ...
2026-08-11 01:37:20 INFO     services.ec2: [DISCOVER]  Scanning EC2 instances, volumes, snapshots, and networking resources ...
2026-08-11 01:37:20 INFO     services.ecr: [DISCOVER]  Scanning ECR repositories ...
2026-08-11 01:37:20 INFO     services.ecs: [DISCOVER]  Scanning ECS clusters, services, tasks, container instances, and task definitions ...
2026-08-11 01:37:20 INFO     services.eks: [DISCOVER]  Scanning EKS clusters and their node groups, Fargate profiles, and add-ons ...
2026-08-11 01:37:20 INFO     services.elasticbeanstalk: [DISCOVER]  Scanning Elastic Beanstalk applications, environments, versions, and configuration templates ...
2026-08-11 01:37:20 INFO     services.elb: [DISCOVER]  Scanning ELB (v2 + classic) load balancers and target groups ...
2026-08-11 01:37:20 INFO     services.eventbridge: [DISCOVER]  Scanning EventBridge buses, rules, archives, and schema registries ...
2026-08-11 01:37:20 INFO     services.iam: [DISCOVER]  Scanning IAM roles, policies, instance profiles, users, and groups ...
2026-08-11 01:37:20 INFO     services.kms: [DISCOVER]  Scanning KMS customer managed keys and aliases ...
2026-08-11 01:37:20 INFO     services.lambda: [DISCOVER]  Scanning Lambda functions, event source mappings, and layer versions ...
2026-08-11 01:37:20 INFO     services.rds: [DISCOVER]  Scanning RDS clusters and instances ...
2026-08-11 01:37:20 INFO     services.s3: [DISCOVER]  Scanning S3 buckets ...
2026-08-11 01:37:20 INFO     services.elasticbeanstalk: [DISCOVER]  Found 0 applications, 0 environments, 0 application versions, 0 configuration templates
2026-08-11 01:37:20 INFO     services.s3: [DISCOVER]  Found 0 buckets
2026-08-11 01:37:20 INFO     services.elb: [DISCOVER]  Found 0 v2 load balancers, 0 target groups, 0 classic load balancers
2026-08-11 01:37:20 INFO     services.cloudformation: [DISCOVER]  Found 0 stacks
2026-08-11 01:37:20 INFO     services.eventbridge: [DISCOVER]  Found 0 custom event buses, 0 rules, 0 archives, 0 custom schema registries, 0 schemas
2026-08-11 01:37:20 INFO     services.ecr: [DISCOVER]  Found 0 repositories
2026-08-11 01:37:20 INFO     services.eks: [DISCOVER]  Found 0 clusters, 0 node groups, 0 Fargate profiles, 0 add-ons, 0 access entries
2026-08-11 01:37:20 INFO     services.ecs: [DISCOVER]  Found 0 clusters, 0 services, 0 standalone tasks, 0 container instances, 0 active task definitions
2026-08-11 01:37:20 INFO     services.autoscaling: [DISCOVER]  Found 0 Auto Scaling groups, 0 launch configurations
2026-08-11 01:37:20 INFO     services.kms: [DISCOVER]  Found 0 customer managed keys, 0 aliases (4 AWS managed keys excluded -- not customer-deletable)
2026-08-11 01:37:21 INFO     services.lambda: [DISCOVER]  Found 0 functions, 0 event source mappings, 0 layer versions
2026-08-11 01:37:21 INFO     services.apigateway: [DISCOVER]  Found API Gateway resources: {}
2026-08-11 01:37:21 INFO     services.rds: [DISCOVER]  Found 0 DB clusters and 0 DB instances
2026-08-11 01:37:22 INFO     services.ec2: [DISCOVER]  Found 0 instances, 0 volumes, 0 snapshots, 0 networking resources
2026-08-11 01:37:23 INFO     services.iam: [DISCOVER]  Protecting IAM policy 'DefaultIamPolicy' from deletion
2026-08-11 01:37:23 INFO     services.iam: [DISCOVER]  Protecting IAM policy 'CoderCreatedIdentityBoundary' from deletion
2026-08-11 01:37:24 INFO     services.iam: [DISCOVER]  Protecting currently-assumed role 'OrganizationAccountAccessRole' from deletion
2026-08-11 01:37:24 INFO     services.iam: [DISCOVER]  Found 0 deletable roles, 0 deletable customer-managed policies, 0 instance profiles, 1 users, 0 groups
2026-08-11 01:37:34 INFO     services.application-autoscaling: [DISCOVER]  Found 0 scalable targets, 0 scaling policies, 0 scheduled actions
2026-08-11 01:37:34 INFO     orchestrator: Inventory written to logs/reports/070640552464/ap-south-1/inventory.json
2026-08-11 01:37:34 INFO     orchestrator: PHASE 2 - Custom cleanup
2026-08-11 01:37:34 INFO     orchestrator: Cleaning up service: apigateway
2026-08-11 01:37:34 INFO     services.apigateway: [CLEANUP]   No API Gateway resources to delete
2026-08-11 01:37:34 INFO     orchestrator: Cleaning up service: application-autoscaling
2026-08-11 01:37:34 INFO     services.application-autoscaling: [CLEANUP]   No Application Auto Scaling resources to delete
2026-08-11 01:37:34 INFO     orchestrator: Cleaning up service: autoscaling
2026-08-11 01:37:34 INFO     services.autoscaling: [CLEANUP]   No Auto Scaling resources to delete
2026-08-11 01:37:34 INFO     orchestrator: Cleaning up service: cloudformation
2026-08-11 01:37:34 INFO     services.cloudformation: [CLEANUP]   No CloudFormation stacks to delete
2026-08-11 01:37:34 INFO     orchestrator: Cleaning up service: ec2
2026-08-11 01:37:34 INFO     services.ec2: [CLEANUP]   No EC2 resources to delete
2026-08-11 01:37:34 INFO     orchestrator: Cleaning up service: ecr
2026-08-11 01:37:34 INFO     services.ecr: [CLEANUP]   No ECR resources to delete
2026-08-11 01:37:34 INFO     orchestrator: Cleaning up service: ecs
2026-08-11 01:37:34 INFO     services.ecs: [CLEANUP]   No ECS resources to delete
2026-08-11 01:37:34 INFO     orchestrator: Cleaning up service: eks
2026-08-11 01:37:34 INFO     services.eks: [CLEANUP]   No EKS resources to delete
2026-08-11 01:37:34 INFO     orchestrator: Cleaning up service: elasticbeanstalk
2026-08-11 01:37:34 INFO     services.elasticbeanstalk: [CLEANUP]   No Elastic Beanstalk resources to delete
2026-08-11 01:37:34 INFO     orchestrator: Cleaning up service: elb
2026-08-11 01:37:34 INFO     services.elb: [CLEANUP]   No ELB resources to delete
2026-08-11 01:37:34 INFO     orchestrator: Cleaning up service: eventbridge
2026-08-11 01:37:34 INFO     services.eventbridge: [CLEANUP]   No EventBridge resources to delete
2026-08-11 01:37:34 INFO     orchestrator: Cleaning up service: iam
2026-08-11 01:37:34 INFO     services.iam: [CLEANUP]   [DRY-RUN] Would delete IAM user Coder
2026-08-11 01:37:34 INFO     orchestrator: Cleaning up service: kms
2026-08-11 01:37:34 INFO     services.kms: [CLEANUP]   No KMS resources to delete
2026-08-11 01:37:34 INFO     orchestrator: Cleaning up service: lambda
2026-08-11 01:37:34 INFO     services.lambda: [CLEANUP]   No Lambda resources to delete
2026-08-11 01:37:34 INFO     orchestrator: Cleaning up service: rds
2026-08-11 01:37:34 INFO     services.rds: [CLEANUP]   No RDS clusters or instances to delete
2026-08-11 01:37:34 INFO     orchestrator: Cleaning up service: s3
2026-08-11 01:37:34 INFO     services.s3: [CLEANUP]   No S3 buckets to delete
2026-08-11 01:37:34 INFO     orchestrator: PHASE 3 - Pre aws-nuke verification
2026-08-11 01:37:34 INFO     services.apigateway: [VERIFY]    Verifying API Gateway is clean ...
2026-08-11 01:37:34 INFO     services.application-autoscaling: [VERIFY]    Verifying Application Auto Scaling is clean ...
2026-08-11 01:37:34 INFO     services.autoscaling: [VERIFY]    Verifying Auto Scaling is clean ...
2026-08-11 01:37:34 INFO     services.cloudformation: [VERIFY]    Verifying CloudFormation is clean ...
2026-08-11 01:37:34 INFO     services.ec2: [VERIFY]    Verifying EC2 is clean ...
2026-08-11 01:37:34 INFO     services.ecr: [VERIFY]    Verifying ECR is clean ...
2026-08-11 01:37:34 INFO     services.ecs: [VERIFY]    Verifying ECS is clean ...
2026-08-11 01:37:34 INFO     services.eks: [VERIFY]    Verifying EKS is clean ...
2026-08-11 01:37:34 INFO     services.elasticbeanstalk: [VERIFY]    Verifying Elastic Beanstalk is clean ...
2026-08-11 01:37:34 INFO     services.elb: [VERIFY]    Verifying ELB (v2 + classic) is clean ...
2026-08-11 01:37:34 INFO     services.eventbridge: [VERIFY]    Verifying EventBridge is clean ...
2026-08-11 01:37:34 INFO     services.iam: [VERIFY]    Verifying IAM is clean ...
2026-08-11 01:37:34 INFO     services.kms: [VERIFY]    Verifying KMS is clean (or all customer keys scheduled for deletion) ...
2026-08-11 01:37:34 INFO     services.lambda: [VERIFY]    Verifying Lambda is clean ...
2026-08-11 01:37:34 INFO     services.rds: [VERIFY]    Verifying RDS is clean ...
2026-08-11 01:37:34 INFO     services.s3: [VERIFY]    Verifying S3 is clean ...
2026-08-11 01:37:34 INFO     services.ecr: [VERIFY]    ECR clean
2026-08-11 01:37:34 INFO     services.eks: [VERIFY]    EKS clean
2026-08-11 01:37:34 INFO     services.elasticbeanstalk: [VERIFY]    Elastic Beanstalk clean
2026-08-11 01:37:34 INFO     services.cloudformation: [VERIFY]    CloudFormation clean
2026-08-11 01:37:34 INFO     services.rds: [VERIFY]    RDS clean
2026-08-11 01:37:34 INFO     services.ecs: [VERIFY]    ECS clean
2026-08-11 01:37:34 INFO     services.s3: [VERIFY]    S3 clean
2026-08-11 01:37:34 INFO     services.elb: [VERIFY]    ELB clean
2026-08-11 01:37:34 INFO     services.lambda: [VERIFY]    Lambda clean
2026-08-11 01:37:34 INFO     services.eventbridge: [VERIFY]    EventBridge clean
2026-08-11 01:37:34 INFO     services.kms: [VERIFY]    KMS clean (0 customer keys scheduled for deletion, pending their waiting period)
2026-08-11 01:37:34 INFO     services.ec2: [VERIFY]    EC2 clean
2026-08-11 01:37:34 INFO     services.apigateway: [VERIFY]    API Gateway clean
2026-08-11 01:37:35 INFO     services.autoscaling: [VERIFY]    Auto Scaling clean
2026-08-11 01:37:36 INFO     services.iam: [VERIFY]    IAM FAIL - 1 resources remain
2026-08-11 01:37:48 INFO     services.application-autoscaling: [VERIFY]    Application Auto Scaling clean
2026-08-11 01:37:48 INFO     orchestrator: [VERIFY]    Verification pass 1/5 found remaining resources in ['iam']; retrying in 15s
2026-08-11 01:38:03 INFO     services.apigateway: [VERIFY]    Verifying API Gateway is clean ...
2026-08-11 01:38:03 INFO     services.application-autoscaling: [VERIFY]    Verifying Application Auto Scaling is clean ...
2026-08-11 01:38:03 INFO     services.autoscaling: [VERIFY]    Verifying Auto Scaling is clean ...
2026-08-11 01:38:03 INFO     services.cloudformation: [VERIFY]    Verifying CloudFormation is clean ...
2026-08-11 01:38:03 INFO     services.ec2: [VERIFY]    Verifying EC2 is clean ...
2026-08-11 01:38:03 INFO     services.ecr: [VERIFY]    Verifying ECR is clean ...
2026-08-11 01:38:03 INFO     services.ecs: [VERIFY]    Verifying ECS is clean ...
2026-08-11 01:38:03 INFO     services.eks: [VERIFY]    Verifying EKS is clean ...
2026-08-11 01:38:03 INFO     services.elasticbeanstalk: [VERIFY]    Verifying Elastic Beanstalk is clean ...
2026-08-11 01:38:03 INFO     services.elb: [VERIFY]    Verifying ELB (v2 + classic) is clean ...
2026-08-11 01:38:03 INFO     services.eventbridge: [VERIFY]    Verifying EventBridge is clean ...
2026-08-11 01:38:03 INFO     services.iam: [VERIFY]    Verifying IAM is clean ...
2026-08-11 01:38:03 INFO     services.kms: [VERIFY]    Verifying KMS is clean (or all customer keys scheduled for deletion) ...
2026-08-11 01:38:03 INFO     services.lambda: [VERIFY]    Verifying Lambda is clean ...
2026-08-11 01:38:03 INFO     services.rds: [VERIFY]    Verifying RDS is clean ...
2026-08-11 01:38:03 INFO     services.s3: [VERIFY]    Verifying S3 is clean ...
2026-08-11 01:38:03 INFO     services.ecr: [VERIFY]    ECR clean
2026-08-11 01:38:03 INFO     services.elasticbeanstalk: [VERIFY]    Elastic Beanstalk clean
2026-08-11 01:38:03 INFO     services.eks: [VERIFY]    EKS clean
2026-08-11 01:38:03 INFO     services.cloudformation: [VERIFY]    CloudFormation clean
2026-08-11 01:38:03 INFO     services.rds: [VERIFY]    RDS clean
2026-08-11 01:38:03 INFO     services.ecs: [VERIFY]    ECS clean
2026-08-11 01:38:03 INFO     services.s3: [VERIFY]    S3 clean
2026-08-11 01:38:03 INFO     services.elb: [VERIFY]    ELB clean
2026-08-11 01:38:03 INFO     services.lambda: [VERIFY]    Lambda clean
2026-08-11 01:38:03 INFO     services.autoscaling: [VERIFY]    Auto Scaling clean
2026-08-11 01:38:03 INFO     services.eventbridge: [VERIFY]    EventBridge clean
2026-08-11 01:38:03 INFO     services.kms: [VERIFY]    KMS clean (0 customer keys scheduled for deletion, pending their waiting period)
2026-08-11 01:38:03 INFO     services.apigateway: [VERIFY]    API Gateway clean
2026-08-11 01:38:04 INFO     services.ec2: [VERIFY]    EC2 clean
2026-08-11 01:38:05 INFO     services.iam: [VERIFY]    IAM FAIL - 1 resources remain
2026-08-11 01:38:11 INFO     services.application-autoscaling: [VERIFY]    Application Auto Scaling clean
2026-08-11 01:38:11 INFO     orchestrator: [VERIFY]    Verification pass 2/5 found remaining resources in ['iam']; retrying in 15s
2026-08-11 01:38:26 INFO     services.apigateway: [VERIFY]    Verifying API Gateway is clean ...
2026-08-11 01:38:26 INFO     services.application-autoscaling: [VERIFY]    Verifying Application Auto Scaling is clean ...
2026-08-11 01:38:26 INFO     services.autoscaling: [VERIFY]    Verifying Auto Scaling is clean ...
2026-08-11 01:38:26 INFO     services.cloudformation: [VERIFY]    Verifying CloudFormation is clean ...
2026-08-11 01:38:26 INFO     services.ec2: [VERIFY]    Verifying EC2 is clean ...
2026-08-11 01:38:26 INFO     services.ecr: [VERIFY]    Verifying ECR is clean ...
2026-08-11 01:38:26 INFO     services.ecs: [VERIFY]    Verifying ECS is clean ...
2026-08-11 01:38:26 INFO     services.eks: [VERIFY]    Verifying EKS is clean ...
2026-08-11 01:38:26 INFO     services.elasticbeanstalk: [VERIFY]    Verifying Elastic Beanstalk is clean ...
2026-08-11 01:38:26 INFO     services.elb: [VERIFY]    Verifying ELB (v2 + classic) is clean ...
2026-08-11 01:38:26 INFO     services.eventbridge: [VERIFY]    Verifying EventBridge is clean ...
2026-08-11 01:38:26 INFO     services.iam: [VERIFY]    Verifying IAM is clean ...
2026-08-11 01:38:26 INFO     services.kms: [VERIFY]    Verifying KMS is clean (or all customer keys scheduled for deletion) ...
2026-08-11 01:38:26 INFO     services.lambda: [VERIFY]    Verifying Lambda is clean ...
2026-08-11 01:38:26 INFO     services.rds: [VERIFY]    Verifying RDS is clean ...
2026-08-11 01:38:26 INFO     services.s3: [VERIFY]    Verifying S3 is clean ...
2026-08-11 01:38:26 INFO     services.ecr: [VERIFY]    ECR clean
2026-08-11 01:38:26 INFO     services.eks: [VERIFY]    EKS clean
2026-08-11 01:38:26 INFO     services.elasticbeanstalk: [VERIFY]    Elastic Beanstalk clean
2026-08-11 01:38:26 INFO     services.rds: [VERIFY]    RDS clean
2026-08-11 01:38:26 INFO     services.cloudformation: [VERIFY]    CloudFormation clean
2026-08-11 01:38:26 INFO     services.s3: [VERIFY]    S3 clean
2026-08-11 01:38:26 INFO     services.elb: [VERIFY]    ELB clean
2026-08-11 01:38:26 INFO     services.lambda: [VERIFY]    Lambda clean
2026-08-11 01:38:26 INFO     services.autoscaling: [VERIFY]    Auto Scaling clean
2026-08-11 01:38:26 INFO     services.kms: [VERIFY]    KMS clean (0 customer keys scheduled for deletion, pending their waiting period)
2026-08-11 01:38:26 INFO     services.apigateway: [VERIFY]    API Gateway clean
2026-08-11 01:38:26 INFO     services.ec2: [VERIFY]    EC2 clean
2026-08-11 01:38:27 INFO     services.ecs: [VERIFY]    ECS clean
2026-08-11 01:38:27 INFO     services.eventbridge: [VERIFY]    EventBridge clean
2026-08-11 01:38:27 INFO     services.iam: [VERIFY]    IAM FAIL - 1 resources remain
2026-08-11 01:38:36 INFO     services.application-autoscaling: [VERIFY]    Application Auto Scaling clean
2026-08-11 01:38:36 INFO     orchestrator: [VERIFY]    Verification pass 3/5 found remaining resources in ['iam']; retrying in 15s
2026-08-11 01:38:51 INFO     services.apigateway: [VERIFY]    Verifying API Gateway is clean ...
2026-08-11 01:38:51 INFO     services.application-autoscaling: [VERIFY]    Verifying Application Auto Scaling is clean ...
2026-08-11 01:38:51 INFO     services.autoscaling: [VERIFY]    Verifying Auto Scaling is clean ...
2026-08-11 01:38:51 INFO     services.cloudformation: [VERIFY]    Verifying CloudFormation is clean ...
2026-08-11 01:38:51 INFO     services.ec2: [VERIFY]    Verifying EC2 is clean ...
2026-08-11 01:38:51 INFO     services.ecr: [VERIFY]    Verifying ECR is clean ...
2026-08-11 01:38:51 INFO     services.ecs: [VERIFY]    Verifying ECS is clean ...
2026-08-11 01:38:51 INFO     services.eks: [VERIFY]    Verifying EKS is clean ...
2026-08-11 01:38:51 INFO     services.elasticbeanstalk: [VERIFY]    Verifying Elastic Beanstalk is clean ...
2026-08-11 01:38:51 INFO     services.elb: [VERIFY]    Verifying ELB (v2 + classic) is clean ...
2026-08-11 01:38:51 INFO     services.eventbridge: [VERIFY]    Verifying EventBridge is clean ...
2026-08-11 01:38:51 INFO     services.iam: [VERIFY]    Verifying IAM is clean ...
2026-08-11 01:38:51 INFO     services.kms: [VERIFY]    Verifying KMS is clean (or all customer keys scheduled for deletion) ...
2026-08-11 01:38:51 INFO     services.lambda: [VERIFY]    Verifying Lambda is clean ...
2026-08-11 01:38:51 INFO     services.rds: [VERIFY]    Verifying RDS is clean ...
2026-08-11 01:38:51 INFO     services.s3: [VERIFY]    Verifying S3 is clean ...
2026-08-11 01:38:51 INFO     services.ecr: [VERIFY]    ECR clean
2026-08-11 01:38:51 INFO     services.eks: [VERIFY]    EKS clean
2026-08-11 01:38:51 INFO     services.elasticbeanstalk: [VERIFY]    Elastic Beanstalk clean
2026-08-11 01:38:51 INFO     services.cloudformation: [VERIFY]    CloudFormation clean
2026-08-11 01:38:51 INFO     services.rds: [VERIFY]    RDS clean
2026-08-11 01:38:51 INFO     services.ecs: [VERIFY]    ECS clean
2026-08-11 01:38:51 INFO     services.elb: [VERIFY]    ELB clean
2026-08-11 01:38:51 INFO     services.autoscaling: [VERIFY]    Auto Scaling clean
2026-08-11 01:38:51 INFO     services.s3: [VERIFY]    S3 clean
2026-08-11 01:38:51 INFO     services.lambda: [VERIFY]    Lambda clean
2026-08-11 01:38:51 INFO     services.eventbridge: [VERIFY]    EventBridge clean
2026-08-11 01:38:52 INFO     services.apigateway: [VERIFY]    API Gateway clean
2026-08-11 01:38:52 INFO     services.ec2: [VERIFY]    EC2 clean
2026-08-11 01:38:53 INFO     services.kms: [VERIFY]    KMS clean (0 customer keys scheduled for deletion, pending their waiting period)
2026-08-11 01:38:53 INFO     services.iam: [VERIFY]    IAM FAIL - 1 resources remain
2026-08-11 01:39:02 INFO     services.application-autoscaling: [VERIFY]    Application Auto Scaling clean
2026-08-11 01:39:02 INFO     orchestrator: [VERIFY]    Verification pass 4/5 found remaining resources in ['iam']; retrying in 15s
2026-08-11 01:39:17 INFO     services.apigateway: [VERIFY]    Verifying API Gateway is clean ...
2026-08-11 01:39:18 INFO     services.application-autoscaling: [VERIFY]    Verifying Application Auto Scaling is clean ...
2026-08-11 01:39:18 INFO     services.autoscaling: [VERIFY]    Verifying Auto Scaling is clean ...
2026-08-11 01:39:18 INFO     services.cloudformation: [VERIFY]    Verifying CloudFormation is clean ...
2026-08-11 01:39:18 INFO     services.ec2: [VERIFY]    Verifying EC2 is clean ...
2026-08-11 01:39:18 INFO     services.ecr: [VERIFY]    Verifying ECR is clean ...
2026-08-11 01:39:18 INFO     services.ecs: [VERIFY]    Verifying ECS is clean ...
2026-08-11 01:39:18 INFO     services.eks: [VERIFY]    Verifying EKS is clean ...
2026-08-11 01:39:18 INFO     services.elasticbeanstalk: [VERIFY]    Verifying Elastic Beanstalk is clean ...
2026-08-11 01:39:18 INFO     services.elb: [VERIFY]    Verifying ELB (v2 + classic) is clean ...
2026-08-11 01:39:18 INFO     services.eventbridge: [VERIFY]    Verifying EventBridge is clean ...
2026-08-11 01:39:18 INFO     services.iam: [VERIFY]    Verifying IAM is clean ...
2026-08-11 01:39:18 INFO     services.kms: [VERIFY]    Verifying KMS is clean (or all customer keys scheduled for deletion) ...
2026-08-11 01:39:18 INFO     services.lambda: [VERIFY]    Verifying Lambda is clean ...
2026-08-11 01:39:18 INFO     services.rds: [VERIFY]    Verifying RDS is clean ...
2026-08-11 01:39:18 INFO     services.s3: [VERIFY]    Verifying S3 is clean ...
2026-08-11 01:39:18 INFO     services.ecr: [VERIFY]    ECR clean
2026-08-11 01:39:18 INFO     services.eks: [VERIFY]    EKS clean
2026-08-11 01:39:18 INFO     services.elasticbeanstalk: [VERIFY]    Elastic Beanstalk clean
2026-08-11 01:39:18 INFO     services.cloudformation: [VERIFY]    CloudFormation clean
2026-08-11 01:39:18 INFO     services.rds: [VERIFY]    RDS clean
2026-08-11 01:39:18 INFO     services.s3: [VERIFY]    S3 clean
2026-08-11 01:39:18 INFO     services.ecs: [VERIFY]    ECS clean
2026-08-11 01:39:18 INFO     services.elb: [VERIFY]    ELB clean
2026-08-11 01:39:18 INFO     services.lambda: [VERIFY]    Lambda clean
2026-08-11 01:39:18 INFO     services.eventbridge: [VERIFY]    EventBridge clean
2026-08-11 01:39:18 INFO     services.kms: [VERIFY]    KMS clean (0 customer keys scheduled for deletion, pending their waiting period)
2026-08-11 01:39:18 INFO     services.ec2: [VERIFY]    EC2 clean
2026-08-11 01:39:18 INFO     services.apigateway: [VERIFY]    API Gateway clean
2026-08-11 01:39:19 INFO     services.autoscaling: [VERIFY]    Auto Scaling clean
2026-08-11 01:39:19 INFO     services.iam: [VERIFY]    IAM FAIL - 1 resources remain
2026-08-11 01:39:22 INFO     services.application-autoscaling: [VERIFY]    Application Auto Scaling clean
2026-08-11 01:39:22 INFO     orchestrator: Verification written to logs/reports/070640552464/ap-south-1/verification_pre_nuke.json
2026-08-11 01:39:22 WARNING  orchestrator: [WARN]      Pre aws-nuke verification: FAIL. Continuing to aws-nuke so it can attempt removal of remaining resources.
2026-08-11 01:39:22 INFO     orchestrator: PHASE 4 - aws-nuke
2026-08-11 01:39:22 INFO     aws_nuke: Starting aws-nuke [DRY RUN] for account 070640552464 in region ap-south-1
2026-08-11 01:41:44 INFO     aws_nuke: aws-nuke completed successfully
2026-08-11 01:41:44 INFO     orchestrator: aws-nuke phase completed successfully
2026-08-11 01:41:44 INFO     orchestrator: PHASE 5 - Final verification
2026-08-11 01:41:44 INFO     services.apigateway: [VERIFY]    Verifying API Gateway is clean ...
2026-08-11 01:41:44 INFO     services.application-autoscaling: [VERIFY]    Verifying Application Auto Scaling is clean ...
2026-08-11 01:41:44 INFO     services.autoscaling: [VERIFY]    Verifying Auto Scaling is clean ...
2026-08-11 01:41:44 INFO     services.cloudformation: [VERIFY]    Verifying CloudFormation is clean ...
2026-08-11 01:41:44 INFO     services.ec2: [VERIFY]    Verifying EC2 is clean ...
2026-08-11 01:41:44 INFO     services.ecr: [VERIFY]    Verifying ECR is clean ...
2026-08-11 01:41:44 INFO     services.ecs: [VERIFY]    Verifying ECS is clean ...
2026-08-11 01:41:44 INFO     services.eks: [VERIFY]    Verifying EKS is clean ...
2026-08-11 01:41:44 INFO     services.elasticbeanstalk: [VERIFY]    Verifying Elastic Beanstalk is clean ...
2026-08-11 01:41:44 INFO     services.elb: [VERIFY]    Verifying ELB (v2 + classic) is clean ...
2026-08-11 01:41:44 INFO     services.eventbridge: [VERIFY]    Verifying EventBridge is clean ...
2026-08-11 01:41:44 INFO     services.iam: [VERIFY]    Verifying IAM is clean ...
2026-08-11 01:41:44 INFO     services.kms: [VERIFY]    Verifying KMS is clean (or all customer keys scheduled for deletion) ...
2026-08-11 01:41:44 INFO     services.lambda: [VERIFY]    Verifying Lambda is clean ...
2026-08-11 01:41:44 INFO     services.rds: [VERIFY]    Verifying RDS is clean ...
2026-08-11 01:41:44 INFO     services.s3: [VERIFY]    Verifying S3 is clean ...
2026-08-11 01:41:44 INFO     services.eks: [VERIFY]    EKS clean
2026-08-11 01:41:44 INFO     services.cloudformation: [VERIFY]    CloudFormation clean
2026-08-11 01:41:44 INFO     services.elasticbeanstalk: [VERIFY]    Elastic Beanstalk clean
2026-08-11 01:41:44 INFO     services.ecs: [VERIFY]    ECS clean
2026-08-11 01:41:44 INFO     services.lambda: [VERIFY]    Lambda clean
2026-08-11 01:41:44 INFO     services.autoscaling: [VERIFY]    Auto Scaling clean
2026-08-11 01:41:45 INFO     services.kms: [VERIFY]    KMS clean (0 customer keys scheduled for deletion, pending their waiting period)
2026-08-11 01:41:45 INFO     services.s3: [VERIFY]    S3 clean
2026-08-11 01:41:45 INFO     services.ecr: [VERIFY]    ECR clean
2026-08-11 01:41:45 INFO     services.rds: [VERIFY]    RDS clean
2026-08-11 01:41:46 INFO     services.apigateway: [VERIFY]    API Gateway clean
2026-08-11 01:41:46 INFO     services.iam: [VERIFY]    IAM FAIL - 1 resources remain
2026-08-11 01:41:46 INFO     services.eventbridge: [VERIFY]    EventBridge clean
2026-08-11 01:41:46 INFO     services.elb: [VERIFY]    ELB clean
2026-08-11 01:41:47 INFO     services.ec2: [VERIFY]    EC2 clean
2026-08-11 01:41:58 INFO     services.application-autoscaling: [VERIFY]    Application Auto Scaling clean
2026-08-11 01:41:58 INFO     orchestrator: [VERIFY]    Verification pass 1/5 found remaining resources in ['iam']; retrying in 15s
2026-08-11 01:42:13 INFO     services.apigateway: [VERIFY]    Verifying API Gateway is clean ...
2026-08-11 01:42:13 INFO     services.application-autoscaling: [VERIFY]    Verifying Application Auto Scaling is clean ...
2026-08-11 01:42:13 INFO     services.autoscaling: [VERIFY]    Verifying Auto Scaling is clean ...
2026-08-11 01:42:13 INFO     services.cloudformation: [VERIFY]    Verifying CloudFormation is clean ...
2026-08-11 01:42:13 INFO     services.ec2: [VERIFY]    Verifying EC2 is clean ...
2026-08-11 01:42:13 INFO     services.ecr: [VERIFY]    Verifying ECR is clean ...
2026-08-11 01:42:13 INFO     services.ecs: [VERIFY]    Verifying ECS is clean ...
2026-08-11 01:42:13 INFO     services.eks: [VERIFY]    Verifying EKS is clean ...
2026-08-11 01:42:13 INFO     services.elasticbeanstalk: [VERIFY]    Verifying Elastic Beanstalk is clean ...
2026-08-11 01:42:13 INFO     services.elb: [VERIFY]    Verifying ELB (v2 + classic) is clean ...
2026-08-11 01:42:13 INFO     services.eventbridge: [VERIFY]    Verifying EventBridge is clean ...
2026-08-11 01:42:13 INFO     services.iam: [VERIFY]    Verifying IAM is clean ...
2026-08-11 01:42:13 INFO     services.kms: [VERIFY]    Verifying KMS is clean (or all customer keys scheduled for deletion) ...
2026-08-11 01:42:13 INFO     services.lambda: [VERIFY]    Verifying Lambda is clean ...
2026-08-11 01:42:13 INFO     services.rds: [VERIFY]    Verifying RDS is clean ...
2026-08-11 01:42:13 INFO     services.s3: [VERIFY]    Verifying S3 is clean ...
2026-08-11 01:42:13 INFO     services.eks: [VERIFY]    EKS clean
2026-08-11 01:42:13 INFO     services.ecr: [VERIFY]    ECR clean
2026-08-11 01:42:13 INFO     services.elasticbeanstalk: [VERIFY]    Elastic Beanstalk clean
2026-08-11 01:42:13 INFO     services.cloudformation: [VERIFY]    CloudFormation clean
2026-08-11 01:42:13 INFO     services.rds: [VERIFY]    RDS clean
2026-08-11 01:42:13 INFO     services.s3: [VERIFY]    S3 clean
2026-08-11 01:42:13 INFO     services.elb: [VERIFY]    ELB clean
2026-08-11 01:42:13 INFO     services.ecs: [VERIFY]    ECS clean
2026-08-11 01:42:13 INFO     services.lambda: [VERIFY]    Lambda clean
2026-08-11 01:42:13 INFO     services.autoscaling: [VERIFY]    Auto Scaling clean
2026-08-11 01:42:13 INFO     services.eventbridge: [VERIFY]    EventBridge clean
2026-08-11 01:42:13 INFO     services.kms: [VERIFY]    KMS clean (0 customer keys scheduled for deletion, pending their waiting period)
2026-08-11 01:42:14 INFO     services.apigateway: [VERIFY]    API Gateway clean
2026-08-11 01:42:14 INFO     services.ec2: [VERIFY]    EC2 clean
2026-08-11 01:42:15 INFO     services.iam: [VERIFY]    IAM FAIL - 1 resources remain
2026-08-11 01:42:19 INFO     services.application-autoscaling: [VERIFY]    Application Auto Scaling clean
2026-08-11 01:42:19 INFO     orchestrator: [VERIFY]    Verification pass 2/5 found remaining resources in ['iam']; retrying in 15s
2026-08-11 01:42:34 INFO     services.apigateway: [VERIFY]    Verifying API Gateway is clean ...
2026-08-11 01:42:34 INFO     services.application-autoscaling: [VERIFY]    Verifying Application Auto Scaling is clean ...
2026-08-11 01:42:34 INFO     services.autoscaling: [VERIFY]    Verifying Auto Scaling is clean ...
2026-08-11 01:42:34 INFO     services.cloudformation: [VERIFY]    Verifying CloudFormation is clean ...
2026-08-11 01:42:34 INFO     services.ec2: [VERIFY]    Verifying EC2 is clean ...
2026-08-11 01:42:34 INFO     services.ecr: [VERIFY]    Verifying ECR is clean ...
2026-08-11 01:42:34 INFO     services.ecs: [VERIFY]    Verifying ECS is clean ...
2026-08-11 01:42:34 INFO     services.eks: [VERIFY]    Verifying EKS is clean ...
2026-08-11 01:42:34 INFO     services.elasticbeanstalk: [VERIFY]    Verifying Elastic Beanstalk is clean ...
2026-08-11 01:42:34 INFO     services.elb: [VERIFY]    Verifying ELB (v2 + classic) is clean ...
2026-08-11 01:42:34 INFO     services.eventbridge: [VERIFY]    Verifying EventBridge is clean ...
2026-08-11 01:42:34 INFO     services.iam: [VERIFY]    Verifying IAM is clean ...
2026-08-11 01:42:34 INFO     services.kms: [VERIFY]    Verifying KMS is clean (or all customer keys scheduled for deletion) ...
2026-08-11 01:42:34 INFO     services.lambda: [VERIFY]    Verifying Lambda is clean ...
2026-08-11 01:42:34 INFO     services.rds: [VERIFY]    Verifying RDS is clean ...
2026-08-11 01:42:34 INFO     services.s3: [VERIFY]    Verifying S3 is clean ...
2026-08-11 01:42:34 INFO     services.ecr: [VERIFY]    ECR clean
2026-08-11 01:42:34 INFO     services.eks: [VERIFY]    EKS clean
2026-08-11 01:42:34 INFO     services.elasticbeanstalk: [VERIFY]    Elastic Beanstalk clean
2026-08-11 01:42:34 INFO     services.rds: [VERIFY]    RDS clean
2026-08-11 01:42:34 INFO     services.s3: [VERIFY]    S3 clean
2026-08-11 01:42:34 INFO     services.autoscaling: [VERIFY]    Auto Scaling clean
2026-08-11 01:42:34 INFO     services.ecs: [VERIFY]    ECS clean
2026-08-11 01:42:34 INFO     services.elb: [VERIFY]    ELB clean
2026-08-11 01:42:34 INFO     services.lambda: [VERIFY]    Lambda clean
2026-08-11 01:42:34 INFO     services.eventbridge: [VERIFY]    EventBridge clean
2026-08-11 01:42:34 INFO     services.kms: [VERIFY]    KMS clean (0 customer keys scheduled for deletion, pending their waiting period)
2026-08-11 01:42:34 INFO     services.ec2: [VERIFY]    EC2 clean
2026-08-11 01:42:34 INFO     services.apigateway: [VERIFY]    API Gateway clean
2026-08-11 01:42:35 INFO     services.cloudformation: [VERIFY]    CloudFormation clean
2026-08-11 01:42:35 INFO     services.iam: [VERIFY]    IAM FAIL - 1 resources remain
2026-08-11 01:42:38 INFO     services.application-autoscaling: [VERIFY]    Application Auto Scaling clean
2026-08-11 01:42:38 INFO     orchestrator: [VERIFY]    Verification pass 3/5 found remaining resources in ['iam']; retrying in 15s
2026-08-11 01:42:53 INFO     services.apigateway: [VERIFY]    Verifying API Gateway is clean ...
2026-08-11 01:42:53 INFO     services.application-autoscaling: [VERIFY]    Verifying Application Auto Scaling is clean ...
2026-08-11 01:42:53 INFO     services.autoscaling: [VERIFY]    Verifying Auto Scaling is clean ...
2026-08-11 01:42:53 INFO     services.cloudformation: [VERIFY]    Verifying CloudFormation is clean ...
2026-08-11 01:42:53 INFO     services.ec2: [VERIFY]    Verifying EC2 is clean ...
2026-08-11 01:42:53 INFO     services.ecr: [VERIFY]    Verifying ECR is clean ...
2026-08-11 01:42:53 INFO     services.ecs: [VERIFY]    Verifying ECS is clean ...
2026-08-11 01:42:53 INFO     services.eks: [VERIFY]    Verifying EKS is clean ...
2026-08-11 01:42:53 INFO     services.elasticbeanstalk: [VERIFY]    Verifying Elastic Beanstalk is clean ...
2026-08-11 01:42:53 INFO     services.elb: [VERIFY]    Verifying ELB (v2 + classic) is clean ...
2026-08-11 01:42:53 INFO     services.eventbridge: [VERIFY]    Verifying EventBridge is clean ...
2026-08-11 01:42:53 INFO     services.iam: [VERIFY]    Verifying IAM is clean ...
2026-08-11 01:42:53 INFO     services.kms: [VERIFY]    Verifying KMS is clean (or all customer keys scheduled for deletion) ...
2026-08-11 01:42:53 INFO     services.lambda: [VERIFY]    Verifying Lambda is clean ...
2026-08-11 01:42:53 INFO     services.rds: [VERIFY]    Verifying RDS is clean ...
2026-08-11 01:42:53 INFO     services.s3: [VERIFY]    Verifying S3 is clean ...
2026-08-11 01:42:53 INFO     services.ecr: [VERIFY]    ECR clean
2026-08-11 01:42:53 INFO     services.eks: [VERIFY]    EKS clean
2026-08-11 01:42:53 INFO     services.elasticbeanstalk: [VERIFY]    Elastic Beanstalk clean
2026-08-11 01:42:53 INFO     services.cloudformation: [VERIFY]    CloudFormation clean
2026-08-11 01:42:53 INFO     services.rds: [VERIFY]    RDS clean
2026-08-11 01:42:53 INFO     services.s3: [VERIFY]    S3 clean
2026-08-11 01:42:53 INFO     services.ecs: [VERIFY]    ECS clean
2026-08-11 01:42:53 INFO     services.elb: [VERIFY]    ELB clean
2026-08-11 01:42:53 INFO     services.lambda: [VERIFY]    Lambda clean
2026-08-11 01:42:53 INFO     services.autoscaling: [VERIFY]    Auto Scaling clean
2026-08-11 01:42:53 INFO     services.eventbridge: [VERIFY]    EventBridge clean
2026-08-11 01:42:54 INFO     services.apigateway: [VERIFY]    API Gateway clean
2026-08-11 01:42:54 INFO     services.ec2: [VERIFY]    EC2 clean
2026-08-11 01:42:55 INFO     services.kms: [VERIFY]    KMS clean (0 customer keys scheduled for deletion, pending their waiting period)
2026-08-11 01:42:55 INFO     services.iam: [VERIFY]    IAM FAIL - 1 resources remain
2026-08-11 01:43:01 INFO     services.application-autoscaling: [VERIFY]    Application Auto Scaling clean
2026-08-11 01:43:01 INFO     orchestrator: [VERIFY]    Verification pass 4/5 found remaining resources in ['iam']; retrying in 15s
2026-08-11 01:43:16 INFO     services.apigateway: [VERIFY]    Verifying API Gateway is clean ...
2026-08-11 01:43:16 INFO     services.application-autoscaling: [VERIFY]    Verifying Application Auto Scaling is clean ...
2026-08-11 01:43:16 INFO     services.autoscaling: [VERIFY]    Verifying Auto Scaling is clean ...
2026-08-11 01:43:16 INFO     services.cloudformation: [VERIFY]    Verifying CloudFormation is clean ...
2026-08-11 01:43:16 INFO     services.ec2: [VERIFY]    Verifying EC2 is clean ...
2026-08-11 01:43:16 INFO     services.ecr: [VERIFY]    Verifying ECR is clean ...
2026-08-11 01:43:16 INFO     services.ecs: [VERIFY]    Verifying ECS is clean ...
2026-08-11 01:43:16 INFO     services.eks: [VERIFY]    Verifying EKS is clean ...
2026-08-11 01:43:16 INFO     services.elasticbeanstalk: [VERIFY]    Verifying Elastic Beanstalk is clean ...
2026-08-11 01:43:16 INFO     services.elb: [VERIFY]    Verifying ELB (v2 + classic) is clean ...
2026-08-11 01:43:16 INFO     services.eventbridge: [VERIFY]    Verifying EventBridge is clean ...
2026-08-11 01:43:16 INFO     services.iam: [VERIFY]    Verifying IAM is clean ...
2026-08-11 01:43:16 INFO     services.kms: [VERIFY]    Verifying KMS is clean (or all customer keys scheduled for deletion) ...
2026-08-11 01:43:16 INFO     services.lambda: [VERIFY]    Verifying Lambda is clean ...
2026-08-11 01:43:16 INFO     services.rds: [VERIFY]    Verifying RDS is clean ...
2026-08-11 01:43:16 INFO     services.s3: [VERIFY]    Verifying S3 is clean ...
2026-08-11 01:43:16 INFO     services.elasticbeanstalk: [VERIFY]    Elastic Beanstalk clean
2026-08-11 01:43:16 INFO     services.ecr: [VERIFY]    ECR clean
2026-08-11 01:43:16 INFO     services.eks: [VERIFY]    EKS clean
2026-08-11 01:43:16 INFO     services.cloudformation: [VERIFY]    CloudFormation clean
2026-08-11 01:43:16 INFO     services.rds: [VERIFY]    RDS clean
2026-08-11 01:43:16 INFO     services.s3: [VERIFY]    S3 clean
2026-08-11 01:43:16 INFO     services.ecs: [VERIFY]    ECS clean
2026-08-11 01:43:16 INFO     services.elb: [VERIFY]    ELB clean
2026-08-11 01:43:16 INFO     services.lambda: [VERIFY]    Lambda clean
2026-08-11 01:43:16 INFO     services.eventbridge: [VERIFY]    EventBridge clean
2026-08-11 01:43:16 INFO     services.kms: [VERIFY]    KMS clean (0 customer keys scheduled for deletion, pending their waiting period)
2026-08-11 01:43:17 INFO     services.ec2: [VERIFY]    EC2 clean
2026-08-11 01:43:17 INFO     services.apigateway: [VERIFY]    API Gateway clean
2026-08-11 01:43:17 INFO     services.iam: [VERIFY]    IAM FAIL - 1 resources remain
2026-08-11 01:43:18 INFO     services.autoscaling: [VERIFY]    Auto Scaling clean
2026-08-11 01:43:21 INFO     services.application-autoscaling: [VERIFY]    Application Auto Scaling clean
2026-08-11 01:43:21 INFO     orchestrator: Verification written to logs/reports/070640552464/ap-south-1/verification_final.json
2026-08-11 01:43:21 ERROR    orchestrator: [ERROR]     Final verification: FAIL
2026-08-11 01:43:21 INFO     orchestrator: PHASE 6 - Report generation
2026-08-11 01:43:21 INFO     cleanup_engine: ======================================================================
2026-08-11 01:43:21 INFO     cleanup_engine: Account cleanup result: FAIL
2026-08-11 01:43:21 INFO     cleanup_engine: Reusable: False
2026-08-11 01:43:21 INFO     cleanup_engine: Remaining resources: 1
2026-08-11 01:43:21 INFO     cleanup_engine: ======================================================================
